key,jobId,reqId,title,location,locationM,sa,city,state,category,careerArea,type,salary,loc,locationtype,relevance,date,initialClass,missingFilters,company,distance,desc,url,applyUrl,applyUrlTarget,cf5,cf8,saved
104626,"Req184496<i class=""fas fa-calendar-alt""></i>Full Time<i class=""fas fa-street-view""></i>Onsite",Req184496,Delivery Coordinator,ON - Vaughan,"Vaughan, ON  L4H 3V1",8966 Huntington Rd,Vaughan,Ontario,Supply Chain,Corporate,Full Time,,"8966 Huntington Rd, Vaughan, ON  L4H 3V1",Onsite,1,1781901453,,[],"{'name': 'The Home Depot Canada', 'key': 'hd', 'logo': '/build/images/static/logo.8eb14c19.png', 'icon': '/build/images/static/logo.8eb14c19.png'}",5.322527104945006,,https://careers.homedepot.ca/job-view/delivery-coordinator-job-posting-3-144641,https://homedepot.wd5.myworkdayjobs.com/CareerDepotCanada/job/VAUGHAN-DC---7275/Delivery-Coordinator_Req184496/apply?source=Careers.Homedepot.ca,_blank,,"CAN SSC Salary External GQ - July 16,2024",
107533,"Req185820<i class=""fas fa-calendar-alt""></i>Other<i class=""fas fa-street-view""></i>Onsite",Req185820,Direct Fulfillment Analyst (Appliances),ON - Vaughan,"Vaughan, ON  L4H 3V1",8966 Huntington Rd,Vaughan,Ontario,Supply Chain,Corporate,Other,,"8966 Huntington Rd, Vaughan, ON  L4H 3V1",Onsite,2,1783363036,,[],"{'name': 'The Home Depot Canada', 'key': 'hd', 'logo': '/build/images/static/logo.8eb14c19.png', 'icon': '/build/images/static/logo.8eb14c19.png'}",5.322527104945006,,https://careers.homedepot.ca/job-view/direct-fulfillment-analyst-appliances-job-posting-3-147674,https://homedepot.wd5.myworkdayjobs.com/CareerDepotCanada/job/VAUGHAN-DC---7275/Direct-Fulfillment-Analyst--Appliances-_Req185820/apply?source=Careers.Homedepot.ca,_blank,,"CAN SSC Salary External GQ - July 16,2024",
111649,"Req188390<i class=""fas fa-calendar-alt""></i>Full Time<i class=""fas fa-street-view""></i>Onsite",Req188390,Business Analyst,ON - Vaughan,"Vaughan, ON  L4H 3V1",8966 Huntington Rd,Vaughan,Ontario,Shared Corporate Job Families,Corporate,Full Time,,"8966 Huntington Rd, Vaughan, ON  L4H 3V1",Onsite,3,1785350252,,[],"{'name': 'The Home Depot Canada', 'key': 'hd', 'logo': '/build/images/static/logo.8eb14c19.png', 'icon': '/build/images/static/logo.8eb14c19.png'}",5.322527104945006,,https://careers.homedepot.ca/job-view/business-analyst-job-posting-3-152009,https://homedepot.wd5.myworkdayjobs.com/CareerDepotCanada/job/VAUGHAN-DC---7275/Business-Analyst_Req188390/apply?source=Careers.Homedepot.ca,_blank,,"CAN SSC Salary External GQ - July 16,2024",
112266,"Req188106<i class=""fas fa-calendar-alt""></i>Full Time<i class=""fas fa-street-view""></i>Onsite",Req188106,General Maintenance Associate (S3) : 5:00am - 5:30pm / Friday to Sunday (VAUGHAN DC),ON - Vaughan,"Vaughan, ON  L4H 3V1",8966 Huntington Rd,Vaughan,Ontario,Supply Chain,Field,Full Time,,"8966 Huntington Rd, Vaughan, ON  L4H 3V1",Onsite,4,1785533861,,[],"{'name': 'The Home Depot Canada', 'key': 'hd', 'logo': '/build/images/static/logo.8eb14c19.png', 'icon': '/build/images/static/logo.8eb14c19.png'}",5.322527104945006,,https://careers.homedepot.ca/job-view/general-maintenance-associate-s3-5-00am-5-30pm-friday-to-sunday-vaughan-dc-job-posting-3-152436,https://homedepot.wd5.myworkdayjobs.com/CareerDepotCanada/job/VAUGHAN-DC---7275/General-Maintenance-Associate--S3----5-00am---5-30pm---Friday-to-Sunday---VAUGHAN-DC-_Req188106/apply?source=Careers.Homedepot.ca,_blank,,"CAN Hourly External GQ - March 27,2025",
111434,"Req187858<i class=""fas fa-calendar-alt""></i>Part Time<i class=""fas fa-street-view""></i>Onsite",Req187858,Plumbing/Electrical Sales Part Time- BRAMPTON E,ON - Brampton,"Brampton, ON  L6S 0B8",9105 Airport Road,Brampton,Ontario,Stores/Operations,Retail Store,Part Time,,"9105 Airport Road, Brampton, ON  L6S 0B8",Onsite,5,1785271041,,[],"{'name': 'The Home Depot Canada', 'key': 'hd', 'logo': '/build/images/static/logo.8eb14c19.png', 'icon': '/build/images/static/logo.8eb14c19.png'}",5.385542404262941,,https://careers.homedepot.ca/job-view/plumbing-electrical-sales-part-time-brampton-e-job-posting-3-151807,https://homedepot.wd5.myworkdayjobs.com/CareerDepotCanada/job/BRAMPTON-EAST-STORE---7239/Plumbing-Electrical-Sales-Part-Time--BRAMPTON-E_Req187858/apply?source=Careers.Homedepot.ca,_blank,,"CAN Hourly External GQ - March 27,2025",
111526,"Req187859<i class=""fas fa-calendar-alt""></i>Full Time<i class=""fas fa-street-view""></i>Onsite",Req187859,Pro Account Sales Associate : Full Time (BRAMPTON EAST),ON - Brampton,"Brampton, ON  L6S 0B8",9105 Airport Road,Brampton,Ontario,Stores/Operations,Retail Store,Full Time,,"9105 Airport Road, Brampton, ON  L6S 0B8",Onsite,6,1785285439,,[],"{'name': 'The Home Depot Canada', 'key': 'hd', 'logo': '/build/images/static/logo.8eb14c19.png', 'icon': '/build/images/static/logo.8eb14c19.png'}",5.385542404262941,,https://careers.homedepot.ca/job-view/pro-account-sales-associate-full-time-brampton-east-job-posting-3-151695,https://homedepot.wd5.myworkdayjobs.com/CareerDepotCanada/job/BRAMPTON-EAST-STORE---7239/Pro-Account-Sales-Associate---Full-Time--BRAMPTON-EAST-_Req187859/apply?source=Careers.Homedepot.ca,_blank,,"CAN Hourly External GQ - March 27,2025",
111528,"Req187860<i class=""fas fa-calendar-alt""></i>Part Time<i class=""fas fa-street-view""></i>Onsite",Req187860,Merchandising Associate : Part Time (BRAMPTON EAST),ON - Brampton,"Brampton, ON  L6S 0B8",9105 Airport Road,Brampton,Ontario,Merchandising,Retail Store,Part Time,,"9105 Airport Road, Brampton, ON  L6S 0B8",Onsite,7,1785285439,,[],"{'name': 'The Home Depot Canada', 'key': 'hd', 'logo': '/build/images/static/logo.8eb14c19.png', 'icon': '/build/images/static/logo.8eb14c19.png'}",5.385542404262941,,https://careers.homedepot.ca/job-view/merchandising-associate-part-time-brampton-east-job-posting-3-151704,https://homedepot.wd5.myworkdayjobs.com/CareerDepotCanada/job/BRAMPTON-EAST-STORE---7239/Merchandising-Associate---Part-Time--BRAMPTON-EAST-_Req187860/apply?source=Careers.Homedepot.ca,_blank,,"CAN Hourly External GQ - March 27,2025",
111530,"Req188194<i class=""fas fa-calendar-alt""></i>Part Time<i class=""fas fa-street-view""></i>Onsite",Req188194,Front End Associate : Part Time (BRAMPTON EAST),ON - Brampton,"Brampton, ON  L6S 0B8",9105 Airport Road,Brampton,Ontario,Stores/Operations,Retail Store,Part Time,,"9105 Airport Road, Brampton, ON  L6S 0B8",Onsite,8,1785285439,,[],"{'name': 'The Home Depot Canada', 'key': 'hd', 'logo': '/build/images/static/logo.8eb14c19.png', 'icon': '/build/images/static/logo.8eb14c19.png'}",5.385542404262941,,https://careers.homedepot.ca/job-view/front-end-associate-part-time-brampton-east-job-posting-3-151715,https://homedepot.wd5.myworkdayjobs.com/CareerDepotCanada/job/BRAMPTON-EAST-STORE---7239/Front-End-Associate---Part-Time--BRAMPTON-EAST-_Req188194/apply?source=Careers.Homedepot.ca,_blank,,"CAN Hourly External GQ - March 27,2025",
111624,"Req188393<i class=""fas fa-calendar-alt""></i>Part Time<i class=""fas fa-street-view""></i>Onsite",Req188393,Sales Associate Part Time - BRAMPTON S,ON - Brampton,"Brampton, ON  L6W 4R8",49 First Gulf Boulevard,Brampton,Ontario,Stores/Operations,Retail Store,Part Time,,"49 First Gulf Boulevard, Brampton, ON  L6W 4R8",Onsite,9,1785346650,,[],"{'name': 'The Home Depot Canada', 'key': 'hd', 'logo': '/build/images/static/logo.8eb14c19.png', 'icon': '/build/images/static/logo.8eb14c19.png'}",7.819208128491261,,https://careers.homedepot.ca/job-view/sales-associate-part-time-brampton-s-job-posting-3-151874,https://homedepot.wd5.myworkdayjobs.com/CareerDepotCanada/job/BRAMPTON-STORE---7006/Sales-Associate-Part-Time---BRAMPTON-S_Req188393/apply?source=Careers.Homedepot.ca,_blank,,"CAN Hourly External GQ - March 27,2025",
111627,"Req188394<i class=""fas fa-calendar-alt""></i>Part Time<i class=""fas fa-street-view""></i>Onsite",Req188394,Overnight Freight Associate Part Time - BRAMPTON S,ON - Brampton,"Brampton, ON  L6W 4R8",49 First Gulf Boulevard,Brampton,Ontario,Stores/Operations,Retail Store,Part Time,,"49 First Gulf Boulevard, Brampton, ON  L6W 4R8",Onsite,10,1785346650,,[],"{'name': 'The Home Depot Canada', 'key': 'hd', 'logo': '/build/images/static/logo.8eb14c19.png', 'icon': '/build/images/static/logo.8eb14c19.png'}",7.819208128491261,,https://careers.homedepot.ca/job-view/overnight-freight-associate-part-time-brampton-s-job-posting-3-151997,https://homedepot.wd5.myworkdayjobs.com/CareerDepotCanada/job/BRAMPTON-STORE---7006/Overnight-Freight-Associate-Part-Time---BRAMPTON-S_Req188394/apply?source=Careers.Homedepot.ca,_blank,,"CAN External Hourly Overnights GQ - March 27,2025",
112338,"Req186993<i class=""fas fa-calendar-alt""></i>Part Time<i class=""fas fa-street-view""></i>Onsite",Req186993,"Service Desk Associate "" Part Time (BOLTON)",ON - Bolton,"Bolton, ON  L7E 4G1",12760 Highway # 50 ,Bolton,Ontario,Stores/Operations,Retail Store,Part Time,,"12760 Highway # 50 , Bolton, ON  L7E 4G1",Onsite,11,1785544651,new-job,[],"{'name': 'The Home Depot Canada', 'key': 'hd', 'logo': '/build/images/static/logo.8eb14c19.png', 'icon': '/build/images/static/logo.8eb14c19.png'}",10.37472766802675,,https://careers.homedepot.ca/job-view/service-desk-associate-part-time-bolton-job-posting-3-152637,https://homedepot.wd5.myworkdayjobs.com/CareerDepotCanada/job/BOLTON-STORE---7269/Service-Desk-Associate-Part-Time----BOLTON_Req186993/apply?source=Careers.Homedepot.ca,_blank,,"CAN Hourly External GQ - March 27,2025",
112321,"Req188635<i class=""fas fa-calendar-alt""></i>Part Time<i class=""fas fa-street-view""></i>Onsite",Req188635,Merchandising Associate : Part Time (MISSISSAUGA BRITANNIA),ON - Mississauga,"Mississauga, ON  L5V 3E4",5975 Terry Fox Way,Mississauga,Ontario,Merchandising,Retail Store,Part Time,,"5975 Terry Fox Way, Mississauga, ON  L5V 3E4",Onsite,12,1785541058,new-job,[],"{'name': 'The Home Depot Canada', 'key': 'hd', 'logo': '/build/images/static/logo.8eb14c19.png', 'icon': '/build/images/static/logo.8eb14c19.png'}",10.902646851298407,,https://careers.homedepot.ca/job-view/merchandising-associate-part-time-mississauga-britannia-job-posting-3-152607,https://homedepot.wd5.myworkdayjobs.com/CareerDepotCanada/job/MISSISSAUGA-BRITANNIA-STORE---7132/Merchandising-Associate---Part-Time--MISSISSAUGA-BRITANNIA-_Req188635/apply?source=Careers.Homedepot.ca,_blank,,"CAN Hourly External GQ - March 27,2025",
96476,"Req180412<i class=""fas fa-calendar-alt""></i>Full Time<i class=""fas fa-street-view""></i>Hybrid",Req180412,Senior Software Developer (Askuity division),ON - Toronto,"Toronto, ON  M5V 1K4",461 King Street West,Toronto,Ontario,JOB_FAMILY-3-111,Corporate,Full Time,,"461 King Street West, Toronto, ON  M5V 1K4",Hybrid,13,1778769460,,[],"{'name': 'The Home Depot Canada', 'key': 'hd', 'logo': '/build/images/static/logo.8eb14c19.png', 'icon': '/build/images/static/logo.8eb14c19.png'}",11.805809281488427,,https://careers.homedepot.ca/job-view/senior-software-developer-askuity-division-job-posting-3-136732,https://homedepot.wd5.myworkdayjobs.com/CareerDepotCanada/job/ASKUITY-OFFICE-TORONTO---2595/Senior-Software-Developer--Askuity-division-_Req180412/apply?source=Careers.Homedepot.ca,_blank,,"CAN SSC Salary External GQ - July 16,2024",
99526,"Req181849<i class=""fas fa-calendar-alt""></i>Full Time<i class=""fas fa-street-view""></i>Hybrid",Req181849,Scrum Master (Askuity division),ON - Toronto,"Toronto, ON  M5V 1K4",461 King Street West,Toronto,Ontario,Information Technology,Corporate,Full Time,,"461 King Street West, Toronto, ON  M5V 1K4",Hybrid,14,1779896282,,[],"{'name': 'The Home Depot Canada', 'key': 'hd', 'logo': '/build/images/static/logo.8eb14c19.png', 'icon': '/build/images/static/logo.8eb14c19.png'}",11.805809281488427,,https://careers.homedepot.ca/job-view/scrum-master-askuity-division-job-posting-3-139460,https://homedepot.wd5.myworkdayjobs.com/CareerDepotCanada/job/ASKUITY-OFFICE-TORONTO---2595/Scrum-Master--Askuity-division-_Req181849/apply?source=Careers.Homedepot.ca,_blank,,"CAN SSC Salary External GQ - July 16,2024",
105983,"Req185162<i class=""fas fa-calendar-alt""></i>Full Time<i class=""fas fa-street-view""></i>Hybrid",Req185162,"Manager, Human Resources (Askuity division)",ON - Toronto,"Toronto, ON  M5V 1K4",461 King Street West,Toronto,Ontario,Human Resources,Corporate,Full Time,,"461 King Street West, Toronto, ON  M5V 1K4",Hybrid,15,1782481049,,[],"{'name': 'The Home Depot Canada', 'key': 'hd', 'logo': '/build/images/static/logo.8eb14c19.png', 'icon': '/build/images/static/logo.8eb14c19.png'}",11.805809281488427,,https://careers.homedepot.ca/job-view/manager-human-resources-askuity-division-job-posting-3-145933,https://homedepot.wd5.myworkdayjobs.com/CareerDepotCanada/job/ASKUITY-OFFICE-TORONTO---2595/Manager--Human-Resources--Askuity-division-_Req185162/apply?source=Careers.Homedepot.ca,_blank,,"CAN SSC Salary External GQ - July 16,2024",
111622,"Req188375<i class=""fas fa-calendar-alt""></i>Full Time<i class=""fas fa-street-view""></i>Hybrid",Req188375,"Manager, Data Science (Askuity division)",ON - Toronto,"Toronto, ON  M5V 1K4",461 King Street West,Toronto,Ontario,Shared Corporate Job Families,Corporate,Full Time,,"461 King Street West, Toronto, ON  M5V 1K4",Hybrid,16,1785346650,,[],"{'name': 'The Home Depot Canada', 'key': 'hd', 'logo': '/build/images/static/logo.8eb14c19.png', 'icon': '/build/images/static/logo.8eb14c19.png'}",11.805809281488427,,https://careers.homedepot.ca/job-view/manager-data-science-askuity-division-job-posting-3-151831,https://homedepot.wd5.myworkdayjobs.com/CareerDepotCanada/job/ASKUITY-OFFICE-TORONTO---2595/Manager--Data-Science--Askuity-division-_Req188375/apply?source=Careers.Homedepot.ca,_blank,,"CAN SSC Salary External GQ - July 16,2024",
112350,"Req186556<i class=""fas fa-calendar-alt""></i>Part Time<i class=""fas fa-street-view""></i>Onsite",Req186556,Freight Associate : Part Time *MISSISSAUGA S*,ON - Mississauga,"Mississauga, ON  L5C 1T7",3065 Mavis Road,Mississauga,Ontario,Stores/Operations,Retail Store,Part Time,,"3065 Mavis Road, Mississauga, ON  L5C 1T7",Onsite,17,1785602255,new-job,[],"{'name': 'The Home Depot Canada', 'key': 'hd', 'logo': '/build/images/static/logo.8eb14c19.png', 'icon': '/build/images/static/logo.8eb14c19.png'}",12.293797246691044,,https://careers.homedepot.ca/job-view/freight-associate-part-time-mississauga-s-job-posting-3-152698,https://homedepot.wd5.myworkdayjobs.com/CareerDepotCanada/job/MISSISSAUGA-SOUTH-STORE---7112/Freight-Associate---Part-Time--MISSISSAUGA-S-_Req186556-1/apply?source=Careers.Homedepot.ca,_blank,,"CAN External Hourly Overnights GQ - March 27,2025",
111533,"Req188321<i class=""fas fa-calendar-alt""></i>Part Time<i class=""fas fa-street-view""></i>Onsite",Req188321,Sales Associate : Part Time (BRAMPTON WEST),ON - Brampton,"Brampton, ON  L6X 0Z8",9515 Mississauga Road,Brampton,Ontario,Stores/Operations,Retail Store,Part Time,,"9515 Mississauga Road, Brampton, ON  L6X 0Z8",Onsite,18,1785285440,,[],"{'name': 'The Home Depot Canada', 'key': 'hd', 'logo': '/build/images/static/logo.8eb14c19.png', 'icon': '/build/images/static/logo.8eb14c19.png'}",12.761503866695712,,https://careers.homedepot.ca/job-view/sales-associate-part-time-brampton-west-job-posting-3-151745,https://homedepot.wd5.myworkdayjobs.com/CareerDepotCanada/job/BRAMPTON-WEST-STORE---7301/Sales-Associate---Part-Time--BRAMPTON-WEST-_Req188321/apply?source=Careers.Homedepot.ca,_blank,,"CAN Hourly External GQ - March 27,2025",
106030,"Req185221<i class=""fas fa-calendar-alt""></i>Other<i class=""fas fa-street-view""></i>Onsite",Req185221,Replenishment Analyst (For Future Opportunities),ON - Toronto,"Toronto, ON  M3C 4H9",1 Concorde Gate,Toronto,Ontario,Merchandising,Corporate,Other,,"1 Concorde Gate, Toronto, ON  M3C 4H9",Onsite,19,1782487589,,[],"{'name': 'The Home Depot Canada', 'key': 'hd', 'logo': '/build/images/static/logo.8eb14c19.png', 'icon': '/build/images/static/logo.8eb14c19.png'}",12.955217667296765,,https://careers.homedepot.ca/job-view/replenishment-analyst-for-future-opportunities-job-posting-3-146082,https://homedepot.wd5.myworkdayjobs.com/CareerDepotCanada/job/CANADA-STORE-SUPPORT-CENTER---7000/Replenishment-Analyst_Req185221/apply?source=Careers.Homedepot.ca,_blank,,"CAN SSC Salary External GQ - July 16,2024",
110328,"Req184880<i class=""fas fa-calendar-alt""></i>Full Time<i class=""fas fa-street-view""></i>",Req184880,ARCHITECT TECHNOLOGY– SALESFORCE,ON - Toronto,"Toronto, ON  M3C 4H9",1 Concorde Gate,Toronto,Ontario,Information Technology,Corporate,Full Time,,"1 Concorde Gate, Toronto, ON  M3C 4H9",,20,1784659047,,[],"{'name': 'The Home Depot Canada', 'key': 'hd', 'logo': '/build/images/static/logo.8eb14c19.png', 'icon': '/build/images/static/logo.8eb14c19.png'}",12.955217667296765,,https://careers.homedepot.ca/job-view/architect-technology-salesforce-job-posting-3-150216,https://homedepot.wd5.myworkdayjobs.com/CareerDepotCanada/job/CANADA-STORE-SUPPORT-CENTER---7000/ARCHITECT-TECHNOLOGY--SALESFORCE_Req184880/apply?source=Careers.Homedepot.ca,_blank,,"CAN SSC Salary External GQ - July 16,2024",
110745,"Req187785<i class=""fas fa-calendar-alt""></i>Other<i class=""fas fa-street-view""></i>Onsite",Req187785,ECommerce Brand Advocate Analyst,ON - Toronto,"Toronto, ON  M3C 4H9",1 Concorde Gate,Toronto,Ontario,HD Direct,Corporate,Other,,"1 Concorde Gate, Toronto, ON  M3C 4H9",Onsite,21,1784828247,,[],"{'name': 'The Home Depot Canada', 'key': 'hd', 'logo': '/build/images/static/logo.8eb14c19.png', 'icon': '/build/images/static/logo.8eb14c19.png'}",12.955217667296765,,https://careers.homedepot.ca/job-view/ecommerce-brand-advocate-analyst-job-posting-3-151017,https://homedepot.wd5.myworkdayjobs.com/CareerDepotCanada/job/CANADA-STORE-SUPPORT-CENTER---7000/ECommerce-Brand-Advocate-Analyst_Req187785-1/apply?source=Careers.Homedepot.ca,_blank,,"CAN SSC Salary External GQ - July 16,2024",
111645,"Req188391<i class=""fas fa-calendar-alt""></i>Full Time<i class=""fas fa-street-view""></i>Onsite",Req188391,Replenishment Analyst,ON - Toronto,"Toronto, ON  M3C 4H9",1 Concorde Gate,Toronto,Ontario,Merchandising,Corporate,Full Time,,"1 Concorde Gate, Toronto, ON  M3C 4H9",Onsite,22,1785350252,,[],"{'name': 'The Home Depot Canada', 'key': 'hd', 'logo': '/build/images/static/logo.8eb14c19.png', 'icon': '/build/images/static/logo.8eb14c19.png'}",12.955217667296765,,https://careers.homedepot.ca/job-view/replenishment-analyst-job-posting-3-151903,https://homedepot.wd5.myworkdayjobs.com/CareerDepotCanada/job/CANADA-STORE-SUPPORT-CENTER---7000/Replenishment-Analyst_Req188391/apply?source=Careers.Homedepot.ca,_blank,,"CAN SSC Salary External GQ - July 16,2024",
112120,"Req188492<i class=""fas fa-calendar-alt""></i>Full Time<i class=""fas fa-street-view""></i>Onsite",Req188492,Web Analytics Lead,ON - Toronto,"Toronto, ON  M3C 4H9",1 Concorde Gate,Toronto,Ontario,Shared Corporate Job Families,Corporate,Full Time,,"1 Concorde Gate, Toronto, ON  M3C 4H9",Onsite,23,1785505055,,[],"{'name': 'The Home Depot Canada', 'key': 'hd', 'logo': '/build/images/static/logo.8eb14c19.png', 'icon': '/build/images/static/logo.8eb14c19.png'}",12.955217667296765,,https://careers.homedepot.ca/job-view/web-analytics-lead-job-posting-3-152293,https://homedepot.wd5.myworkdayjobs.com/CareerDepotCanada/job/CANADA-STORE-SUPPORT-CENTER---7000/Web-Analytics-Lead_Req188492/apply?source=Careers.Homedepot.ca,_blank,,"CAN SSC Salary External GQ - July 16,2024",
112126,"Req188530<i class=""fas fa-calendar-alt""></i>Full Time<i class=""fas fa-street-view""></i>Onsite",Req188530,SENIOR ANALYST PRICING,ON - Toronto,"Toronto, ON  M3C 4H9",1 Concorde Gate,Toronto,Ontario,Merchandising,Retail Store,Full Time,,"1 Concorde Gate, Toronto, ON  M3C 4H9",Onsite,24,1785505055,,[],"{'name': 'The Home Depot Canada', 'key': 'hd', 'logo': '/build/images/static/logo.8eb14c19.png', 'icon': '/build/images/static/logo.8eb14c19.png'}",12.955217667296765,,https://careers.homedepot.ca/job-view/senior-analyst-pricing-job-posting-3-152399,https://homedepot.wd5.myworkdayjobs.com/CareerDepotCanada/job/CANADA-STORE-SUPPORT-CENTER---7000/SENIOR-ANALYST-PRICING_Req188530/apply?source=Careers.Homedepot.ca,_blank,,"CAN SSC Salary External GQ - July 16,2024",
111524,"Req187995<i class=""fas fa-calendar-alt""></i>Full Time<i class=""fas fa-street-view""></i>Onsite",Req187995,Overnight Supervisor : Full Time (TORONTO CURITY),ON - Toronto,"Toronto, ON  M4B 3L8",7 Curity Avenue,Toronto,Ontario,Stores/Operations,Retail Store,Full Time,,"7 Curity Avenue, Toronto, ON  M4B 3L8",Onsite,25,1785285439,,[],"{'name': 'The Home Depot Canada', 'key': 'hd', 'logo': '/build/images/static/logo.8eb14c19.png', 'icon': '/build/images/static/logo.8eb14c19.png'}",13.901164657486017,,https://careers.homedepot.ca/job-view/overnight-supervisor-full-time-toronto-curity-job-posting-3-151586,https://homedepot.wd5.myworkdayjobs.com/CareerDepotCanada/job/CURITY-STORE---7012/Overnight-Supervisor---Full-Time--TORONTO-CURITY-_Req187995/apply?source=Careers.Homedepot.ca,_blank,,"CAN External Hourly Overnights GQ - March 27,2025",
111535,"Req187970<i class=""fas fa-calendar-alt""></i>Full Time<i class=""fas fa-street-view""></i>Onsite",Req187970,Overnight Freight Associate : Full Time (TORONTO CURITY),ON - Toronto,"Toronto, ON  M4B 3L8",7 Curity Avenue,Toronto,Ontario,Stores/Operations,Retail Store,Full Time,,"7 Curity Avenue, Toronto, ON  M4B 3L8",Onsite,26,1785285440,,[],"{'name': 'The Home Depot Canada', 'key': 'hd', 'logo': '/build/images/static/logo.8eb14c19.png', 'icon': '/build/images/static/logo.8eb14c19.png'}",13.901164657486017,,https://careers.homedepot.ca/job-view/overnight-freight-associate-full-time-toronto-curity-job-posting-3-151813,https://homedepot.wd5.myworkdayjobs.com/CareerDepotCanada/job/CURITY-STORE---7012/Overnight-Freight-Associate---Full-Time--TORONTO-CURITY-_Req187970/apply?source=Careers.Homedepot.ca,_blank,,"CAN External Hourly Overnights GQ - March 27,2025",
111490,"Req188062<i class=""fas fa-calendar-alt""></i>Part Time<i class=""fas fa-street-view""></i>Onsite",Req188062,Plumbing & Electrical Sales Associate : Part Time (OAKVILLE),ON - Oakville,"Oakville, ON  L6H 5W9",2555 Bristol Circle,Oakville,Ontario,Stores/Operations,Retail Store,Part Time,,"2555 Bristol Circle, Oakville, ON  L6H 5W9",Onsite,27,1785281842,,[],"{'name': 'The Home Depot Canada', 'key': 'hd', 'logo': '/build/images/static/logo.8eb14c19.png', 'icon': '/build/images/static/logo.8eb14c19.png'}",16.331794384286614,,https://careers.homedepot.ca/job-view/plumbing-electrical-sales-associate-part-time-oakville-job-posting-3-151676,https://homedepot.wd5.myworkdayjobs.com/CareerDepotCanada/job/OAKVILLE-STORE---7003/Plumbing---Electrical-Sales-Associate---Part-Time--OAKVILLE-_Req188062/apply?source=Careers.Homedepot.ca,_blank,,"CAN Hourly External GQ - March 27,2025",
111773,"Req188411<i class=""fas fa-calendar-alt""></i>Part Time<i class=""fas fa-street-view""></i>Onsite",Req188411,Merchandising Associate : Part Time (MILTON),ON - Milton,"Milton, ON  L9T 0A5",1013 Maple Avenue,Milton,Ontario,Merchandising,Retail Store,Part Time,,"1013 Maple Avenue, Milton, ON  L9T 0A5",Onsite,28,1785371846,,[],"{'name': 'The Home Depot Canada', 'key': 'hd', 'logo': '/build/images/static/logo.8eb14c19.png', 'icon': '/build/images/static/logo.8eb14c19.png'}",20.288598940401602,,https://careers.homedepot.ca/job-view/merchandising-associate-part-time-milton-job-posting-3-151995,https://homedepot.wd5.myworkdayjobs.com/CareerDepotCanada/job/MILTON-STORE---7241/Merchandising-Associate---Part-Time--MILTON-_Req188411/apply?source=Careers.Homedepot.ca,_blank,,"CAN Hourly External GQ - March 27,2025",
112156,"Req181835<i class=""fas fa-calendar-alt""></i>Full Time<i class=""fas fa-street-view""></i>Onsite",Req181835,Department Supervisor Pro and Tool Rental Full Time (NEWMARKET),ON - Newmarket,"Newmarket, ON  L3Y 8S1",17850 Yonge Street,Newmarket,Ontario,Stores/Operations,Retail Store,Full Time,,"17850 Yonge Street, Newmarket, ON  L3Y 8S1",Onsite,29,1785508649,,[],"{'name': 'The Home Depot Canada', 'key': 'hd', 'logo': '/build/images/static/logo.8eb14c19.png', 'icon': '/build/images/static/logo.8eb14c19.png'}",22.60306891554965,,https://careers.homedepot.ca/job-view/department-supervisor-pro-and-tool-rental-full-time-newmarket-job-posting-3-152428,https://homedepot.wd5.myworkdayjobs.com/CareerDepotCanada/job/NEWMARKET-STORE---7030/Department-Supervisor-Pro-and-Tool-Rental-Full-Time--NEWMARKET-_Req181835-1/apply?source=Careers.Homedepot.ca,_blank,,"CAN Hourly External GQ - March 27,2025",
111827,"Req185992<i class=""fas fa-calendar-alt""></i>Part Time<i class=""fas fa-street-view""></i>Onsite",Req185992,Merchandising Associate - Part Time 6 Month Contract (Bradford),ON - Bradford,"Bradford, ON  L3Z 0A2",470 Holland Street West,Bradford,Ontario,Merchandising,Retail Store,Part Time,,"470 Holland Street West, Bradford, ON  L3Z 0A2",Onsite,30,1785422248,,[],"{'name': 'The Home Depot Canada', 'key': 'hd', 'logo': '/build/images/static/logo.8eb14c19.png', 'icon': '/build/images/static/logo.8eb14c19.png'}",25.043971390691887,,https://careers.homedepot.ca/job-view/merchandising-associate-part-time-6-month-contract-bradford-job-posting-3-151955,https://homedepot.wd5.myworkdayjobs.com/CareerDepotCanada/job/BRADFORD-STORE---7264/Merchandising-Associate---Part-Time-6-Month-Contract--Bradford-_Req185992-1/apply?source=Careers.Homedepot.ca,_blank,,"CAN Hourly External GQ - March 27,2025",
111551,"Req188329<i class=""fas fa-calendar-alt""></i>Part Time<i class=""fas fa-street-view""></i>Onsite",Req188329,Merchandising Execution Associate - 6 Month Contract Part Time (ORANGEVILLE),ON - Orangeville,"Orangeville, ON  L9W 1G7",49 Fourth Avenue,Orangeville,Ontario,Merchandising,Retail Store,Part Time,,"49 Fourth Avenue, Orangeville, ON  L9W 1G7",Onsite,31,1785332244,,[],"{'name': 'The Home Depot Canada', 'key': 'hd', 'logo': '/build/images/static/logo.8eb14c19.png', 'icon': '/build/images/static/logo.8eb14c19.png'}",28.239119035653168,,https://careers.homedepot.ca/job-view/merchandising-execution-associate-6-month-contract-part-time-orangeville-job-posting-3-151859,https://homedepot.wd5.myworkdayjobs.com/CareerDepotCanada/job/ORANGEVILLE-STORE---7167/Merchandising-Execution-Associate---6-Month-Contract-Part-Time--ORANGEVILLE-_Req188329/apply?source=Careers.Homedepot.ca,_blank,,"CAN Hourly External GQ - March 27,2025",
111239,"Req187996<i class=""fas fa-calendar-alt""></i>Part Time<i class=""fas fa-street-view""></i>Onsite",Req187996,Lot Associate : Part Time (BURLINGTON),ON - Burlington,"Burlington, ON  L7M 4M9",3050 Davidson Court,Burlington,Ontario,Stores/Operations,Retail Store,Part Time,,"3050 Davidson Court, Burlington, ON  L7M 4M9",Onsite,32,1785188250,,[],"{'name': 'The Home Depot Canada', 'key': 'hd', 'logo': '/build/images/static/logo.8eb14c19.png', 'icon': '/build/images/static/logo.8eb14c19.png'}",28.965985427515097,,https://careers.homedepot.ca/job-view/lot-associate-part-time-burlington-job-posting-3-151401,https://homedepot.wd5.myworkdayjobs.com/CareerDepotCanada/job/BURLINGTON-STORE---7021/Lot-Associate---Part-Time--BURLINGTON-_Req187996/apply?source=Careers.Homedepot.ca,_blank,,"CAN Hourly External GQ - March 27,2025",
111579,"Req186189<i class=""fas fa-calendar-alt""></i>Part Time<i class=""fas fa-street-view""></i>Onsite",Req186189,Overnight Freight Associate Part Time (BARRIE),ON - Barrie,"Barrie, ON  L4N 8V4",10 Barrie View Drive,Barrie,Ontario,Stores/Operations,Retail Store,Part Time,,"10 Barrie View Drive, Barrie, ON  L4N 8V4",Onsite,33,1785339450,,[],"{'name': 'The Home Depot Canada', 'key': 'hd', 'logo': '/build/images/static/logo.8eb14c19.png', 'icon': '/build/images/static/logo.8eb14c19.png'}",41.48269669517751,,https://careers.homedepot.ca/job-view/overnight-freight-associate-part-time-barrie-job-posting-3-151947,https://homedepot.wd5.myworkdayjobs.com/CareerDepotCanada/job/BARRIE-STORE---7024/Overnight-Freight-Associate-Part-Time--BARRIE-_Req186189/apply?source=Careers.Homedepot.ca,_blank,,"CAN External Hourly Overnights GQ - March 27,2025",
111085,"Req187802<i class=""fas fa-calendar-alt""></i>Part Time<i class=""fas fa-street-view""></i>Onsite",Req187802,Plumbing/Electrical Sales Part Time - CAMBRIDGE,ON - Cambridge,"Cambridge, ON  N1R 8E2",35 Pine Bush Drive,Cambridge,Ontario,Stores/Operations,Retail Store,Part Time,,"35 Pine Bush Drive, Cambridge, ON  N1R 8E2",Onsite,34,1785163042,,[],"{'name': 'The Home Depot Canada', 'key': 'hd', 'logo': '/build/images/static/logo.8eb14c19.png', 'icon': '/build/images/static/logo.8eb14c19.png'}",43.67713027852691,,https://careers.homedepot.ca/job-view/plumbing-electrical-sales-part-time-cambridge-job-posting-3-151428,https://homedepot.wd5.myworkdayjobs.com/CareerDepotCanada/job/CAMBRIDGE-STORE---7166/Plumbing-Electrical-Sales-Part-Time---CAMBRIDGE_Req187802/apply?source=Careers.Homedepot.ca,_blank,,"CAN Hourly External GQ - March 27,2025",
111501,"Req188239<i class=""fas fa-calendar-alt""></i>Full Time<i class=""fas fa-street-view""></i>Onsite",Req188239,Kitchen Designer : Full Time (CAMBRIDGE),ON - Cambridge,"Cambridge, ON  N1R 8E2",35 Pine Bush Drive,Cambridge,Ontario,Stores/Operations,Retail Store,Full Time,,"35 Pine Bush Drive, Cambridge, ON  N1R 8E2",Onsite,35,1785281842,,[],"{'name': 'The Home Depot Canada', 'key': 'hd', 'logo': '/build/images/static/logo.8eb14c19.png', 'icon': '/build/images/static/logo.8eb14c19.png'}",43.67713027852691,,https://careers.homedepot.ca/job-view/kitchen-designer-full-time-cambridge-job-posting-3-151820,https://homedepot.wd5.myworkdayjobs.com/CareerDepotCanada/job/CAMBRIDGE-STORE---7166/Kitchen-Designer---Full-Time--CAMBRIDGE-_Req188239/apply?source=Careers.Homedepot.ca,_blank,,"CAN Hourly External GQ - March 27,2025",
111429,"Req188271<i class=""fas fa-calendar-alt""></i>Part Time<i class=""fas fa-street-view""></i>Onsite",Req188271,Overnight Freight Associate - Part-Time (Peterborough),ON - Peterborough,"Peterborough, ON  K9J 8J7",500 Lansdowne Street West,Peterborough,Ontario,Stores/Operations,Retail Store,Part Time,,"500 Lansdowne Street West, Peterborough, ON  K9J 8J7",Onsite,36,1785271041,,[],"{'name': 'The Home Depot Canada', 'key': 'hd', 'logo': '/build/images/static/logo.8eb14c19.png', 'icon': '/build/images/static/logo.8eb14c19.png'}",73.14238550640012,,https://careers.homedepot.ca/job-view/overnight-freight-associate-part-time-peterborough-job-posting-3-151775,https://homedepot.wd5.myworkdayjobs.com/CareerDepotCanada/job/PETERBOROUGH-STORE---7116/Overnight-Freight-Associate---Part-Time---Peterborough-_Req188271/apply?source=Careers.Homedepot.ca,_blank,,"CAN External Hourly Overnights GQ - March 27,2025",
110020,"Req187329<i class=""fas fa-calendar-alt""></i>Part Time<i class=""fas fa-street-view""></i>Onsite",Req187329,Lot Associate Part-Time - 7244 Huntsville,ON - Huntsville,"Huntsville, ON  P1H 0A2",9 Ott Street,Huntsville,Ontario,Stores/Operations,Retail Store,Part Time,,"9 Ott Street, Huntsville, ON  P1H 0A2",Onsite,37,1784561856,,[],"{'name': 'The Home Depot Canada', 'key': 'hd', 'logo': '/build/images/static/logo.8eb14c19.png', 'icon': '/build/images/static/logo.8eb14c19.png'}",111.86117801152398,,https://careers.homedepot.ca/job-view/lot-associate-part-time-7244-huntsville-job-posting-3-150152,https://homedepot.wd5.myworkdayjobs.com/CareerDepotCanada/job/HUNTSVILLE-STORE---7244/Lot-Associate-Part-Time---7244-Huntsville_Req187329/apply?source=Careers.Homedepot.ca,_blank,,"CAN Hourly External GQ - March 27,2025",
108676,"Req186521<i class=""fas fa-calendar-alt""></i>Part Time<i class=""fas fa-street-view""></i>Onsite",Req186521,Sales Associate Part Time - 7226 Parry Sound,ON - Parry Sound,"Parry Sound, ON  P2A 2L7",100 Bowes Street,Parry Sound,Ontario,Stores/Operations,Retail Store,Part Time,,"100 Bowes Street, Parry Sound, ON  P2A 2L7",Onsite,38,1783715854,,[],"{'name': 'The Home Depot Canada', 'key': 'hd', 'logo': '/build/images/static/logo.8eb14c19.png', 'icon': '/build/images/static/logo.8eb14c19.png'}",112.57020147077723,,https://careers.homedepot.ca/job-view/sales-associate-part-time-7226-parry-sound-job-posting-3-148526,https://homedepot.wd5.myworkdayjobs.com/CareerDepotCanada/job/PARRY-SOUND-STORE---7226/ParSales-Associate-Part-Time---7226-Parry-Sound_Req186521/apply?source=Careers.Homedepot.ca,_blank,,"CAN Hourly External GQ - March 27,2025",
111258,"Req188037<i class=""fas fa-calendar-alt""></i>Full Time<i class=""fas fa-street-view""></i>Onsite",Req188037,Overnight Order Picker Full Time - 7226 Parry Sound,ON - Parry Sound,"Parry Sound, ON  P2A 2L7",100 Bowes Street,Parry Sound,Ontario,Stores/Operations,Retail Store,Full Time,,"100 Bowes Street, Parry Sound, ON  P2A 2L7",Onsite,39,1785195444,,[],"{'name': 'The Home Depot Canada', 'key': 'hd', 'logo': '/build/images/static/logo.8eb14c19.png', 'icon': '/build/images/static/logo.8eb14c19.png'}",112.57020147077723,,https://careers.homedepot.ca/job-view/overnight-order-picker-full-time-7226-parry-sound-job-posting-3-151465,https://homedepot.wd5.myworkdayjobs.com/CareerDepotCanada/job/PARRY-SOUND-STORE---7226/Overnight-Order-Picker-Full-Time---7226-Parry-Sound_Req188037/apply?source=Careers.Homedepot.ca,_blank,,"CAN External Hourly Overnights GQ - March 27,2025",
111276,"Req188084<i class=""fas fa-calendar-alt""></i>Part Time<i class=""fas fa-street-view""></i>Onsite",Req188084,Lot Associate Part Time - 7226 Parry Sound,ON - Parry Sound,"Parry Sound, ON  P2A 2L7",100 Bowes Street,Parry Sound,Ontario,Stores/Operations,Retail Store,Part Time,,"100 Bowes Street, Parry Sound, ON  P2A 2L7",Onsite,40,1785199069,,[],"{'name': 'The Home Depot Canada', 'key': 'hd', 'logo': '/build/images/static/logo.8eb14c19.png', 'icon': '/build/images/static/logo.8eb14c19.png'}",112.57020147077723,,https://careers.homedepot.ca/job-view/lot-associate-part-time-7226-parry-sound-job-posting-3-151492,https://homedepot.wd5.myworkdayjobs.com/CareerDepotCanada/job/PARRY-SOUND-STORE---7226/Lot-Associate-Part-Time---7226-Parry-Sound_Req188084/apply?source=Careers.Homedepot.ca,_blank,,"CAN Hourly External GQ - March 27,2025",
106238,"Req180242<i class=""fas fa-calendar-alt""></i>Full Time<i class=""fas fa-street-view""></i>Onsite",Req180242,Pro Paint Specialist Full-Time - 7160 North Bay,ON - North Bay,"North Bay, ON  P1B 9V6",1275 Seymour Street,North Bay,Ontario,Stores/Operations,Retail Store,Full Time,,"1275 Seymour Street, North Bay, ON  P1B 9V6",Onsite,41,1782740264,,[],"{'name': 'The Home Depot Canada', 'key': 'hd', 'logo': '/build/images/static/logo.8eb14c19.png', 'icon': '/build/images/static/logo.8eb14c19.png'}",177.21040112299573,,https://careers.homedepot.ca/job-view/pro-paint-specialist-full-time-7160-north-bay-job-posting-3-146438,https://homedepot.wd5.myworkdayjobs.com/CareerDepotCanada/job/NORTH-BAY-STORE---7160/Pro-Paint-Specialist-Full-Time---7160-North-Bay_Req180242-1/apply?source=Careers.Homedepot.ca,_blank,,"CAN Hourly External GQ - March 27,2025",
109579,"Req185420<i class=""fas fa-calendar-alt""></i>Full Time<i class=""fas fa-street-view""></i>Onsite",Req185420,STORE HUMAN RESOURCES MANAGER Contract- North Bay Store,ON - North Bay,"North Bay, ON  P1B 9V6",1275 Seymour Street,North Bay,Ontario,Human Resources,Corporate,Full Time,,"1275 Seymour Street, North Bay, ON  P1B 9V6",Onsite,42,1784223456,,[],"{'name': 'The Home Depot Canada', 'key': 'hd', 'logo': '/build/images/static/logo.8eb14c19.png', 'icon': '/build/images/static/logo.8eb14c19.png'}",177.21040112299573,,https://careers.homedepot.ca/job-view/store-human-resources-manager-contract-north-bay-store-job-posting-3-149696,https://homedepot.wd5.myworkdayjobs.com/CareerDepotCanada/job/NORTH-BAY-STORE---7160/STORE-HUMAN-RESOURCES-MANAGER-Contract--North-Bay-Store_Req185420/apply?source=Careers.Homedepot.ca,_blank,,"CAN SSC Salary External GQ - July 16,2024",
110121,"Req187409<i class=""fas fa-calendar-alt""></i>Other<i class=""fas fa-street-view""></i>Multiple Locations",Req187409,Mobile Service Technician,ON - North Bay,"North Bay, ON  P1B 9V6",1275 Seymour Street,North Bay,Ontario,HD Rental,Corporate,Other,,"1275 Seymour Street, North Bay, ON  P1B 9V6",Multiple Locations,43,1784576245,,[],"{'name': 'The Home Depot Canada', 'key': 'hd', 'logo': '/build/images/static/logo.8eb14c19.png', 'icon': '/build/images/static/logo.8eb14c19.png'}",177.21040112299573,,https://careers.homedepot.ca/job-view/mobile-service-technician-job-posting-3-150182,https://homedepot.wd5.myworkdayjobs.com/CareerDepotCanada/job/NORTH-BAY-STORE---7160/Mobile-Service-Technician_Req187409/apply?source=Careers.Homedepot.ca,_blank,,"CAN Hourly External GQ - March 27,2025",
111737,"Req188418<i class=""fas fa-calendar-alt""></i>Full Time<i class=""fas fa-street-view""></i>Onsite",Req188418,Pro Account Sales & Millwork Associate Full Time - 7160 North Bay,ON - North Bay,"North Bay, ON  P1B 9V6",1275 Seymour Street,North Bay,Ontario,Stores/Operations,Retail Store,Full Time,,"1275 Seymour Street, North Bay, ON  P1B 9V6",Onsite,44,1785364647,,[],"{'name': 'The Home Depot Canada', 'key': 'hd', 'logo': '/build/images/static/logo.8eb14c19.png', 'icon': '/build/images/static/logo.8eb14c19.png'}",177.21040112299573,,https://careers.homedepot.ca/job-view/pro-account-sales-millwork-associate-full-time-7160-north-bay-job-posting-3-151963,https://homedepot.wd5.myworkdayjobs.com/CareerDepotCanada/job/NORTH-BAY-STORE---7160/Pro-Account-Sales---Millwork-Associate-Full-Time---7160-North-Bay_Req188418/apply?source=Careers.Homedepot.ca,_blank,,"CAN Hourly External GQ - March 27,2025",
111739,"Req188416<i class=""fas fa-calendar-alt""></i>Full Time<i class=""fas fa-street-view""></i>Onsite",Req188416,Sales Associate Full Time - 7160 North Bay,ON - North Bay,"North Bay, ON  P1B 9V6",1275 Seymour Street,North Bay,Ontario,Stores/Operations,Retail Store,Full Time,,"1275 Seymour Street, North Bay, ON  P1B 9V6",Onsite,45,1785364647,,[],"{'name': 'The Home Depot Canada', 'key': 'hd', 'logo': '/build/images/static/logo.8eb14c19.png', 'icon': '/build/images/static/logo.8eb14c19.png'}",177.21040112299573,,https://careers.homedepot.ca/job-view/sales-associate-full-time-7160-north-bay-job-posting-3-152089,https://homedepot.wd5.myworkdayjobs.com/CareerDepotCanada/job/NORTH-BAY-STORE---7160/Sales-Associate-Full-Time---7160-North-Bay_Req188416/apply?source=Careers.Homedepot.ca,_blank,,"CAN Hourly External GQ - March 27,2025",
111741,"Req188417<i class=""fas fa-calendar-alt""></i>Full Time<i class=""fas fa-street-view""></i>Onsite",Req188417,Service Desk Associate Full Time - 7160 North Bay,ON - North Bay,"North Bay, ON  P1B 9V6",1275 Seymour Street,North Bay,Ontario,Stores/Operations,Retail Store,Full Time,,"1275 Seymour Street, North Bay, ON  P1B 9V6",Onsite,46,1785364647,,[],"{'name': 'The Home Depot Canada', 'key': 'hd', 'logo': '/build/images/static/logo.8eb14c19.png', 'icon': '/build/images/static/logo.8eb14c19.png'}",177.21040112299573,,https://careers.homedepot.ca/job-view/service-desk-associate-full-time-7160-north-bay-job-posting-3-152108,https://homedepot.wd5.myworkdayjobs.com/CareerDepotCanada/job/NORTH-BAY-STORE---7160/Service-Desk-Associate-Full-Time---7160-North-Bay_Req188417/apply?source=Careers.Homedepot.ca,_blank,,"CAN Hourly External GQ - March 27,2025",
111829,"Req188413<i class=""fas fa-calendar-alt""></i>Full Time<i class=""fas fa-street-view""></i>Onsite",Req188413,Head Cashier Full Time - 7160 North Bay,ON - North Bay,"North Bay, ON  P1B 9V6",1275 Seymour Street,North Bay,Ontario,Stores/Operations,Retail Store,Full Time,,"1275 Seymour Street, North Bay, ON  P1B 9V6",Onsite,47,1785422248,,[],"{'name': 'The Home Depot Canada', 'key': 'hd', 'logo': '/build/images/static/logo.8eb14c19.png', 'icon': '/build/images/static/logo.8eb14c19.png'}",177.21040112299573,,https://careers.homedepot.ca/job-view/head-cashier-full-time-7160-north-bay-job-posting-3-151970,https://homedepot.wd5.myworkdayjobs.com/CareerDepotCanada/job/NORTH-BAY-STORE---7160/Head-Cashier-Full-Time---7160-North-Bay_Req188413/apply?source=Careers.Homedepot.ca,_blank,,"CAN Hourly External GQ - March 27,2025",
111834,"Req188414<i class=""fas fa-calendar-alt""></i>Part Time<i class=""fas fa-street-view""></i>Onsite",Req188414,Head Cashier Part Time - 7160 North Bay,ON - North Bay,"North Bay, ON  P1B 9V6",1275 Seymour Street,North Bay,Ontario,Stores/Operations,Retail Store,Part Time,,"1275 Seymour Street, North Bay, ON  P1B 9V6",Onsite,48,1785422248,,[],"{'name': 'The Home Depot Canada', 'key': 'hd', 'logo': '/build/images/static/logo.8eb14c19.png', 'icon': '/build/images/static/logo.8eb14c19.png'}",177.21040112299573,,https://careers.homedepot.ca/job-view/head-cashier-part-time-7160-north-bay-job-posting-3-152141,https://homedepot.wd5.myworkdayjobs.com/CareerDepotCanada/job/NORTH-BAY-STORE---7160/Head-Cashier-Part-Time---7160-North-Bay_Req188414/apply?source=Careers.Homedepot.ca,_blank,,"CAN Hourly External GQ - March 27,2025",
111835,"Req188409<i class=""fas fa-calendar-alt""></i>Part Time<i class=""fas fa-street-view""></i>Onsite",Req188409,Appliance Sales Specialist Part Time - 7160 North Bay,ON - North Bay,"North Bay, ON  P1B 9V6",1275 Seymour Street,North Bay,Ontario,Stores/Operations,Retail Store,Part Time,,"1275 Seymour Street, North Bay, ON  P1B 9V6",Onsite,49,1785422248,,[],"{'name': 'The Home Depot Canada', 'key': 'hd', 'logo': '/build/images/static/logo.8eb14c19.png', 'icon': '/build/images/static/logo.8eb14c19.png'}",177.21040112299573,,https://careers.homedepot.ca/job-view/appliance-sales-specialist-part-time-7160-north-bay-job-posting-3-152147,https://homedepot.wd5.myworkdayjobs.com/CareerDepotCanada/job/NORTH-BAY-STORE---7160/Appliance-Sales-Specialist-Part-Time---7160-North-Bay_Req188409-1/apply?source=Careers.Homedepot.ca,_blank,,"CAN Hourly External GQ - March 27,2025",
112256,"Req188538<i class=""fas fa-calendar-alt""></i>Full Time<i class=""fas fa-street-view""></i>Onsite",Req188538,Merchandising Execution Associate Full Time (4 Month Contract) - 7160 North Bay,ON - North Bay,"North Bay, ON  P1B 9V6",1275 Seymour Street,North Bay,Ontario,Merchandising,Retail Store,Full Time,,"1275 Seymour Street, North Bay, ON  P1B 9V6",Onsite,50,1785530272,,[],"{'name': 'The Home Depot Canada', 'key': 'hd', 'logo': '/build/images/static/logo.8eb14c19.png', 'icon': '/build/images/static/logo.8eb14c19.png'}",177.21040112299573,,https://careers.homedepot.ca/job-view/merchandising-execution-associate-full-time-4-month-contract-7160-north-bay-job-posting-3-152462,https://homedepot.wd5.myworkdayjobs.com/CareerDepotCanada/job/NORTH-BAY-STORE---7160/Merchandising-Execution-Associate-Full-Time--4-Month-Contract----7160-North-Bay_Req188538/apply?source=Careers.Homedepot.ca,_blank,,"CAN Hourly External GQ - March 27,2025",
111431,"Req188262<i class=""fas fa-calendar-alt""></i>Part Time<i class=""fas fa-street-view""></i>Onsite",Req188262,Service Desk Associate - Part Time (Pembroke),ON - Pembroke,"Pembroke, ON  K8A 0A5",27 Robinson Lane,Pembroke,Ontario,Stores/Operations,Retail Store,Part Time,,"27 Robinson Lane, Pembroke, ON  K8A 0A5",Onsite,51,1785271041,,[],"{'name': 'The Home Depot Canada', 'key': 'hd', 'logo': '/build/images/static/logo.8eb14c19.png', 'icon': '/build/images/static/logo.8eb14c19.png'}",188.6970510662805,,https://careers.homedepot.ca/job-view/service-desk-associate-part-time-pembroke-job-posting-3-151798,https://homedepot.wd5.myworkdayjobs.com/CareerDepotCanada/job/PEMBROKE-STORE---7242/Service-Desk-Associate---Part-Time--Pembroke-_Req188262/apply?source=Careers.Homedepot.ca,_blank,,"CAN Hourly External GQ - March 27,2025",
112177,"Req188664<i class=""fas fa-calendar-alt""></i>Part Time<i class=""fas fa-street-view""></i>Onsite",Req188664,Lot Associate Part Time (PEMBROKE),ON - Pembroke,"Pembroke, ON  K8A 0A5",27 Robinson Lane,Pembroke,Ontario,Stores/Operations,Retail Store,Part Time,,"27 Robinson Lane, Pembroke, ON  K8A 0A5",Onsite,52,1785513387,,[],"{'name': 'The Home Depot Canada', 'key': 'hd', 'logo': '/build/images/static/logo.8eb14c19.png', 'icon': '/build/images/static/logo.8eb14c19.png'}",188.6970510662805,,https://careers.homedepot.ca/job-view/lot-associate-part-time-pembroke-job-posting-3-152430,https://homedepot.wd5.myworkdayjobs.com/CareerDepotCanada/job/PEMBROKE-STORE---7242/Lot-Associate-Part-Time--PEMBROKE-_Req188664/apply?source=Careers.Homedepot.ca,_blank,,"CAN Hourly External GQ - March 27,2025",
111033,"Req187738<i class=""fas fa-calendar-alt""></i>Part Time<i class=""fas fa-street-view""></i>Onsite",Req187738,Cashier - Part Time (Carleton Place),ON - Carleton Place,"Carleton Place, ON  K7C 0A7",570 McNeely Avenue,Carleton Place,Ontario,Stores/Operations,Retail Store,Part Time,,"570 McNeely Avenue, Carleton Place, ON  K7C 0A7",Onsite,53,1785159445,,[],"{'name': 'The Home Depot Canada', 'key': 'hd', 'logo': '/build/images/static/logo.8eb14c19.png', 'icon': '/build/images/static/logo.8eb14c19.png'}",196.0723268583481,,https://careers.homedepot.ca/job-view/cashier-part-time-carleton-place-job-posting-3-151300,https://homedepot.wd5.myworkdayjobs.com/CareerDepotCanada/job/CARLETON-PLACE-STORE---7263/Cashier---Part-Time--Carleton-Place-_Req187738/apply?source=Careers.Homedepot.ca,_blank,,"CAN Hourly External GQ - March 27,2025",
111041,"Req187869<i class=""fas fa-calendar-alt""></i>Part Time<i class=""fas fa-street-view""></i>Onsite",Req187869,Overnight Freight Associate - Part Time (Carleton Place),ON - Carleton Place,"Carleton Place, ON  K7C 0A7",570 McNeely Avenue,Carleton Place,Ontario,Stores/Operations,Retail Store,Part Time,,"570 McNeely Avenue, Carleton Place, ON  K7C 0A7",Onsite,54,1785159445,,[],"{'name': 'The Home Depot Canada', 'key': 'hd', 'logo': '/build/images/static/logo.8eb14c19.png', 'icon': '/build/images/static/logo.8eb14c19.png'}",196.0723268583481,,https://careers.homedepot.ca/job-view/overnight-freight-associate-part-time-carleton-place-job-posting-3-151349,https://homedepot.wd5.myworkdayjobs.com/CareerDepotCanada/job/CARLETON-PLACE-STORE---7263/Overnight-Freight-Associate---Part-Time--Carleton-Place-_Req187869/apply?source=Careers.Homedepot.ca,_blank,,"CAN External Hourly Overnights GQ - March 27,2025",
111311,"Req188200<i class=""fas fa-calendar-alt""></i>Part Time<i class=""fas fa-street-view""></i>Onsite",Req188200,Flooring Associate - Part Time (Carleton Place),ON - Carleton Place,"Carleton Place, ON  K7C 0A7",570 McNeely Avenue,Carleton Place,Ontario,Stores/Operations,Retail Store,Part Time,,"570 McNeely Avenue, Carleton Place, ON  K7C 0A7",Onsite,55,1785245846,,[],"{'name': 'The Home Depot Canada', 'key': 'hd', 'logo': '/build/images/static/logo.8eb14c19.png', 'icon': '/build/images/static/logo.8eb14c19.png'}",196.0723268583481,,https://careers.homedepot.ca/job-view/flooring-associate-part-time-carleton-place-job-posting-3-151473,https://homedepot.wd5.myworkdayjobs.com/CareerDepotCanada/job/CARLETON-PLACE-STORE---7263/Flooring-Associate---Part-Time--Carleton-Place_Req188200-1/apply?source=Careers.Homedepot.ca,_blank,,"CAN Hourly External GQ - March 27,2025",
111315,"Req188193<i class=""fas fa-calendar-alt""></i>Part Time<i class=""fas fa-street-view""></i>Onsite",Req188193,Lumber Associate - Part Time (Carleton Place),ON - Carleton Place,"Carleton Place, ON  K7C 0A7",570 McNeely Avenue,Carleton Place,Ontario,Stores/Operations,Retail Store,Part Time,,"570 McNeely Avenue, Carleton Place, ON  K7C 0A7",Onsite,56,1785245846,,[],"{'name': 'The Home Depot Canada', 'key': 'hd', 'logo': '/build/images/static/logo.8eb14c19.png', 'icon': '/build/images/static/logo.8eb14c19.png'}",196.0723268583481,,https://careers.homedepot.ca/job-view/lumber-associate-part-time-carleton-place-job-posting-3-151630,https://homedepot.wd5.myworkdayjobs.com/CareerDepotCanada/job/CARLETON-PLACE-STORE---7263/Lumber-Associate----Part-Time--Carleton-Place-_Req188193/apply?source=Careers.Homedepot.ca,_blank,,"CAN Hourly External GQ - March 27,2025",
111831,"Req187740<i class=""fas fa-calendar-alt""></i>Full Time<i class=""fas fa-street-view""></i>Onsite",Req187740,Appliance Sales Full Time (Carleton Place),ON - Carleton Place,"Carleton Place, ON  K7C 0A7",570 McNeely Avenue,Carleton Place,Ontario,Stores/Operations,Retail Store,Full Time,,"570 McNeely Avenue, Carleton Place, ON  K7C 0A7",Onsite,57,1785422248,,[],"{'name': 'The Home Depot Canada', 'key': 'hd', 'logo': '/build/images/static/logo.8eb14c19.png', 'icon': '/build/images/static/logo.8eb14c19.png'}",196.0723268583481,,https://careers.homedepot.ca/job-view/appliance-sales-full-time-carleton-place-job-posting-3-152110,https://homedepot.wd5.myworkdayjobs.com/CareerDepotCanada/job/CARLETON-PLACE-STORE---7263/Appliance-Sales-Associate---Full-Time--Carleton-Place-_Req187740/apply?source=Careers.Homedepot.ca,_blank,,"CAN Hourly External GQ - March 27,2025",
111470,"Req188255<i class=""fas fa-calendar-alt""></i>Part Time<i class=""fas fa-street-view""></i>Onsite",Req188255,Merchandising Execution Associate Part Time - 7022 Sudbury,ON - Sudbury,"Sudbury, ON  P3B 4K5",1500 Marcus Drive,Sudbury,Ontario,Merchandising,Retail Store,Part Time,,"1500 Marcus Drive, Sudbury, ON  P3B 4K5",Onsite,58,1785278260,,[],"{'name': 'The Home Depot Canada', 'key': 'hd', 'logo': '/build/images/static/logo.8eb14c19.png', 'icon': '/build/images/static/logo.8eb14c19.png'}",201.7683940313747,,https://careers.homedepot.ca/job-view/merchandising-execution-associate-part-time-7022-sudbury-job-posting-3-151691,https://homedepot.wd5.myworkdayjobs.com/CareerDepotCanada/job/SUDBURY-STORE---7022/Merchandising-Execution-Associate-Part-Time---7022-Sudbury_Req188255/apply?source=Careers.Homedepot.ca,_blank,,"CAN Hourly External GQ - March 27,2025",
112148,"Req188611<i class=""fas fa-calendar-alt""></i>Full Time<i class=""fas fa-street-view""></i>Onsite",Req188611,Department Supervisor Full Time- 7022 Sudbury,ON - Sudbury,"Sudbury, ON  P3B 4K5",1500 Marcus Drive,Sudbury,Ontario,Stores/Operations,Retail Store,Full Time,,"1500 Marcus Drive, Sudbury, ON  P3B 4K5",Onsite,59,1785508649,,[],"{'name': 'The Home Depot Canada', 'key': 'hd', 'logo': '/build/images/static/logo.8eb14c19.png', 'icon': '/build/images/static/logo.8eb14c19.png'}",201.7683940313747,,https://careers.homedepot.ca/job-view/department-supervisor-full-time-7022-sudbury-job-posting-3-152315,https://homedepot.wd5.myworkdayjobs.com/CareerDepotCanada/job/SUDBURY-STORE---7022/Department-Supervisor-Full-Time--7022-Sudbury_Req188611/apply?source=Careers.Homedepot.ca,_blank,,"CAN Hourly External GQ - March 27,2025",
111241,"Req188060<i class=""fas fa-calendar-alt""></i>Part Time<i class=""fas fa-street-view""></i>Onsite",Req188060,Overnight Freight Associate - Part Time (Kanata),ON - Ottawa,"Ottawa, ON  K2T 1C4",10 Frank Nighbor Place,Ottawa,Ontario,Stores/Operations,Retail Store,Part Time,,"10 Frank Nighbor Place, Ottawa, ON  K2T 1C4",Onsite,60,1785188250,,[],"{'name': 'The Home Depot Canada', 'key': 'hd', 'logo': '/build/images/static/logo.8eb14c19.png', 'icon': '/build/images/static/logo.8eb14c19.png'}",210.44251761569703,,https://careers.homedepot.ca/job-view/overnight-freight-associate-part-time-kanata-job-posting-3-151426,https://homedepot.wd5.myworkdayjobs.com/CareerDepotCanada/job/KANATA-STORE---7108/PT-Overnight-Freight-Associate_Req188060/apply?source=Careers.Homedepot.ca,_blank,,"CAN External Hourly Overnights GQ - March 27,2025",
111248,"Req188057<i class=""fas fa-calendar-alt""></i>Part Time<i class=""fas fa-street-view""></i>Onsite",Req188057,Merchandising Associate - Part Time (Kanata),ON - Ottawa,"Ottawa, ON  K2T 1C4",10 Frank Nighbor Place,Ottawa,Ontario,Merchandising,Retail Store,Part Time,,"10 Frank Nighbor Place, Ottawa, ON  K2T 1C4",Onsite,61,1785188250,,[],"{'name': 'The Home Depot Canada', 'key': 'hd', 'logo': '/build/images/static/logo.8eb14c19.png', 'icon': '/build/images/static/logo.8eb14c19.png'}",210.44251761569703,,https://careers.homedepot.ca/job-view/merchandising-associate-part-time-kanata-job-posting-3-151588,https://homedepot.wd5.myworkdayjobs.com/CareerDepotCanada/job/KANATA-STORE---7108/Merchandising-Associate---Part-Time--Gloucester-_Req188057/apply?source=Careers.Homedepot.ca,_blank,,"CAN Hourly External GQ - March 27,2025",
111194,"Req188121<i class=""fas fa-calendar-alt""></i>Part Time<i class=""fas fa-street-view""></i>Onsite",Req188121,Flooring and Decor Sales Associate - Part Time (Gloucester),ON - Ottawa,"Ottawa, ON  K1B 3L8",1616 Cyrville Road,Ottawa,Ontario,Stores/Operations,Retail Store,Part Time,,"1616 Cyrville Road, Ottawa, ON  K1B 3L8",Onsite,62,1785184041,,[],"{'name': 'The Home Depot Canada', 'key': 'hd', 'logo': '/build/images/static/logo.8eb14c19.png', 'icon': '/build/images/static/logo.8eb14c19.png'}",227.3726128291053,,https://careers.homedepot.ca/job-view/flooring-and-decor-sales-associate-part-time-gloucester-job-posting-3-151330,https://homedepot.wd5.myworkdayjobs.com/CareerDepotCanada/job/GLOUCESTER-STORE---7025/Flooring-and-Decor-Sales-Associate---Part-Time--Gloucester-_Req188121/apply?source=Careers.Homedepot.ca,_blank,,"CAN Hourly External GQ - March 27,2025",
111199,"Req188119<i class=""fas fa-calendar-alt""></i>Part Time<i class=""fas fa-street-view""></i>Onsite",Req188119,Paint Sales Associate - Part Time (Gloucester),ON - Ottawa,"Ottawa, ON  K1B 3L8",1616 Cyrville Road,Ottawa,Ontario,Stores/Operations,Retail Store,Part Time,,"1616 Cyrville Road, Ottawa, ON  K1B 3L8",Onsite,63,1785184041,,[],"{'name': 'The Home Depot Canada', 'key': 'hd', 'logo': '/build/images/static/logo.8eb14c19.png', 'icon': '/build/images/static/logo.8eb14c19.png'}",227.3726128291053,,https://careers.homedepot.ca/job-view/paint-sales-associate-part-time-gloucester-job-posting-3-151540,https://homedepot.wd5.myworkdayjobs.com/CareerDepotCanada/job/GLOUCESTER-STORE---7025/Paint-Sales-Associate---Part-Time--Gloucester-_Req188119/apply?source=Careers.Homedepot.ca,_blank,,"CAN Hourly External GQ - March 27,2025",
111810,"Req188474<i class=""fas fa-calendar-alt""></i>Part Time<i class=""fas fa-street-view""></i>Onsite",Req188474,Cashier Part Time (GLOUCESTER),ON - Ottawa,"Ottawa, ON  K1B 3L8",1616 Cyrville Road,Ottawa,Ontario,Stores/Operations,Retail Store,Part Time,,"1616 Cyrville Road, Ottawa, ON  K1B 3L8",Onsite,64,1785418647,,[],"{'name': 'The Home Depot Canada', 'key': 'hd', 'logo': '/build/images/static/logo.8eb14c19.png', 'icon': '/build/images/static/logo.8eb14c19.png'}",227.3726128291053,,https://careers.homedepot.ca/job-view/cashier-part-time-gloucester-job-posting-3-152054,https://homedepot.wd5.myworkdayjobs.com/CareerDepotCanada/job/GLOUCESTER-STORE---7025/Cashier-Part-Time--GLOUCESTER-_Req188474/apply?source=Careers.Homedepot.ca,_blank,,"CAN Hourly External GQ - March 27,2025",
111814,"Req188475<i class=""fas fa-calendar-alt""></i>Part Time<i class=""fas fa-street-view""></i>Onsite",Req188475,LOT Associate Part Time (GLOUCESTER),ON - Ottawa,"Ottawa, ON  K1B 3L8",1616 Cyrville Road,Ottawa,Ontario,Stores/Operations,Retail Store,Part Time,,"1616 Cyrville Road, Ottawa, ON  K1B 3L8",Onsite,65,1785418648,,[],"{'name': 'The Home Depot Canada', 'key': 'hd', 'logo': '/build/images/static/logo.8eb14c19.png', 'icon': '/build/images/static/logo.8eb14c19.png'}",227.3726128291053,,https://careers.homedepot.ca/job-view/lot-associate-part-time-gloucester-job-posting-3-152120,https://homedepot.wd5.myworkdayjobs.com/CareerDepotCanada/job/GLOUCESTER-STORE---7025/LOT-Associate-Part-Time--GLOUCESTER-_Req188475/apply?source=Careers.Homedepot.ca,_blank,,"CAN Hourly External GQ - March 27,2025",
111815,"Req188473<i class=""fas fa-calendar-alt""></i>Part Time<i class=""fas fa-street-view""></i>Onsite",Req188473,Lumber Sales Part Time (GLOUCESTER),ON - Ottawa,"Ottawa, ON  K1B 3L8",1616 Cyrville Road,Ottawa,Ontario,Stores/Operations,Retail Store,Part Time,,"1616 Cyrville Road, Ottawa, ON  K1B 3L8",Onsite,66,1785418648,,[],"{'name': 'The Home Depot Canada', 'key': 'hd', 'logo': '/build/images/static/logo.8eb14c19.png', 'icon': '/build/images/static/logo.8eb14c19.png'}",227.3726128291053,,https://careers.homedepot.ca/job-view/lumber-sales-part-time-gloucester-job-posting-3-152137,https://homedepot.wd5.myworkdayjobs.com/CareerDepotCanada/job/GLOUCESTER-STORE---7025/Lumber-Sales-Part-Time--GLOUCESTER-_Req188473-1/apply?source=Careers.Homedepot.ca,_blank,,"CAN Hourly External GQ - March 27,2025",
111557,"Req185562<i class=""fas fa-calendar-alt""></i>Part Time<i class=""fas fa-street-view""></i>Onsite",Req185562,Plumbing/Electrical Sales Part Time (CORNWALL),ON - Cornwall,"Cornwall, ON  K6J 5X7",1825 Brookdale Avenue,Cornwall,Ontario,Stores/Operations,Retail Store,Part Time,,"1825 Brookdale Avenue, Cornwall, ON  K6J 5X7",Onsite,67,1785335842,,[],"{'name': 'The Home Depot Canada', 'key': 'hd', 'logo': '/build/images/static/logo.8eb14c19.png', 'icon': '/build/images/static/logo.8eb14c19.png'}",254.66440005572835,,https://careers.homedepot.ca/job-view/plumbing-electrical-sales-part-time-cornwall-job-posting-3-151928,https://homedepot.wd5.myworkdayjobs.com/CareerDepotCanada/job/CORNWALL-STORE---7075/Plumbing-Electrical-Sales-Part-Time--CORNWALL-_Req185562-1/apply?source=Careers.Homedepot.ca,_blank,,"CAN Hourly External GQ - March 27,2025",
111936,"Req188562<i class=""fas fa-calendar-alt""></i>Part Time<i class=""fas fa-street-view""></i>Onsite",Req188562,Kitchen Designer Part Time (CORNWALL),ON - Cornwall,"Cornwall, ON  K6J 5X7",1825 Brookdale Avenue,Cornwall,Ontario,Stores/Operations,Retail Store,Part Time,,"1825 Brookdale Avenue, Cornwall, ON  K6J 5X7",Onsite,68,1785436647,,[],"{'name': 'The Home Depot Canada', 'key': 'hd', 'logo': '/build/images/static/logo.8eb14c19.png', 'icon': '/build/images/static/logo.8eb14c19.png'}",254.66440005572835,,https://careers.homedepot.ca/job-view/kitchen-designer-part-time-cornwall-job-posting-3-151972,https://homedepot.wd5.myworkdayjobs.com/CareerDepotCanada/job/CORNWALL-STORE---7075/Kitchen-Designer-Part-Time--CORNWALL-_Req188562/apply?source=Careers.Homedepot.ca,_blank,,"CAN Hourly External GQ - March 27,2025",
111397,"Req186358<i class=""fas fa-calendar-alt""></i>Part Time<i class=""fas fa-street-view""></i>Onsite",Req186358,Spécialiste des ventes - Couvreplancher et décoration (Temps partiel),QC - Vaudreuil,"Vaudreuil, QC  J7V 8C1",55 Boulevard de la Cité des Jeunes,Vaudreuil,Quebec,Stores/Operations,Retail Store,Part Time,,"55 Boulevard de la Cité des Jeunes, Vaudreuil, QC  J7V 8C1",Onsite,69,1785267442,,[],"{'name': 'The Home Depot Canada', 'key': 'hd', 'logo': '/build/images/static/logo.8eb14c19.png', 'icon': '/build/images/static/logo.8eb14c19.png'}",296.3552189658299,,https://careers.homedepot.ca/job-view/specialiste-des-ventes-couvreplancher-et-decoration-temps-partiel-job-posting-3-151620,https://homedepot.wd5.myworkdayjobs.com/CareerDepotCanada/job/VAUDREUIL-STORE---7187/Spcialiste-des-ventes---Couvreplancher-et-dcoration--Temps-plein-_Req186358/apply?source=Careers.Homedepot.ca,_blank,,"CAN Hourly External GQ - March 27,2025",
111696,"Req174381<i class=""fas fa-calendar-alt""></i>Part Time<i class=""fas fa-street-view""></i>Onsite",Req174381,Associé(e) à temps plein spécialiste du couvre plancher et décoration (Temps partiel),QC - Vaudreuil,"Vaudreuil, QC  J7V 8C1",55 Boulevard de la Cité des Jeunes,Vaudreuil,Quebec,Stores/Operations,Retail Store,Part Time,,"55 Boulevard de la Cité des Jeunes, Vaudreuil, QC  J7V 8C1",Onsite,70,1785353847,,[],"{'name': 'The Home Depot Canada', 'key': 'hd', 'logo': '/build/images/static/logo.8eb14c19.png', 'icon': '/build/images/static/logo.8eb14c19.png'}",296.3552189658299,,https://careers.homedepot.ca/job-view/associe-e-a-temps-plein-specialiste-du-couvre-plancher-et-decoration-temps-partiel-job-posting-3-151991,https://homedepot.wd5.myworkdayjobs.com/CareerDepotCanada/job/VAUDREUIL-STORE---7187/Associ-e---temps-plein-spcialiste-du-couvre-plancher-et-dcoration-par-intrim-du-19-avril-au-1er-aot---Temporaire_Req174381-1/apply?source=Careers.Homedepot.ca,_blank,,"CAN Hourly External GQ - March 27,2025",
111723,"Req186333<i class=""fas fa-calendar-alt""></i>Part Time<i class=""fas fa-street-view""></i>Onsite",Req186333,Associé(e) des cuisines et salles de bain (temps partiel),QC - Vaudreuil,"Vaudreuil, QC  J7V 8C1",55 Boulevard de la Cité des Jeunes,Vaudreuil,Quebec,Stores/Operations,Retail Store,Part Time,,"55 Boulevard de la Cité des Jeunes, Vaudreuil, QC  J7V 8C1",Onsite,71,1785357455,,[],"{'name': 'The Home Depot Canada', 'key': 'hd', 'logo': '/build/images/static/logo.8eb14c19.png', 'icon': '/build/images/static/logo.8eb14c19.png'}",296.3552189658299,,https://careers.homedepot.ca/job-view/associe-e-des-cuisines-et-salles-de-bain-temps-partiel-job-posting-3-151911-1,https://homedepot.wd5.myworkdayjobs.com/CareerDepotCanada/job/VAUDREUIL-STORE---7187/Associ-e--des-cuisines-et-salles-de-bain--temps-partiel-_Req186333/apply?source=Careers.Homedepot.ca,_blank,,"CAN Hourly External GQ - March 27,2025",
112013,"Req186793<i class=""fas fa-calendar-alt""></i>Full Time<i class=""fas fa-street-view""></i>Onsite",Req186793,Caissier(ère) principal(e) (Temps plein),QC - St.Jerome,"St.Jerome, QC  J7Y 3P2",1045 Boul du Grand Heron ,St.Jerome,Quebec,Stores/Operations,Retail Store,Full Time,,"1045 Boul du Grand Heron , St.Jerome, QC  J7Y 3P2",Onsite,72,1785443853,,[],"{'name': 'The Home Depot Canada', 'key': 'hd', 'logo': '/build/images/static/logo.8eb14c19.png', 'icon': '/build/images/static/logo.8eb14c19.png'}",306.7455486983629,,https://careers.homedepot.ca/job-view/caissier-ere-principal-e-temps-plein-job-posting-3-151895-1,https://homedepot.wd5.myworkdayjobs.com/CareerDepotCanada/job/ST--JEROME-STORE---7147/Caissier-re--principal-e---Temps-plein-_Req186793/apply?source=Careers.Homedepot.ca,_blank,,"CAN Hourly External GQ - March 27,2025",
112015,"Req184547<i class=""fas fa-calendar-alt""></i>Full Time<i class=""fas fa-street-view""></i>Onsite",Req184547,Associé(e) aux ventes - Saisonnier (Temps plein),QC - St.Jerome,"St.Jerome, QC  J7Y 3P2",1045 Boul du Grand Heron ,St.Jerome,Quebec,Stores/Operations,Retail Store,Full Time,,"1045 Boul du Grand Heron , St.Jerome, QC  J7Y 3P2",Onsite,73,1785443853,,[],"{'name': 'The Home Depot Canada', 'key': 'hd', 'logo': '/build/images/static/logo.8eb14c19.png', 'icon': '/build/images/static/logo.8eb14c19.png'}",306.7455486983629,,https://careers.homedepot.ca/job-view/associe-e-aux-ventes-saisonnier-temps-plein-job-posting-3-152096-1,https://homedepot.wd5.myworkdayjobs.com/CareerDepotCanada/job/ST--JEROME-STORE---7147/Associ-e--aux-ventes---Saisonnier--Temps-plein-_Req184547-1/apply?source=Careers.Homedepot.ca,_blank,,"CAN Hourly External GQ - March 27,2025",
112021,"Req186123<i class=""fas fa-calendar-alt""></i>Full Time<i class=""fas fa-street-view""></i>Onsite",Req186123,Associé(e) aux ventes - Saisonnier (Temps plein),QC - St.Jerome,"St.Jerome, QC  J7Y 3P2",1045 Boul du Grand Heron ,St.Jerome,Quebec,Stores/Operations,Retail Store,Full Time,,"1045 Boul du Grand Heron , St.Jerome, QC  J7Y 3P2",Onsite,74,1785443853,,[],"{'name': 'The Home Depot Canada', 'key': 'hd', 'logo': '/build/images/static/logo.8eb14c19.png', 'icon': '/build/images/static/logo.8eb14c19.png'}",306.7455486983629,,https://careers.homedepot.ca/job-view/associe-e-aux-ventes-saisonnier-temps-plein-job-posting-3-152252-1,https://homedepot.wd5.myworkdayjobs.com/CareerDepotCanada/job/ST--JEROME-STORE---7147/Associ-e--aux-ventes---Saisonnier--Temps-plein-_Req186123/apply?source=Careers.Homedepot.ca,_blank,,"CAN Hourly External GQ - March 27,2025",
112023,"Req186794<i class=""fas fa-calendar-alt""></i>Full Time<i class=""fas fa-street-view""></i>Onsite",Req186794,"Superviseur(e) comptoir des entrepreneurs, Portes et Fenêtres et Location d'outils",QC - St.Jerome,"St.Jerome, QC  J7Y 3P2",1045 Boul du Grand Heron ,St.Jerome,Quebec,Stores/Operations,Retail Store,Full Time,,"1045 Boul du Grand Heron , St.Jerome, QC  J7Y 3P2",Onsite,75,1785443853,,[],"{'name': 'The Home Depot Canada', 'key': 'hd', 'logo': '/build/images/static/logo.8eb14c19.png', 'icon': '/build/images/static/logo.8eb14c19.png'}",306.7455486983629,,https://careers.homedepot.ca/job-view/superviseur-e-comptoir-des-entrepreneurs-portes-et-fenetres-et-location-doutils-job-posting-3-152319-1,https://homedepot.wd5.myworkdayjobs.com/CareerDepotCanada/job/ST--JEROME-STORE---7147/Superviseur-e--comptoir-des-entrepreneurs--Portes-et-Fentres-et-Location-d-outils_Req186794/apply?source=Careers.Homedepot.ca,_blank,,"CAN Hourly External GQ - March 27,2025",
112061,"Req188590<i class=""fas fa-calendar-alt""></i>Full Time<i class=""fas fa-street-view""></i>Onsite",Req188590,Associé(e) aux ventes - Plomberie (Temps plein),QC - St.Jerome,"St.Jerome, QC  J7Y 3P2",1045 Boul du Grand Heron ,St.Jerome,Quebec,Stores/Operations,Retail Store,Full Time,,"1045 Boul du Grand Heron , St.Jerome, QC  J7Y 3P2",Onsite,76,1785447449,,[],"{'name': 'The Home Depot Canada', 'key': 'hd', 'logo': '/build/images/static/logo.8eb14c19.png', 'icon': '/build/images/static/logo.8eb14c19.png'}",306.7455486983629,,https://careers.homedepot.ca/job-view/associe-e-aux-ventes-plomberie-temps-plein-job-posting-3-152263-1,https://homedepot.wd5.myworkdayjobs.com/CareerDepotCanada/job/ST--JEROME-STORE---7147/Associ-e--aux-ventes---Plomberie--Temps-plein-_Req188590/apply?source=Careers.Homedepot.ca,_blank,,"CAN Hourly External GQ - March 27,2025",
112066,"Req188504<i class=""fas fa-calendar-alt""></i>Full Time<i class=""fas fa-street-view""></i>Onsite",Req188504,Supervieur(e) comptoir Pro et Location d'outils,QC - St.Jerome,"St.Jerome, QC  J7Y 3P2",1045 Boul du Grand Heron ,St.Jerome,Quebec,Stores/Operations,Retail Store,Full Time,,"1045 Boul du Grand Heron , St.Jerome, QC  J7Y 3P2",Onsite,77,1785447449,,[],"{'name': 'The Home Depot Canada', 'key': 'hd', 'logo': '/build/images/static/logo.8eb14c19.png', 'icon': '/build/images/static/logo.8eb14c19.png'}",306.7455486983629,,https://careers.homedepot.ca/job-view/supervieur-e-comptoir-pro-et-location-doutils-job-posting-3-152291-1,https://homedepot.wd5.myworkdayjobs.com/CareerDepotCanada/job/ST--JEROME-STORE---7147/Supervieur-e--comptoir-Pro-et-Location-d-outils_Req188504/apply?source=Careers.Homedepot.ca,_blank,,"CAN Hourly External GQ - March 27,2025",
112074,"Req188507<i class=""fas fa-calendar-alt""></i>Part Time<i class=""fas fa-street-view""></i>Onsite",Req188507,Associé(e) location d'outils - Temps partiel,QC - St.Jerome,"St.Jerome, QC  J7Y 3P2",1045 Boul du Grand Heron ,St.Jerome,Quebec,Stores/Operations,Retail Store,Part Time,,"1045 Boul du Grand Heron , St.Jerome, QC  J7Y 3P2",Onsite,78,1785447449,,[],"{'name': 'The Home Depot Canada', 'key': 'hd', 'logo': '/build/images/static/logo.8eb14c19.png', 'icon': '/build/images/static/logo.8eb14c19.png'}",306.7455486983629,,https://careers.homedepot.ca/job-view/associe-e-location-doutils-temps-partiel-job-posting-3-152337-1,https://homedepot.wd5.myworkdayjobs.com/CareerDepotCanada/job/ST--JEROME-STORE---7147/Associ-e--location-d-outils---Temps-partiel_Req188507-1/apply?source=Careers.Homedepot.ca,_blank,,"CAN Hourly External GQ - March 27,2025",
110956,"Req187154<i class=""fas fa-calendar-alt""></i>Full Time<i class=""fas fa-street-view""></i>Onsite",Req187154,Associé(e)- Réception de marchandise (Temps plein),QC - Pointe-Claire,"Pointe-Claire, QC  H9R 1E9",185 Hymus Boulevard,Pointe-Claire,Quebec,Stores/Operations,Retail Store,Full Time,,"185 Hymus Boulevard, Pointe-Claire, QC  H9R 1E9",Onsite,79,1784929045,,[],"{'name': 'The Home Depot Canada', 'key': 'hd', 'logo': '/build/images/static/logo.8eb14c19.png', 'icon': '/build/images/static/logo.8eb14c19.png'}",307.5652518723038,,https://careers.homedepot.ca/job-view/associe-e-reception-de-marchandise-temps-plein-job-posting-3-151074-1,https://homedepot.wd5.myworkdayjobs.com/CareerDepotCanada/job/POINTE-CLAIRE-STORE---7266/Associ-e---Rception-de-marchandise--Temps-plein-_Req187154-1/apply?source=Careers.Homedepot.ca,_blank,,"CAN Hourly External GQ - March 27,2025",
111626,"Req188331<i class=""fas fa-calendar-alt""></i>Part Time<i class=""fas fa-street-view""></i>Onsite",Req188331,Associé(e) de la Location d'outils - Temps partiel,QC - Pointe-Claire,"Pointe-Claire, QC  H9R 1E9",185 Hymus Boulevard,Pointe-Claire,Quebec,Stores/Operations,Retail Store,Part Time,,"185 Hymus Boulevard, Pointe-Claire, QC  H9R 1E9",Onsite,80,1785346650,,[],"{'name': 'The Home Depot Canada', 'key': 'hd', 'logo': '/build/images/static/logo.8eb14c19.png', 'icon': '/build/images/static/logo.8eb14c19.png'}",307.5652518723038,,https://careers.homedepot.ca/job-view/associe-e-de-la-location-doutils-temps-partiel-job-posting-3-151989,https://homedepot.wd5.myworkdayjobs.com/CareerDepotCanada/job/POINTE-CLAIRE-STORE---7266/Associ-e--de-la-Location-d-outils---Temps-partiel_Req188331/apply?source=Careers.Homedepot.ca,_blank,,"CAN Hourly External GQ - March 27,2025",
112388,"Req180819<i class=""fas fa-calendar-alt""></i>Part Time<i class=""fas fa-street-view""></i>Onsite",Req180819,Associé(e)- Manutention de Nuit (temps partiel),QC - Pointe-Claire,"Pointe-Claire, QC  H9R 1E9",185 Hymus Boulevard,Pointe-Claire,Quebec,Stores/Operations,Retail Store,Part Time,,"185 Hymus Boulevard, Pointe-Claire, QC  H9R 1E9",Onsite,81,1785793040,new-job,[],"{'name': 'The Home Depot Canada', 'key': 'hd', 'logo': '/build/images/static/logo.8eb14c19.png', 'icon': '/build/images/static/logo.8eb14c19.png'}",307.5652518723038,,https://careers.homedepot.ca/job-view/associe-e-manutention-de-nuit-temps-partiel-job-posting-3-152992-1,https://homedepot.wd5.myworkdayjobs.com/CareerDepotCanada/job/POINTE-CLAIRE-STORE---7266/Associ-e---Manutention-de-Nuit--temps-partiel-_Req180819/apply?source=Careers.Homedepot.ca,_blank,,"CAN External Hourly Overnights GQ - March 27,2025",
109293,"Req186891<i class=""fas fa-calendar-alt""></i>Full Time<i class=""fas fa-street-view""></i>Onsite",Req186891,Superviseur(e) Plomberie et Électricité,QC - Boisbriand,"Boisbriand, QC  J7H 1S3",2400 boul du Faubourg,Boisbriand,Quebec,Stores/Operations,Retail Store,Full Time,,"2400 boul du Faubourg, Boisbriand, QC  J7H 1S3",Onsite,82,1784126254,,[],"{'name': 'The Home Depot Canada', 'key': 'hd', 'logo': '/build/images/static/logo.8eb14c19.png', 'icon': '/build/images/static/logo.8eb14c19.png'}",310.57505048401515,,https://careers.homedepot.ca/job-view/superviseur-e-plomberie-et-electricite-job-posting-3-149332-1,https://homedepot.wd5.myworkdayjobs.com/CareerDepotCanada/job/BOISBRIAND-STORE---7159/Superviseur-e--Plomberie-et-lectricit_Req186891/apply?source=Careers.Homedepot.ca,_blank,,"CAN Hourly External GQ - March 27,2025",
109298,"Req186883<i class=""fas fa-calendar-alt""></i>Part Time<i class=""fas fa-street-view""></i>Onsite",Req186883,Associé(e) portes et fenetres (temps partiel),QC - Boisbriand,"Boisbriand, QC  J7H 1S3",2400 boul du Faubourg,Boisbriand,Quebec,Stores/Operations,Retail Store,Part Time,,"2400 boul du Faubourg, Boisbriand, QC  J7H 1S3",Onsite,83,1784126254,,[],"{'name': 'The Home Depot Canada', 'key': 'hd', 'logo': '/build/images/static/logo.8eb14c19.png', 'icon': '/build/images/static/logo.8eb14c19.png'}",310.57505048401515,,https://careers.homedepot.ca/job-view/associe-e-portes-et-fenetres-temps-partiel-job-posting-3-149449-1,https://homedepot.wd5.myworkdayjobs.com/CareerDepotCanada/job/BOISBRIAND-STORE---7159/Associ-e--portes-et-fenetres--temps-partiel-_Req186883/apply?source=Careers.Homedepot.ca,_blank,,"CAN Hourly External GQ - March 27,2025",
111604,"Req188326<i class=""fas fa-calendar-alt""></i>Part Time<i class=""fas fa-street-view""></i>Onsite",Req188326,Associé(e) aux caisses (Temps partiel),QC - Boisbriand,"Boisbriand, QC  J7H 1S3",2400 boul du Faubourg,Boisbriand,Quebec,Stores/Operations,Retail Store,Part Time,,"2400 boul du Faubourg, Boisbriand, QC  J7H 1S3",Onsite,84,1785343410,,[],"{'name': 'The Home Depot Canada', 'key': 'hd', 'logo': '/build/images/static/logo.8eb14c19.png', 'icon': '/build/images/static/logo.8eb14c19.png'}",310.57505048401515,,https://careers.homedepot.ca/job-view/associe-e-aux-caisses-temps-partiel-job-posting-3-151919-1,https://homedepot.wd5.myworkdayjobs.com/CareerDepotCanada/job/BOISBRIAND-STORE---7159/Associ-e--aux-caisses--Temps-partiel-_Req188326/apply?source=Careers.Homedepot.ca,_blank,,"CAN Hourly External GQ - March 27,2025",
111609,"Req188328<i class=""fas fa-calendar-alt""></i>Part Time<i class=""fas fa-street-view""></i>Onsite",Req188328,Associé(e) quincaillerie (Temps partiel),QC - Boisbriand,"Boisbriand, QC  J7H 1S3",2400 boul du Faubourg,Boisbriand,Quebec,Stores/Operations,Retail Store,Part Time,,"2400 boul du Faubourg, Boisbriand, QC  J7H 1S3",Onsite,85,1785343410,,[],"{'name': 'The Home Depot Canada', 'key': 'hd', 'logo': '/build/images/static/logo.8eb14c19.png', 'icon': '/build/images/static/logo.8eb14c19.png'}",310.57505048401515,,https://careers.homedepot.ca/job-view/associe-e-quincaillerie-temps-partiel-job-posting-3-151967-1,https://homedepot.wd5.myworkdayjobs.com/CareerDepotCanada/job/BOISBRIAND-STORE---7159/Associ-e--quincaillerie--Temps-partiel-_Req188328/apply?source=Careers.Homedepot.ca,_blank,,"CAN Hourly External GQ - March 27,2025",
111719,"Req186610<i class=""fas fa-calendar-alt""></i>Full Time<i class=""fas fa-street-view""></i>Onsite",Req186610,Associé(e) Quincailerie (temps plein),QC - Boisbriand,"Boisbriand, QC  J7H 1S3",2400 boul du Faubourg,Boisbriand,Quebec,Stores/Operations,Retail Store,Full Time,,"2400 boul du Faubourg, Boisbriand, QC  J7H 1S3",Onsite,86,1785357455,,[],"{'name': 'The Home Depot Canada', 'key': 'hd', 'logo': '/build/images/static/logo.8eb14c19.png', 'icon': '/build/images/static/logo.8eb14c19.png'}",310.57505048401515,,https://careers.homedepot.ca/job-view/associe-e-quincailerie-temps-plein-job-posting-3-151764-1,https://homedepot.wd5.myworkdayjobs.com/CareerDepotCanada/job/BOISBRIAND-STORE---7159/Associ-e--Quincailerie--temps-plein-_Req186610/apply?source=Careers.Homedepot.ca,_blank,,"CAN Hourly External GQ - March 27,2025",
112369,"Req181109<i class=""fas fa-calendar-alt""></i>Part Time<i class=""fas fa-street-view""></i>Onsite",Req181109,Associé(e) portes et fenetres (temps partiel),QC - Boisbriand,"Boisbriand, QC  J7H 1S3",2400 boul du Faubourg,Boisbriand,Quebec,Stores/Operations,Retail Store,Part Time,,"2400 boul du Faubourg, Boisbriand, QC  J7H 1S3",Onsite,87,1785764258,new-job,[],"{'name': 'The Home Depot Canada', 'key': 'hd', 'logo': '/build/images/static/logo.8eb14c19.png', 'icon': '/build/images/static/logo.8eb14c19.png'}",310.57505048401515,,https://careers.homedepot.ca/job-view/associe-e-portes-et-fenetres-temps-partiel-job-posting-3-152740-1,https://homedepot.wd5.myworkdayjobs.com/CareerDepotCanada/job/BOISBRIAND-STORE---7159/Associ-e--portes-et-fenetres--temps-partiel-_Req181109/apply?source=Careers.Homedepot.ca,_blank,,"CAN Hourly External GQ - March 27,2025",
111153,"Req188019<i class=""fas fa-calendar-alt""></i>Full Time<i class=""fas fa-street-view""></i>Onsite",Req188019,Superviseur(e) des Bois et matériaux,QC - Laval,"Laval, QC  H7N 6J5",1400 Le Corbusier Blvd,Laval,Quebec,Stores/Operations,Retail Store,Full Time,,"1400 Le Corbusier Blvd, Laval, QC  H7N 6J5",Onsite,88,1785173856,,[],"{'name': 'The Home Depot Canada', 'key': 'hd', 'logo': '/build/images/static/logo.8eb14c19.png', 'icon': '/build/images/static/logo.8eb14c19.png'}",313.96915305916497,,https://careers.homedepot.ca/job-view/superviseur-e-des-bois-et-materiaux-job-posting-3-151498,https://homedepot.wd5.myworkdayjobs.com/CareerDepotCanada/job/LAVAL-STORE---7124/Superviseur-e--des-Bois-et-matriaux_Req188019/apply?source=Careers.Homedepot.ca,_blank,,"CAN Hourly External GQ - March 27,2025",
107794,"Req177501<i class=""fas fa-calendar-alt""></i>Full Time<i class=""fas fa-street-view""></i>Onsite",Req177501,Spécialiste en Protection des Ressources - Temps Plein,QC - Montreal,"Montreal, QC  H4N 3L5",1000 rue Sauve Ouest,Montreal,Quebec,Stores/Operations,Retail Store,Full Time,,"1000 rue Sauve Ouest, Montreal, QC  H4N 3L5",Onsite,89,1783438652,,[],"{'name': 'The Home Depot Canada', 'key': 'hd', 'logo': '/build/images/static/logo.8eb14c19.png', 'icon': '/build/images/static/logo.8eb14c19.png'}",316.46383939497423,,https://careers.homedepot.ca/job-view/specialiste-en-protection-des-ressources-temps-plein-job-posting-3-147832-1,https://homedepot.wd5.myworkdayjobs.com/CareerDepotCanada/job/LACADIE-STORE---7146/Spcialiste-en-Protection-des-Ressources---Temps-Plein_Req177501-1/apply?source=Careers.Homedepot.ca,_blank,,"CAN Hourly External GQ - March 27,2025",
111608,"Req188364<i class=""fas fa-calendar-alt""></i>Part Time<i class=""fas fa-street-view""></i>Onsite",Req188364,Associé(e) aux ventes - Bois et matériaux (temps partiel),QC - Montreal,"Montreal, QC  H4N 3L5",1000 rue Sauve Ouest,Montreal,Quebec,Stores/Operations,Retail Store,Part Time,,"1000 rue Sauve Ouest, Montreal, QC  H4N 3L5",Onsite,90,1785343410,,[],"{'name': 'The Home Depot Canada', 'key': 'hd', 'logo': '/build/images/static/logo.8eb14c19.png', 'icon': '/build/images/static/logo.8eb14c19.png'}",316.46383939497423,,https://careers.homedepot.ca/job-view/associe-e-aux-ventes-bois-et-materiaux-temps-partiel-job-posting-3-151959-1,https://homedepot.wd5.myworkdayjobs.com/CareerDepotCanada/job/LACADIE-STORE---7146/Associ-e--aux-ventes---Bois-et-matriaux--temps-partiel-_Req188364/apply?source=Careers.Homedepot.ca,_blank,,"CAN Hourly External GQ - March 27,2025",
111653,"Req188365<i class=""fas fa-calendar-alt""></i>Full Time<i class=""fas fa-street-view""></i>Onsite",Req188365,"Superviseur(e) Saisonnier, Plomberie et Électricité",QC - Montreal,"Montreal, QC  H4N 3L5",1000 rue Sauve Ouest,Montreal,Quebec,Stores/Operations,Retail Store,Full Time,,"1000 rue Sauve Ouest, Montreal, QC  H4N 3L5",Onsite,91,1785350252,,[],"{'name': 'The Home Depot Canada', 'key': 'hd', 'logo': '/build/images/static/logo.8eb14c19.png', 'icon': '/build/images/static/logo.8eb14c19.png'}",316.46383939497423,,https://careers.homedepot.ca/job-view/superviseur-e-saisonnier-plomberie-et-electricite-job-posting-3-152030,https://homedepot.wd5.myworkdayjobs.com/CareerDepotCanada/job/LACADIE-STORE---7146/Superviseur-e--Saisonnier--Plomberie-et-lectricit_Req188365/apply?source=Careers.Homedepot.ca,_blank,,"CAN Hourly External GQ - March 27,2025",
112059,"Req182756<i class=""fas fa-calendar-alt""></i>Full Time<i class=""fas fa-street-view""></i>Onsite",Req182756,Associé(e) Quincaillerie (Temps plein),QC - Montreal,"Montreal, QC  H4N 3L5",1000 rue Sauve Ouest,Montreal,Quebec,Stores/Operations,Retail Store,Full Time,,"1000 rue Sauve Ouest, Montreal, QC  H4N 3L5",Onsite,92,1785447449,,[],"{'name': 'The Home Depot Canada', 'key': 'hd', 'logo': '/build/images/static/logo.8eb14c19.png', 'icon': '/build/images/static/logo.8eb14c19.png'}",316.46383939497423,,https://careers.homedepot.ca/job-view/associe-e-quincaillerie-temps-plein-job-posting-3-152229-1,https://homedepot.wd5.myworkdayjobs.com/CareerDepotCanada/job/LACADIE-STORE---7146/Associ-e--Quincaillerie--Temps-plein-_Req182756/apply?source=Careers.Homedepot.ca,_blank,,"CAN Hourly External GQ - March 27,2025",
112068,"Req188437<i class=""fas fa-calendar-alt""></i>Full Time<i class=""fas fa-street-view""></i>Onsite",Req188437,"Spécialiste des ventes, menuiserie (Temps plein)",QC - Montreal,"Montreal, QC  H4N 3L5",1000 rue Sauve Ouest,Montreal,Quebec,Stores/Operations,Retail Store,Full Time,,"1000 rue Sauve Ouest, Montreal, QC  H4N 3L5",Onsite,93,1785447449,,[],"{'name': 'The Home Depot Canada', 'key': 'hd', 'logo': '/build/images/static/logo.8eb14c19.png', 'icon': '/build/images/static/logo.8eb14c19.png'}",316.46383939497423,,https://careers.homedepot.ca/job-view/specialiste-des-ventes-menuiserie-temps-plein-job-posting-3-152309,https://homedepot.wd5.myworkdayjobs.com/CareerDepotCanada/job/LACADIE-STORE---7146/Spcialiste-des-ventes--menuiserie--Temps-plein-_Req188437/apply?source=Careers.Homedepot.ca,_blank,,"CAN Hourly External GQ - March 27,2025",
110764,"Req187759<i class=""fas fa-calendar-alt""></i>Part Time<i class=""fas fa-street-view""></i>Onsite",Req187759,Associé(e) comptoir service à la clientèle (Temps partiel),QC - St. Constant,"St. Constant, QC  J5A 2S6",490 Voie de la Desserte,St. Constant,Quebec,Stores/Operations,Retail Store,Part Time,,"490 Voie de la Desserte, St. Constant, QC  J5A 2S6",Onsite,94,1784835445,,[],"{'name': 'The Home Depot Canada', 'key': 'hd', 'logo': '/build/images/static/logo.8eb14c19.png', 'icon': '/build/images/static/logo.8eb14c19.png'}",316.6466616674344,,https://careers.homedepot.ca/job-view/associe-e-comptoir-service-a-la-clientele-temps-partiel-job-posting-3-150824,https://homedepot.wd5.myworkdayjobs.com/CareerDepotCanada/job/ST-CONSTANT-STORE---7185/Associ-e--comptoir-service--la-clientle--Temps-partiel-_Req187759/apply?source=Careers.Homedepot.ca,_blank,,"CAN Hourly External GQ - March 27,2025",
111137,"Req187989<i class=""fas fa-calendar-alt""></i>Full Time<i class=""fas fa-street-view""></i>Onsite",Req187989,Associé(e) aux ventes Plomberie électricité - Temps plein,QC - St. Constant,"St. Constant, QC  J5A 2S6",490 Voie de la Desserte,St. Constant,Quebec,Stores/Operations,Retail Store,Full Time,,"490 Voie de la Desserte, St. Constant, QC  J5A 2S6",Onsite,95,1785173856,,[],"{'name': 'The Home Depot Canada', 'key': 'hd', 'logo': '/build/images/static/logo.8eb14c19.png', 'icon': '/build/images/static/logo.8eb14c19.png'}",316.6466616674344,,https://careers.homedepot.ca/job-view/associe-e-aux-ventes-plomberie-electricite-temps-plein-job-posting-3-151339-1,https://homedepot.wd5.myworkdayjobs.com/CareerDepotCanada/job/ST-CONSTANT-STORE---7185/Associ-e--aux-ventes-Plomberie-lectricit---Temps-plein_Req187989/apply?source=Careers.Homedepot.ca,_blank,,"CAN Hourly External GQ - March 27,2025",
111141,"Req187992<i class=""fas fa-calendar-alt""></i>Full Time<i class=""fas fa-street-view""></i>Onsite",Req187992,Associé(e) aux ventes - Cuisines et Salle de bains - Temps plein,QC - St. Constant,"St. Constant, QC  J5A 2S6",490 Voie de la Desserte,St. Constant,Quebec,Stores/Operations,Retail Store,Full Time,,"490 Voie de la Desserte, St. Constant, QC  J5A 2S6",Onsite,96,1785173856,,[],"{'name': 'The Home Depot Canada', 'key': 'hd', 'logo': '/build/images/static/logo.8eb14c19.png', 'icon': '/build/images/static/logo.8eb14c19.png'}",316.6466616674344,,https://careers.homedepot.ca/job-view/associe-e-aux-ventes-cuisines-et-salle-de-bains-temps-plein-job-posting-3-151391-1,https://homedepot.wd5.myworkdayjobs.com/CareerDepotCanada/job/ST-CONSTANT-STORE---7185/Associ-e--aux-ventes---Cuisines-et-Salle-de-bains---Temps-plein_Req187992/apply?source=Careers.Homedepot.ca,_blank,,"CAN Hourly External GQ - March 27,2025",
111147,"Req187991<i class=""fas fa-calendar-alt""></i>Full Time<i class=""fas fa-street-view""></i>Onsite",Req187991,Spécialiste des ventes- Revêtement de sol et décor (Temps plein),QC - St. Constant,"St. Constant, QC  J5A 2S6",490 Voie de la Desserte,St. Constant,Quebec,Stores/Operations,Retail Store,Full Time,,"490 Voie de la Desserte, St. Constant, QC  J5A 2S6",Onsite,97,1785173856,,[],"{'name': 'The Home Depot Canada', 'key': 'hd', 'logo': '/build/images/static/logo.8eb14c19.png', 'icon': '/build/images/static/logo.8eb14c19.png'}",316.6466616674344,,https://careers.homedepot.ca/job-view/specialiste-des-ventes-revetement-de-sol-et-decor-temps-plein-job-posting-3-151452,https://homedepot.wd5.myworkdayjobs.com/CareerDepotCanada/job/ST-CONSTANT-STORE---7185/Spcialiste-des-ventes--Revtement-de-sol-et-dcor---Temps-plein-_Req187991/apply?source=Careers.Homedepot.ca,_blank,,"CAN Hourly External GQ - March 27,2025",
111151,"Req187990<i class=""fas fa-calendar-alt""></i>Full Time<i class=""fas fa-street-view""></i>Onsite",Req187990,Associé(e) aux ventes - Peinture - Temps plein,QC - St. Constant,"St. Constant, QC  J5A 2S6",490 Voie de la Desserte,St. Constant,Quebec,Stores/Operations,Retail Store,Full Time,,"490 Voie de la Desserte, St. Constant, QC  J5A 2S6",Onsite,98,1785173856,,[],"{'name': 'The Home Depot Canada', 'key': 'hd', 'logo': '/build/images/static/logo.8eb14c19.png', 'icon': '/build/images/static/logo.8eb14c19.png'}",316.6466616674344,,https://careers.homedepot.ca/job-view/associe-e-aux-ventes-peinture-temps-plein-job-posting-3-151485-1,https://homedepot.wd5.myworkdayjobs.com/CareerDepotCanada/job/ST-CONSTANT-STORE---7185/Associ-e--aux-ventes---Peinture---Temps-plein_Req187990/apply?source=Careers.Homedepot.ca,_blank,,"CAN Hourly External GQ - March 27,2025",
112050,"Req188570<i class=""fas fa-calendar-alt""></i>Part Time<i class=""fas fa-street-view""></i>Onsite",Req188570,Chef(fe) Caissier(ère) (temps partiel),QC - St. Constant,"St. Constant, QC  J5A 2S6",490 Voie de la Desserte,St. Constant,Quebec,Stores/Operations,Retail Store,Part Time,,"490 Voie de la Desserte, St. Constant, QC  J5A 2S6",Onsite,99,1785447449,,[],"{'name': 'The Home Depot Canada', 'key': 'hd', 'logo': '/build/images/static/logo.8eb14c19.png', 'icon': '/build/images/static/logo.8eb14c19.png'}",316.6466616674344,,https://careers.homedepot.ca/job-view/chef-fe-caissier-ere-temps-partiel-job-posting-3-151974-1,https://homedepot.wd5.myworkdayjobs.com/CareerDepotCanada/job/ST-CONSTANT-STORE---7185/Chef-fe--Caissier-re---temps-partiel-_Req188570/apply?source=Careers.Homedepot.ca,_blank,,"CAN Hourly External GQ - March 27,2025",
110066,"Req187268<i class=""fas fa-calendar-alt""></i>Full Time<i class=""fas fa-street-view""></i>Onsite",Req187268,"Associé(e) bois et materiaux ,temps plein , temporaire 120 jours",QC - Montreal,"Montreal, QC  H2S 3S1","100, rue Beaubien Ouest",Montreal,Quebec,Stores/Operations,Retail Store,Full Time,,"100, rue Beaubien Ouest, Montreal, QC  H2S 3S1",Onsite,100,1784569048,,[],"{'name': 'The Home Depot Canada', 'key': 'hd', 'logo': '/build/images/static/logo.8eb14c19.png', 'icon': '/build/images/static/logo.8eb14c19.png'}",318.6671631621745,,https://careers.homedepot.ca/job-view/associe-e-bois-et-materiaux-temps-plein-temporaire-120-jours-job-posting-3-150251-1,https://homedepot.wd5.myworkdayjobs.com/CareerDepotCanada/job/BEAUBIEN-OUEST-STORE---7149/Associ-e--bois-et-materiaux--temps-plein---temporaire-120-jours_Req187268/apply?source=Careers.Homedepot.ca,_blank,,"CAN Hourly External GQ - March 27,2025",
110068,"Req187269<i class=""fas fa-calendar-alt""></i>Full Time<i class=""fas fa-street-view""></i>Onsite",Req187269,"Assocé(e) quincaillerie, temps plein, Temporaire 120 jours",QC - Montreal,"Montreal, QC  H2S 3S1","100, rue Beaubien Ouest",Montreal,Quebec,Stores/Operations,Retail Store,Full Time,,"100, rue Beaubien Ouest, Montreal, QC  H2S 3S1",Onsite,101,1784569048,,[],"{'name': 'The Home Depot Canada', 'key': 'hd', 'logo': '/build/images/static/logo.8eb14c19.png', 'icon': '/build/images/static/logo.8eb14c19.png'}",318.6671631621745,,https://careers.homedepot.ca/job-view/assoce-e-quincaillerie-temps-plein-temporaire-120-jours-job-posting-3-150270-1,https://homedepot.wd5.myworkdayjobs.com/CareerDepotCanada/job/BEAUBIEN-OUEST-STORE---7149/Assoc-e--quincaillerie--temps-plein--Temporaire-120-jours_Req187269/apply?source=Careers.Homedepot.ca,_blank,,"CAN Hourly External GQ - March 27,2025",
110538,"Req187687<i class=""fas fa-calendar-alt""></i>Part Time<i class=""fas fa-street-view""></i>Onsite",Req187687,Associé(e) aux ventes - Saisonier (Temps partiel) temporaire 120j,QC - Montreal,"Montreal, QC  H2S 3S1","100, rue Beaubien Ouest",Montreal,Quebec,Stores/Operations,Retail Store,Part Time,,"100, rue Beaubien Ouest, Montreal, QC  H2S 3S1",Onsite,102,1784810240,,[],"{'name': 'The Home Depot Canada', 'key': 'hd', 'logo': '/build/images/static/logo.8eb14c19.png', 'icon': '/build/images/static/logo.8eb14c19.png'}",318.6671631621745,,https://careers.homedepot.ca/job-view/associe-e-aux-ventes-saisonier-temps-partiel-temporaire-120j-job-posting-3-150555-1,https://homedepot.wd5.myworkdayjobs.com/CareerDepotCanada/job/BEAUBIEN-OUEST-STORE---7149/Associ-e--aux-ventes---Saisonier--Temps-partiel--temporaire-120j_Req187687/apply?source=Careers.Homedepot.ca,_blank,,"CAN Hourly External GQ - March 27,2025",
111729,"Req187282<i class=""fas fa-calendar-alt""></i>Full Time<i class=""fas fa-street-view""></i>Onsite",Req187282,"Associé(e) location d'outils, temps plein, Temporaire 120 jours",QC - Montreal,"Montreal, QC  H2S 3S1","100, rue Beaubien Ouest",Montreal,Quebec,Stores/Operations,Retail Store,Full Time,,"100, rue Beaubien Ouest, Montreal, QC  H2S 3S1",Onsite,103,1785361049,,[],"{'name': 'The Home Depot Canada', 'key': 'hd', 'logo': '/build/images/static/logo.8eb14c19.png', 'icon': '/build/images/static/logo.8eb14c19.png'}",318.6671631621745,,https://careers.homedepot.ca/job-view/associe-e-location-doutils-temps-plein-temporaire-120-jours-job-posting-3-152067-1,https://homedepot.wd5.myworkdayjobs.com/CareerDepotCanada/job/BEAUBIEN-OUEST-STORE---7149/Associ-e--location-d-outils--temps-plein--Temporaire-120-jours_Req187282/apply?source=Careers.Homedepot.ca,_blank,,"CAN Hourly External GQ - March 27,2025",
112142,"Req188636<i class=""fas fa-calendar-alt""></i>Part Time<i class=""fas fa-street-view""></i>Onsite",Req188636,Associé(e) aux ventes - Cuisine et salle de bains (temps partiel),QC - Montreal,"Montreal, QC  H2S 3S1","100, rue Beaubien Ouest",Montreal,Quebec,Stores/Operations,Retail Store,Part Time,,"100, rue Beaubien Ouest, Montreal, QC  H2S 3S1",Onsite,104,1785508649,,[],"{'name': 'The Home Depot Canada', 'key': 'hd', 'logo': '/build/images/static/logo.8eb14c19.png', 'icon': '/build/images/static/logo.8eb14c19.png'}",318.6671631621745,,https://careers.homedepot.ca/job-view/associe-e-aux-ventes-cuisine-et-salle-de-bains-temps-partiel-job-posting-3-152135-1,https://homedepot.wd5.myworkdayjobs.com/CareerDepotCanada/job/BEAUBIEN-OUEST-STORE---7149/Associ-e--aux-ventes---Cuisine-et-salle-de-bains--temps-partiel-_Req188636/apply?source=Careers.Homedepot.ca,_blank,,"CAN Hourly External GQ - March 27,2025",
110937,"Req181092<i class=""fas fa-calendar-alt""></i>Full Time<i class=""fas fa-street-view""></i>Onsite",Req181092,Spécialiste des ventes - couvre plancher (temps plein),QC - Anjou,"Anjou, QC  H1J 2V7",11300 Renaude Lapointe,Anjou,Quebec,Stores/Operations,Retail Store,Full Time,,"11300 Renaude Lapointe, Anjou, QC  H1J 2V7",Onsite,105,1784925478,,[],"{'name': 'The Home Depot Canada', 'key': 'hd', 'logo': '/build/images/static/logo.8eb14c19.png', 'icon': '/build/images/static/logo.8eb14c19.png'}",321.1464825008542,,https://careers.homedepot.ca/job-view/specialiste-des-ventes-couvre-plancher-temps-plein-job-posting-3-150995,https://homedepot.wd5.myworkdayjobs.com/CareerDepotCanada/job/ANJOU-STORE---7156/Spcialiste-des-ventes---couvre-plancher--temps-plein-_Req181092/apply?source=Careers.Homedepot.ca,_blank,,"CAN Hourly External GQ - March 27,2025",
110939,"Req186011<i class=""fas fa-calendar-alt""></i>Full Time<i class=""fas fa-street-view""></i>Onsite",Req186011,Superviseur(e) de la Manutention (NUIT),QC - Anjou,"Anjou, QC  H1J 2V7",11300 Renaude Lapointe,Anjou,Quebec,Stores/Operations,Retail Store,Full Time,,"11300 Renaude Lapointe, Anjou, QC  H1J 2V7",Onsite,106,1784925478,,[],"{'name': 'The Home Depot Canada', 'key': 'hd', 'logo': '/build/images/static/logo.8eb14c19.png', 'icon': '/build/images/static/logo.8eb14c19.png'}",321.1464825008542,,https://careers.homedepot.ca/job-view/superviseur-e-de-la-manutention-nuit-job-posting-3-151129,https://homedepot.wd5.myworkdayjobs.com/CareerDepotCanada/job/ANJOU-STORE---7156/Superviseur-e--de-la-Manutention--NUIT-_Req186011/apply?source=Careers.Homedepot.ca,_blank,,"CAN External Hourly Overnights GQ - March 27,2025",
112380,"Req185095<i class=""fas fa-calendar-alt""></i>Full Time<i class=""fas fa-street-view""></i>Onsite",Req185095,Concepteur(trice) Cuisines et salles de bain (Temps plein),QC - Anjou,"Anjou, QC  H1J 2V7",11300 Renaude Lapointe,Anjou,Quebec,Stores/Operations,Retail Store,Full Time,,"11300 Renaude Lapointe, Anjou, QC  H1J 2V7",Onsite,107,1785788863,new-job,[],"{'name': 'The Home Depot Canada', 'key': 'hd', 'logo': '/build/images/static/logo.8eb14c19.png', 'icon': '/build/images/static/logo.8eb14c19.png'}",321.1464825008542,,https://careers.homedepot.ca/job-view/concepteur-trice-cuisines-et-salles-de-bain-temps-plein-job-posting-3-152912,https://homedepot.wd5.myworkdayjobs.com/CareerDepotCanada/job/ANJOU-STORE---7156/Concepteur-trice--Cuisines-et-salles-de-bain--Temps-plein-_Req185095/apply?source=Careers.Homedepot.ca,_blank,,"CAN Hourly External GQ - March 27,2025",
110540,"Req187720<i class=""fas fa-calendar-alt""></i>Full Time<i class=""fas fa-street-view""></i>Onsite",Req187720,Superviseur(e) de département - Temporaire,QC - Greenfield Park,"Greenfield Park, QC  J4V 3R4",500 Auguste,Greenfield Park,Quebec,Stores/Operations,Retail Store,Full Time,,"500 Auguste, Greenfield Park, QC  J4V 3R4",Onsite,108,1784810240,,[],"{'name': 'The Home Depot Canada', 'key': 'hd', 'logo': '/build/images/static/logo.8eb14c19.png', 'icon': '/build/images/static/logo.8eb14c19.png'}",324.3413398680679,,https://careers.homedepot.ca/job-view/superviseur-e-de-departement-temporaire-job-posting-3-150867,https://homedepot.wd5.myworkdayjobs.com/CareerDepotCanada/job/GREENFIELD-PARK-STORE---7152/Superviseur-e--de-dpartement---Temporaire_Req187720-1/apply?source=Careers.Homedepot.ca,_blank,,"CAN Hourly External GQ - March 27,2025",
111419,"Req188276<i class=""fas fa-calendar-alt""></i>Part Time<i class=""fas fa-street-view""></i>Onsite",Req188276,Caissier(ère) principal(e) (temps partiel),QC - Greenfield Park,"Greenfield Park, QC  J4V 3R4",500 Auguste,Greenfield Park,Quebec,Stores/Operations,Retail Store,Part Time,,"500 Auguste, Greenfield Park, QC  J4V 3R4",Onsite,109,1785271040,,[],"{'name': 'The Home Depot Canada', 'key': 'hd', 'logo': '/build/images/static/logo.8eb14c19.png', 'icon': '/build/images/static/logo.8eb14c19.png'}",324.3413398680679,,https://careers.homedepot.ca/job-view/caissier-ere-principal-e-temps-partiel-job-posting-3-151622-1,https://homedepot.wd5.myworkdayjobs.com/CareerDepotCanada/job/GREENFIELD-PARK-STORE---7152/Caissier-re--principal-e---temps-partiel-_Req188276/apply?source=Careers.Homedepot.ca,_blank,,"CAN Hourly External GQ - March 27,2025",
111433,"Req188297<i class=""fas fa-calendar-alt""></i>Part Time<i class=""fas fa-street-view""></i>Onsite",Req188297,Associé(e) aux ventes (temps partiel)- Greenfield Park,QC - Greenfield Park,"Greenfield Park, QC  J4V 3R4",500 Auguste,Greenfield Park,Quebec,Stores/Operations,Retail Store,Part Time,,"500 Auguste, Greenfield Park, QC  J4V 3R4",Onsite,110,1785271041,,[],"{'name': 'The Home Depot Canada', 'key': 'hd', 'logo': '/build/images/static/logo.8eb14c19.png', 'icon': '/build/images/static/logo.8eb14c19.png'}",324.3413398680679,,https://careers.homedepot.ca/job-view/associe-e-aux-ventes-temps-partiel-greenfield-park-job-posting-3-151802,https://homedepot.wd5.myworkdayjobs.com/CareerDepotCanada/job/GREENFIELD-PARK-STORE---7152/Associ-e--aux-ventes--temps-partiel---Greenfield-Park_Req188297/apply?source=Careers.Homedepot.ca,_blank,,"CAN Hourly External GQ - March 27,2025",
112207,"Req186365<i class=""fas fa-calendar-alt""></i>Part Time<i class=""fas fa-street-view""></i>Onsite",Req186365,Associé(e) - Services spéciaux (Temps partiel),QC - Greenfield Park,"Greenfield Park, QC  J4V 3R4",500 Auguste,Greenfield Park,Quebec,Stores/Operations,Retail Store,Part Time,,"500 Auguste, Greenfield Park, QC  J4V 3R4",Onsite,111,1785523055,,[],"{'name': 'The Home Depot Canada', 'key': 'hd', 'logo': '/build/images/static/logo.8eb14c19.png', 'icon': '/build/images/static/logo.8eb14c19.png'}",324.3413398680679,,https://careers.homedepot.ca/job-view/associe-e-services-speciaux-temps-partiel-job-posting-3-152306,https://homedepot.wd5.myworkdayjobs.com/CareerDepotCanada/job/GREENFIELD-PARK-STORE---7152/Associ-e----Services-spciaux--Temps-partiel-_Req186365/apply?source=Careers.Homedepot.ca,_blank,,"CAN Hourly External GQ - March 27,2025",
112216,"Req188680<i class=""fas fa-calendar-alt""></i>Part Time<i class=""fas fa-street-view""></i>Onsite",Req188680,Caissier(ère) - Temps partiel,QC - Greenfield Park,"Greenfield Park, QC  J4V 3R4",500 Auguste,Greenfield Park,Quebec,Stores/Operations,Retail Store,Part Time,,"500 Auguste, Greenfield Park, QC  J4V 3R4",Onsite,112,1785523055,,[],"{'name': 'The Home Depot Canada', 'key': 'hd', 'logo': '/build/images/static/logo.8eb14c19.png', 'icon': '/build/images/static/logo.8eb14c19.png'}",324.3413398680679,,https://careers.homedepot.ca/job-view/caissier-ere-temps-partiel-job-posting-3-152490-1,https://homedepot.wd5.myworkdayjobs.com/CareerDepotCanada/job/GREENFIELD-PARK-STORE---7152/Caissier-re----Temps-partiel_Req188680/apply?source=Careers.Homedepot.ca,_blank,,"CAN Hourly External GQ - March 27,2025",
110064,"Req187328<i class=""fas fa-calendar-alt""></i>Part Time<i class=""fas fa-street-view""></i>Onsite",Req187328,associé(ée) aux ventes de la quincaillerie,QC - St. Bruno de Montarville,"St. Bruno de Montarville, QC  J3V 6N8",901 rue De l’Etang,St. Bruno de Montarville,Quebec,Stores/Operations,Retail Store,Part Time,,"901 rue De l’Etang, St. Bruno de Montarville, QC  J3V 6N8",Onsite,113,1784569048,,[],"{'name': 'The Home Depot Canada', 'key': 'hd', 'logo': '/build/images/static/logo.8eb14c19.png', 'icon': '/build/images/static/logo.8eb14c19.png'}",328.29718014179775,,https://careers.homedepot.ca/job-view/associe-ee-aux-ventes-de-la-quincaillerie-job-posting-3-150181-1,https://homedepot.wd5.myworkdayjobs.com/CareerDepotCanada/job/ST-BRUNO-STORE---7150/associ-e--aux-ventes-de-la-quincaillerie_Req187328/apply?source=Careers.Homedepot.ca,_blank,,"CAN Hourly External GQ - March 27,2025",
112209,"Req188517<i class=""fas fa-calendar-alt""></i>Part Time<i class=""fas fa-street-view""></i>Onsite",Req188517,Associé(e) mise en marché - Temps partiel,QC - St. Bruno de Montarville,"St. Bruno de Montarville, QC  J3V 6N8",901 rue De l’Etang,St. Bruno de Montarville,Quebec,Merchandising,Retail Store,Part Time,,"901 rue De l’Etang, St. Bruno de Montarville, QC  J3V 6N8",Onsite,114,1785523055,,[],"{'name': 'The Home Depot Canada', 'key': 'hd', 'logo': '/build/images/static/logo.8eb14c19.png', 'icon': '/build/images/static/logo.8eb14c19.png'}",328.29718014179775,,https://careers.homedepot.ca/job-view/associe-e-mise-en-marche-temps-partiel-job-posting-3-152343-1,https://homedepot.wd5.myworkdayjobs.com/CareerDepotCanada/job/ST-BRUNO-STORE---7150/associ-e--mise-en-march---Temps-partiel-temporaire-120-jours_Req188517/apply?source=Careers.Homedepot.ca,_blank,,"CAN Hourly External GQ - March 27,2025",
110473,"Req184522<i class=""fas fa-calendar-alt""></i>Part Time<i class=""fas fa-street-view""></i>Onsite",Req184522,Associé(e) de la manutention - NUIT (Temps partiel),QC - St. Jean Sur Richelieu,"St. Jean Sur Richelieu, QC  J3A 1V1",850 Douglas Street,St. Jean Sur Richelieu,Quebec,Stores/Operations,Retail Store,Part Time,,"850 Douglas Street, St. Jean Sur Richelieu, QC  J3A 1V1",Onsite,115,1784734652,,[],"{'name': 'The Home Depot Canada', 'key': 'hd', 'logo': '/build/images/static/logo.8eb14c19.png', 'icon': '/build/images/static/logo.8eb14c19.png'}",330.0443255385916,,https://careers.homedepot.ca/job-view/associe-e-de-la-manutention-nuit-temps-partiel-job-posting-3-150735-1,https://homedepot.wd5.myworkdayjobs.com/CareerDepotCanada/job/ST-JEAN-SUR-RICHELIEU-STORE---7224/Associ-e--de-la-manutention---NUIT--Temps-partiel-_Req184522/apply?source=Careers.Homedepot.ca,_blank,,"CAN External Hourly Overnights GQ - March 27,2025",
110475,"Req185430<i class=""fas fa-calendar-alt""></i>Part Time<i class=""fas fa-street-view""></i>Onsite",Req185430,Associé(e) aux ventes - Cuisine et de salle de bain (Temps partiel) Disponible en tout temps,QC - St. Jean Sur Richelieu,"St. Jean Sur Richelieu, QC  J3A 1V1",850 Douglas Street,St. Jean Sur Richelieu,Quebec,Stores/Operations,Retail Store,Part Time,,"850 Douglas Street, St. Jean Sur Richelieu, QC  J3A 1V1",Onsite,116,1784734652,,[],"{'name': 'The Home Depot Canada', 'key': 'hd', 'logo': '/build/images/static/logo.8eb14c19.png', 'icon': '/build/images/static/logo.8eb14c19.png'}",330.0443255385916,,https://careers.homedepot.ca/job-view/associe-e-aux-ventes-cuisine-et-de-salle-de-bain-temps-partiel-disponible-en-tout-temps-job-posting-3-150769-1,https://homedepot.wd5.myworkdayjobs.com/CareerDepotCanada/job/ST-JEAN-SUR-RICHELIEU-STORE---7224/Associ-e--aux-ventes---Cuisine-et-de-salle-de-bain--Temps-partiel--Disponible-en-tout-temps_Req185430/apply?source=Careers.Homedepot.ca,_blank,,"CAN Hourly External GQ - March 27,2025",
111131,"Req188032<i class=""fas fa-calendar-alt""></i>Part Time<i class=""fas fa-street-view""></i>Onsite",Req188032,Associé(e) à la Manutention- Équipe de nuit - (Temps partiel),QC - St. Jean Sur Richelieu,"St. Jean Sur Richelieu, QC  J3A 1V1",850 Douglas Street,St. Jean Sur Richelieu,Quebec,Stores/Operations,Retail Store,Part Time,,"850 Douglas Street, St. Jean Sur Richelieu, QC  J3A 1V1",Onsite,117,1785173856,,[],"{'name': 'The Home Depot Canada', 'key': 'hd', 'logo': '/build/images/static/logo.8eb14c19.png', 'icon': '/build/images/static/logo.8eb14c19.png'}",330.0443255385916,,https://careers.homedepot.ca/job-view/associe-e-a-la-manutention-equipe-de-nuit-temps-partiel-job-posting-3-151252-1,https://homedepot.wd5.myworkdayjobs.com/CareerDepotCanada/job/ST-JEAN-SUR-RICHELIEU-STORE---7224/Associ-e---la-Manutention--quipe-de-nuit----Temps-partiel-_Req188032/apply?source=Careers.Homedepot.ca,_blank,,"CAN External Hourly Overnights GQ - March 27,2025",
111297,"Req186446<i class=""fas fa-calendar-alt""></i>Part Time<i class=""fas fa-street-view""></i>Onsite",Req186446,Receiving Associate Part-Time - 7236 Timmins,ON - Timmins,"Timmins, ON  P4N 7C3",2143 Riverside Drive,Timmins,Ontario,Stores/Operations,Retail Store,Part Time,,"2143 Riverside Drive, Timmins, ON  P4N 7C3",Onsite,118,1785209843,,[],"{'name': 'The Home Depot Canada', 'key': 'hd', 'logo': '/build/images/static/logo.8eb14c19.png', 'icon': '/build/images/static/logo.8eb14c19.png'}",337.9397181872339,,https://careers.homedepot.ca/job-view/receiving-associate-part-time-7236-timmins-job-posting-3-151515,https://homedepot.wd5.myworkdayjobs.com/CareerDepotCanada/job/TIMMINS-STORE---7236/Receiving-Associate-Part-Time---7236-Timmins_Req186446/apply?source=Careers.Homedepot.ca,_blank,,"CAN Hourly External GQ - March 27,2025",
110343,"Req184746<i class=""fas fa-calendar-alt""></i>Full Time<i class=""fas fa-street-view""></i>Onsite",Req184746,"Superviseur(e) - Pro, location et portes et fenêtres (Interim)",QC - Granby,"Granby, QC  J2G 8C9","165, rue Simonds Nord",Granby,Quebec,Stores/Operations,Retail Store,Full Time,,"165, rue Simonds Nord, Granby, QC  J2G 8C9",Onsite,119,1784662651,,[],"{'name': 'The Home Depot Canada', 'key': 'hd', 'logo': '/build/images/static/logo.8eb14c19.png', 'icon': '/build/images/static/logo.8eb14c19.png'}",355.6649397079715,,https://careers.homedepot.ca/job-view/superviseur-e-pro-location-et-portes-et-fenetres-interim-job-posting-3-150516,https://homedepot.wd5.myworkdayjobs.com/CareerDepotCanada/job/GRANBY-STORE---7188/Superviseur---Bois--Matriaux-et-Quincaillerie--intrim---Temps-plein-_Req184746/apply?source=Careers.Homedepot.ca,_blank,,"CAN Hourly External GQ - March 27,2025",
111134,"Req188065<i class=""fas fa-calendar-alt""></i>Part Time<i class=""fas fa-street-view""></i>Onsite",Req188065,Caissier(ière) (temps partiel),QC - Granby,"Granby, QC  J2G 8C9","165, rue Simonds Nord",Granby,Quebec,Stores/Operations,Retail Store,Part Time,,"165, rue Simonds Nord, Granby, QC  J2G 8C9",Onsite,120,1785173856,,[],"{'name': 'The Home Depot Canada', 'key': 'hd', 'logo': '/build/images/static/logo.8eb14c19.png', 'icon': '/build/images/static/logo.8eb14c19.png'}",355.6649397079715,,https://careers.homedepot.ca/job-view/caissier-iere-temps-partiel-job-posting-3-151272,https://homedepot.wd5.myworkdayjobs.com/CareerDepotCanada/job/GRANBY-STORE---7188/Caissier-ire---temps-partiel-_Req188065/apply?source=Careers.Homedepot.ca,_blank,,"CAN Hourly External GQ - March 27,2025",
111182,"Req187327<i class=""fas fa-calendar-alt""></i>Full Time<i class=""fas fa-street-view""></i>Onsite",Req187327,Associé(ée) aux ventes des bois et matériaux (temps plein),QC - Granby,"Granby, QC  J2G 8C9","165, rue Simonds Nord",Granby,Quebec,Stores/Operations,Retail Store,Full Time,,"165, rue Simonds Nord, Granby, QC  J2G 8C9",Onsite,121,1785181044,,[],"{'name': 'The Home Depot Canada', 'key': 'hd', 'logo': '/build/images/static/logo.8eb14c19.png', 'icon': '/build/images/static/logo.8eb14c19.png'}",355.6649397079715,,https://careers.homedepot.ca/job-view/associe-ee-aux-ventes-des-bois-et-materiaux-temps-plein-job-posting-3-151263-1,https://homedepot.wd5.myworkdayjobs.com/CareerDepotCanada/job/GRANBY-STORE---7188/Associ-e--aux-ventes-des-bois-et-matriaux--temps-plein-_Req187327/apply?source=Careers.Homedepot.ca,_blank,,"CAN Hourly External GQ - March 27,2025",
111189,"Req187375<i class=""fas fa-calendar-alt""></i>Full Time<i class=""fas fa-street-view""></i>Onsite",Req187375,"Spécialiste des ventes, menuiserie (temps plein)",QC - Granby,"Granby, QC  J2G 8C9","165, rue Simonds Nord",Granby,Quebec,Stores/Operations,Retail Store,Full Time,,"165, rue Simonds Nord, Granby, QC  J2G 8C9",Onsite,122,1785181044,,[],"{'name': 'The Home Depot Canada', 'key': 'hd', 'logo': '/build/images/static/logo.8eb14c19.png', 'icon': '/build/images/static/logo.8eb14c19.png'}",355.6649397079715,,https://careers.homedepot.ca/job-view/specialiste-des-ventes-menuiserie-temps-plein-job-posting-3-151537,https://homedepot.wd5.myworkdayjobs.com/CareerDepotCanada/job/GRANBY-STORE---7188/Spcialiste-des-ventes--menuiserie--temps-plein-_Req187375/apply?source=Careers.Homedepot.ca,_blank,,"CAN Hourly External GQ - March 27,2025",
111427,"Req185865<i class=""fas fa-calendar-alt""></i>Part Time<i class=""fas fa-street-view""></i>Onsite",Req185865,caissier (e) (temps partiel),QC - Granby,"Granby, QC  J2G 8C9","165, rue Simonds Nord",Granby,Quebec,Stores/Operations,Retail Store,Part Time,,"165, rue Simonds Nord, Granby, QC  J2G 8C9",Onsite,123,1785271041,,[],"{'name': 'The Home Depot Canada', 'key': 'hd', 'logo': '/build/images/static/logo.8eb14c19.png', 'icon': '/build/images/static/logo.8eb14c19.png'}",355.6649397079715,,https://careers.homedepot.ca/job-view/caissier-e-temps-partiel-job-posting-3-151771-1,https://homedepot.wd5.myworkdayjobs.com/CareerDepotCanada/job/GRANBY-STORE---7188/caissier--e---temps-partiel--temporaire_Req185865/apply?source=Careers.Homedepot.ca,_blank,,"CAN Hourly External GQ - March 27,2025",
110057,"Req187299<i class=""fas fa-calendar-alt""></i>Part Time<i class=""fas fa-street-view""></i>Onsite",Req187299,Associé(e) Avant du magasin (temps partiel) TEMPORAIRE,QC - Trois Rivieres,"Trois Rivieres, QC  G9A 6P9",4500 Real-Proulx,Trois Rivieres,Quebec,Stores/Operations,Retail Store,Part Time,,"4500 Real-Proulx, Trois Rivieres, QC  G9A 6P9",Onsite,124,1784569048,,[],"{'name': 'The Home Depot Canada', 'key': 'hd', 'logo': '/build/images/static/logo.8eb14c19.png', 'icon': '/build/images/static/logo.8eb14c19.png'}",385.99738523401686,,https://careers.homedepot.ca/job-view/associe-e-avant-du-magasin-temps-partiel-temporaire-job-posting-3-150130-1,https://homedepot.wd5.myworkdayjobs.com/CareerDepotCanada/job/TROIS-RIVIERES-STORE---7169/Associ-e--Avant-du-magasin--temps-partiel--TEMPORAIRE_Req187299/apply?source=Careers.Homedepot.ca,_blank,,"CAN Hourly External GQ - March 27,2025",
110335,"Req184650<i class=""fas fa-calendar-alt""></i>Part Time<i class=""fas fa-street-view""></i>Onsite",Req184650,"Associé(e) à la location d'outils, temporaire (temps partiel)",QC - Trois Rivieres,"Trois Rivieres, QC  G9A 6P9",4500 Real-Proulx,Trois Rivieres,Quebec,Stores/Operations,Retail Store,Part Time,,"4500 Real-Proulx, Trois Rivieres, QC  G9A 6P9",Onsite,125,1784659048,,[],"{'name': 'The Home Depot Canada', 'key': 'hd', 'logo': '/build/images/static/logo.8eb14c19.png', 'icon': '/build/images/static/logo.8eb14c19.png'}",385.99738523401686,,https://careers.homedepot.ca/job-view/associe-e-a-la-location-doutils-temporaire-temps-partiel-job-posting-3-150597-1,https://homedepot.wd5.myworkdayjobs.com/CareerDepotCanada/job/TROIS-RIVIERES-STORE---7169/Associ-e---la-location-d-outils--temporaire--temps-partiel-_Req184650/apply?source=Careers.Homedepot.ca,_blank,,"CAN Hourly External GQ - March 27,2025",
111139,"Req188056<i class=""fas fa-calendar-alt""></i>Full Time<i class=""fas fa-street-view""></i>Onsite",Req188056,Associé(e) à la manutention de NUIT (temps plein),QC - Trois Rivieres,"Trois Rivieres, QC  G9A 6P9",4500 Real-Proulx,Trois Rivieres,Quebec,Stores/Operations,Retail Store,Full Time,,"4500 Real-Proulx, Trois Rivieres, QC  G9A 6P9",Onsite,126,1785173856,,[],"{'name': 'The Home Depot Canada', 'key': 'hd', 'logo': '/build/images/static/logo.8eb14c19.png', 'icon': '/build/images/static/logo.8eb14c19.png'}",385.99738523401686,,https://careers.homedepot.ca/job-view/associe-e-a-la-manutention-de-nuit-temps-plein-job-posting-3-151341,https://homedepot.wd5.myworkdayjobs.com/CareerDepotCanada/job/TROIS-RIVIERES-STORE---7169/Associ-e---la-manutention-de-NUIT--temps-plein-_Req188056/apply?source=Careers.Homedepot.ca,_blank,,"CAN External Hourly Overnights GQ - March 27,2025",
111145,"Req188026<i class=""fas fa-calendar-alt""></i>Part Time<i class=""fas fa-street-view""></i>Onsite",Req188026,Associé(e) aux services spéciaux (temps partiel),QC - Trois Rivieres,"Trois Rivieres, QC  G9A 6P9",4500 Real-Proulx,Trois Rivieres,Quebec,Stores/Operations,Retail Store,Part Time,,"4500 Real-Proulx, Trois Rivieres, QC  G9A 6P9",Onsite,127,1785173856,,[],"{'name': 'The Home Depot Canada', 'key': 'hd', 'logo': '/build/images/static/logo.8eb14c19.png', 'icon': '/build/images/static/logo.8eb14c19.png'}",385.99738523401686,,https://careers.homedepot.ca/job-view/associe-e-aux-services-speciaux-temps-partiel-job-posting-3-151441,https://homedepot.wd5.myworkdayjobs.com/CareerDepotCanada/job/TROIS-RIVIERES-STORE---7169/Associ-e--aux-services-spciaux--temps-partiel-_Req188026/apply?source=Careers.Homedepot.ca,_blank,,"CAN Hourly External GQ - March 27,2025",
111685,"Req188422<i class=""fas fa-calendar-alt""></i>Full Time<i class=""fas fa-street-view""></i>Onsite",Req188422,Superviseur(e) à la réception de nuit,QC - Trois Rivieres,"Trois Rivieres, QC  G9A 6P9",4500 Real-Proulx,Trois Rivieres,Quebec,Stores/Operations,Retail Store,Full Time,,"4500 Real-Proulx, Trois Rivieres, QC  G9A 6P9",Onsite,128,1785353847,,[],"{'name': 'The Home Depot Canada', 'key': 'hd', 'logo': '/build/images/static/logo.8eb14c19.png', 'icon': '/build/images/static/logo.8eb14c19.png'}",385.99738523401686,,https://careers.homedepot.ca/job-view/superviseur-e-a-la-reception-de-nuit-job-posting-3-151882-1,https://homedepot.wd5.myworkdayjobs.com/CareerDepotCanada/job/TROIS-RIVIERES-STORE---7169/Superviseur-e---la-rception-de-nuit_Req188422/apply?source=Careers.Homedepot.ca,_blank,,"CAN Hourly External GQ - March 27,2025",
112378,"Req188844<i class=""fas fa-calendar-alt""></i>Full Time<i class=""fas fa-street-view""></i>Onsite",Req188844,Associé(e) à la réception (temps plein),QC - Trois Rivieres,"Trois Rivieres, QC  G9A 6P9",4500 Real-Proulx,Trois Rivieres,Quebec,Stores/Operations,Retail Store,Full Time,,"4500 Real-Proulx, Trois Rivieres, QC  G9A 6P9",Onsite,129,1785788863,new-job,[],"{'name': 'The Home Depot Canada', 'key': 'hd', 'logo': '/build/images/static/logo.8eb14c19.png', 'icon': '/build/images/static/logo.8eb14c19.png'}",385.99738523401686,,https://careers.homedepot.ca/job-view/associe-e-a-la-reception-temps-plein-job-posting-3-152904,https://homedepot.wd5.myworkdayjobs.com/CareerDepotCanada/job/TROIS-RIVIERES-STORE---7169/Associ-e---la-rception--temps-plein-_Req188844/apply?source=Careers.Homedepot.ca,_blank,,"CAN Hourly External GQ - March 27,2025",
110010,"Req187191<i class=""fas fa-calendar-alt""></i>Full Time<i class=""fas fa-street-view""></i>Onsite",Req187191,Superviseur(e) Manutention de NUIT,QC - Sherbrooke,"Sherbrooke, QC  J1L 3E2",1355 boulevard du Plateau Saint-Joseph,Sherbrooke,Quebec,Stores/Operations,Retail Store,Full Time,,"1355 boulevard du Plateau Saint-Joseph, Sherbrooke, QC  J1L 3E2",Onsite,130,1784558249,,[],"{'name': 'The Home Depot Canada', 'key': 'hd', 'logo': '/build/images/static/logo.8eb14c19.png', 'icon': '/build/images/static/logo.8eb14c19.png'}",392.28975686690205,,https://careers.homedepot.ca/job-view/superviseur-e-manutention-de-nuit-job-posting-3-150279,https://homedepot.wd5.myworkdayjobs.com/CareerDepotCanada/job/SHERBROOKE-STORE---7089/Superviseur-e--Manutention-de-NUIT_Req187191/apply?source=Careers.Homedepot.ca,_blank,,"CAN External Hourly Overnights GQ - March 27,2025",
110964,"Req187929<i class=""fas fa-calendar-alt""></i>Full Time<i class=""fas fa-street-view""></i>Onsite",Req187929,Preposé(e) à la Préparation de commandes (temps plein),QC - Sherbrooke,"Sherbrooke, QC  J1L 3E2",1355 boulevard du Plateau Saint-Joseph,Sherbrooke,Quebec,Stores/Operations,Retail Store,Full Time,,"1355 boulevard du Plateau Saint-Joseph, Sherbrooke, QC  J1L 3E2",Onsite,131,1784929045,,[],"{'name': 'The Home Depot Canada', 'key': 'hd', 'logo': '/build/images/static/logo.8eb14c19.png', 'icon': '/build/images/static/logo.8eb14c19.png'}",392.28975686690205,,https://careers.homedepot.ca/job-view/prepose-e-a-la-preparation-de-commandes-temps-plein-job-posting-3-151179-1,https://homedepot.wd5.myworkdayjobs.com/CareerDepotCanada/job/SHERBROOKE-STORE---7089/Prepos-e---la-Prparation-de-commandes--temps-plein-_Req187929/apply?source=Careers.Homedepot.ca,_blank,,"CAN Hourly External GQ - March 27,2025",
112376,"Req183627<i class=""fas fa-calendar-alt""></i>Full Time<i class=""fas fa-street-view""></i>Onsite",Req183627,Directeur(rice) des Ressources Humaines - Home Depot Sherbrooke,QC - Sherbrooke,"Sherbrooke, QC  J1L 3E2",1355 boulevard du Plateau Saint-Joseph,Sherbrooke,Quebec,Human Resources,Corporate,Full Time,,"1355 boulevard du Plateau Saint-Joseph, Sherbrooke, QC  J1L 3E2",Onsite,132,1785767842,new-job,[],"{'name': 'The Home Depot Canada', 'key': 'hd', 'logo': '/build/images/static/logo.8eb14c19.png', 'icon': '/build/images/static/logo.8eb14c19.png'}",392.28975686690205,,https://careers.homedepot.ca/job-view/directeur-rice-des-ressources-humaines-home-depot-sherbrooke-job-posting-3-152788-1,https://homedepot.wd5.myworkdayjobs.com/CareerDepotCanada/job/SHERBROOKE-STORE---7089/Directeur-rice--des-Ressources-Humaines---Home-Depot-Sherbrooke_Req183627-1/apply?source=Careers.Homedepot.ca,_blank,,"CAN SSC Salary External GQ - July 16,2024",
110074,"Req187331<i class=""fas fa-calendar-alt""></i>Full Time<i class=""fas fa-street-view""></i>Onsite",Req187331,Associé(e) au Stationnement (temps plein),QC - Victoriaville,"Victoriaville, QC  G6P 6S2",160 boulevard Arthabaska Ouest,Victoriaville,Quebec,Stores/Operations,Retail Store,Full Time,,"160 boulevard Arthabaska Ouest, Victoriaville, QC  G6P 6S2",Onsite,133,1784569048,,[],"{'name': 'The Home Depot Canada', 'key': 'hd', 'logo': '/build/images/static/logo.8eb14c19.png', 'icon': '/build/images/static/logo.8eb14c19.png'}",407.55985291631487,,https://careers.homedepot.ca/job-view/associe-e-au-stationnement-temps-plein-job-posting-3-150367,https://homedepot.wd5.myworkdayjobs.com/CareerDepotCanada/job/VICTORIAVILLE-STORE---7087/Associ-e--au-Stationnement--temps-plein-_Req187331/apply?source=Careers.Homedepot.ca,_blank,,"CAN Hourly External GQ - March 27,2025",
110959,"Req187862<i class=""fas fa-calendar-alt""></i>Full Time<i class=""fas fa-street-view""></i>Onsite",Req187862,Technicien(ne) à la location d'outils - Temps plein,QC - Victoriaville,"Victoriaville, QC  G6P 6S2",160 boulevard Arthabaska Ouest,Victoriaville,Quebec,HD Rental,Corporate,Full Time,,"160 boulevard Arthabaska Ouest, Victoriaville, QC  G6P 6S2",Onsite,134,1784929045,,[],"{'name': 'The Home Depot Canada', 'key': 'hd', 'logo': '/build/images/static/logo.8eb14c19.png', 'icon': '/build/images/static/logo.8eb14c19.png'}",407.55985291631487,,https://careers.homedepot.ca/job-view/technicien-ne-a-la-location-doutils-temps-plein-job-posting-3-151090-1,https://homedepot.wd5.myworkdayjobs.com/CareerDepotCanada/job/VICTORIAVILLE-STORE---7087/Technicien-ne---la-location-d-outils---Temps-plein_Req187862/apply?source=Careers.Homedepot.ca,_blank,,"CAN Hourly External GQ - March 27,2025",
111453,"Req186609<i class=""fas fa-calendar-alt""></i>Part Time<i class=""fas fa-street-view""></i>Onsite",Req186609,Associé(e) aux ventes - Quincaillerie /matériaux (Temps partiel),QC - Victoriaville,"Victoriaville, QC  G6P 6S2",160 boulevard Arthabaska Ouest,Victoriaville,Quebec,Stores/Operations,Retail Store,Part Time,,"160 boulevard Arthabaska Ouest, Victoriaville, QC  G6P 6S2",Onsite,135,1785274646,,[],"{'name': 'The Home Depot Canada', 'key': 'hd', 'logo': '/build/images/static/logo.8eb14c19.png', 'icon': '/build/images/static/logo.8eb14c19.png'}",407.55985291631487,,https://careers.homedepot.ca/job-view/associe-e-aux-ventes-quincaillerie-materiaux-temps-partiel-job-posting-3-151724-1,https://homedepot.wd5.myworkdayjobs.com/CareerDepotCanada/job/VICTORIAVILLE-STORE---7087/Associ-e--aux-ventes---Quincaillerie--matriaux--Temps-partiel-_Req186609/apply?source=Careers.Homedepot.ca,_blank,,"CAN Hourly External GQ - March 27,2025",
111457,"Req188309<i class=""fas fa-calendar-alt""></i>Part Time<i class=""fas fa-street-view""></i>Onsite",Req188309,Associé(e) aux ventes Quincaillerie (Temps partiel) TEMPORAIRE,QC - Victoriaville,"Victoriaville, QC  G6P 6S2",160 boulevard Arthabaska Ouest,Victoriaville,Quebec,Stores/Operations,Retail Store,Part Time,,"160 boulevard Arthabaska Ouest, Victoriaville, QC  G6P 6S2",Onsite,136,1785274646,,[],"{'name': 'The Home Depot Canada', 'key': 'hd', 'logo': '/build/images/static/logo.8eb14c19.png', 'icon': '/build/images/static/logo.8eb14c19.png'}",407.55985291631487,,https://careers.homedepot.ca/job-view/associe-e-aux-ventes-quincaillerie-temps-partiel-temporaire-job-posting-3-151828-1,https://homedepot.wd5.myworkdayjobs.com/CareerDepotCanada/job/VICTORIAVILLE-STORE---7087/Associ-e--aux-ventes-Quincaillerie--Temps-partiel--TEMPORAIRE_Req188309/apply?source=Careers.Homedepot.ca,_blank,,"CAN Hourly External GQ - March 27,2025",
112371,"Req188767<i class=""fas fa-calendar-alt""></i>Part Time<i class=""fas fa-street-view""></i>Onsite",Req188767,Associé aux ventes - quincaillerie (temps partiel),QC - Victoriaville,"Victoriaville, QC  G6P 6S2",160 boulevard Arthabaska Ouest,Victoriaville,Quebec,Stores/Operations,Retail Store,Part Time,,"160 boulevard Arthabaska Ouest, Victoriaville, QC  G6P 6S2",Onsite,137,1785764258,new-job,[],"{'name': 'The Home Depot Canada', 'key': 'hd', 'logo': '/build/images/static/logo.8eb14c19.png', 'icon': '/build/images/static/logo.8eb14c19.png'}",407.55985291631487,,https://careers.homedepot.ca/job-view/associe-aux-ventes-quincaillerie-temps-partiel-job-posting-3-152748-1,https://homedepot.wd5.myworkdayjobs.com/CareerDepotCanada/job/VICTORIAVILLE-STORE---7087/Associ-aux-ventes---quincaillerie--temps-partiel-_Req188767/apply?source=Careers.Homedepot.ca,_blank,,"CAN Hourly External GQ - March 27,2025",
109521,"Req187048<i class=""fas fa-calendar-alt""></i>Full Time<i class=""fas fa-street-view""></i>Onsite",Req187048,Technicien de la location d'outils (Temps plein),QC - Ste-Foy,"Ste-Foy, QC  G2G 2R5",1516 Av. Jules-Verne,Ste-Foy,Quebec,Stores/Operations,Retail Store,Full Time,,"1516 Av. Jules-Verne, Ste-Foy, QC  G2G 2R5",Onsite,138,1784219850,,[],"{'name': 'The Home Depot Canada', 'key': 'hd', 'logo': '/build/images/static/logo.8eb14c19.png', 'icon': '/build/images/static/logo.8eb14c19.png'}",452.0153776903133,,https://careers.homedepot.ca/job-view/technicien-de-la-location-doutils-temps-plein-job-posting-3-149544,https://homedepot.wd5.myworkdayjobs.com/CareerDepotCanada/job/SAINTE-FOY-STORE---7163/Technicien-de-la-location-d-outils--Temps-plein-_Req187048/apply?source=Careers.Homedepot.ca,_blank,,"CAN Hourly External GQ - March 27,2025",
112075,"Req188525<i class=""fas fa-calendar-alt""></i>Full Time<i class=""fas fa-street-view""></i>Onsite",Req188525,Superviseur(e) du couvre plancher,QC - Ste-Foy,"Ste-Foy, QC  G2G 2R5",1516 Av. Jules-Verne,Ste-Foy,Quebec,Stores/Operations,Retail Store,Full Time,,"1516 Av. Jules-Verne, Ste-Foy, QC  G2G 2R5",Onsite,139,1785447449,,[],"{'name': 'The Home Depot Canada', 'key': 'hd', 'logo': '/build/images/static/logo.8eb14c19.png', 'icon': '/build/images/static/logo.8eb14c19.png'}",452.0153776903133,,https://careers.homedepot.ca/job-view/superviseur-e-du-couvre-plancher-job-posting-3-152347-1,https://homedepot.wd5.myworkdayjobs.com/CareerDepotCanada/job/SAINTE-FOY-STORE---7163/Superviseur-e--du-couvre-plancher_Req188525/apply?source=Careers.Homedepot.ca,_blank,,"CAN Hourly External GQ - March 27,2025",
107874,"Req186115<i class=""fas fa-calendar-alt""></i>Part Time<i class=""fas fa-street-view""></i>Onsite",Req186115,Associé(e) à la menuiserie (temps partiel),QC - Levis,"Levis, QC  G6W 8A8",500 Rue de la Concorde,Levis,Quebec,Stores/Operations,Retail Store,Part Time,,"500 Rue de la Concorde, Levis, QC  G6W 8A8",Onsite,140,1783449447,,[],"{'name': 'The Home Depot Canada', 'key': 'hd', 'logo': '/build/images/static/logo.8eb14c19.png', 'icon': '/build/images/static/logo.8eb14c19.png'}",453.6593115176464,,https://careers.homedepot.ca/job-view/associe-e-a-la-menuiserie-temps-partiel-job-posting-3-147886-1,https://homedepot.wd5.myworkdayjobs.com/CareerDepotCanada/job/ST-ROMUALD-STORE---7189/Associ-e---la-menuiserie--temps-partiel-_Req186115/apply?source=Careers.Homedepot.ca,_blank,,"CAN Hourly External GQ - March 27,2025",
110312,"Req184872<i class=""fas fa-calendar-alt""></i>Full Time<i class=""fas fa-street-view""></i>Onsite",Req184872,Spécialiste des ventes - Comptoir des entrepreneurs (Temps plein),QC - Levis,"Levis, QC  G6W 8A8",500 Rue de la Concorde,Levis,Quebec,Stores/Operations,Retail Store,Full Time,,"500 Rue de la Concorde, Levis, QC  G6W 8A8",Onsite,141,1784655453,,[],"{'name': 'The Home Depot Canada', 'key': 'hd', 'logo': '/build/images/static/logo.8eb14c19.png', 'icon': '/build/images/static/logo.8eb14c19.png'}",453.6593115176464,,https://careers.homedepot.ca/job-view/specialiste-des-ventes-comptoir-des-entrepreneurs-temps-plein-job-posting-3-150455,https://homedepot.wd5.myworkdayjobs.com/CareerDepotCanada/job/ST-ROMUALD-STORE---7189/Spcialiste-des-ventes---Comptoir-des-entrepreneurs--Temps-plein-_Req184872-1/apply?source=Careers.Homedepot.ca,_blank,,"CAN Hourly External GQ - March 27,2025",
111678,"Req188435<i class=""fas fa-calendar-alt""></i>Full Time<i class=""fas fa-street-view""></i>Onsite",Req188435,Associé(e) à la manutention de NUIT (Temps plein),QC - Levis,"Levis, QC  G6W 8A8",500 Rue de la Concorde,Levis,Quebec,Stores/Operations,Retail Store,Full Time,,"500 Rue de la Concorde, Levis, QC  G6W 8A8",Onsite,142,1785353847,,[],"{'name': 'The Home Depot Canada', 'key': 'hd', 'logo': '/build/images/static/logo.8eb14c19.png', 'icon': '/build/images/static/logo.8eb14c19.png'}",453.6593115176464,,https://careers.homedepot.ca/job-view/associe-e-a-la-manutention-de-nuit-temps-plein-job-posting-3-151816-1,https://homedepot.wd5.myworkdayjobs.com/CareerDepotCanada/job/ST-ROMUALD-STORE---7189/Associ-e---la-manutention-de-NUIT--Temps-plein-_Req188435/apply?source=Careers.Homedepot.ca,_blank,,"CAN External Hourly Overnights GQ - March 27,2025",
111699,"Req186808<i class=""fas fa-calendar-alt""></i>Full Time<i class=""fas fa-street-view""></i>Onsite",Req186808,Associé(e) Préparation des commandes (Temps plein) lun. au ven. 6:00 à 14:30,QC - Levis,"Levis, QC  G6W 8A8",500 Rue de la Concorde,Levis,Quebec,Stores/Operations,Retail Store,Full Time,,"500 Rue de la Concorde, Levis, QC  G6W 8A8",Onsite,143,1785353847,,[],"{'name': 'The Home Depot Canada', 'key': 'hd', 'logo': '/build/images/static/logo.8eb14c19.png', 'icon': '/build/images/static/logo.8eb14c19.png'}",453.6593115176464,,https://careers.homedepot.ca/job-view/associe-e-preparation-des-commandes-temps-plein-lun-au-ven-6-00-a-14-30-job-posting-3-151999,https://homedepot.wd5.myworkdayjobs.com/CareerDepotCanada/job/ST-ROMUALD-STORE---7189/Associ-e--Prparation-des-commandes--Temps-plein--lun-au-ven-6-00--14-30_Req186808/apply?source=Careers.Homedepot.ca,_blank,,"CAN Hourly External GQ - March 27,2025",
110579,"Req184825<i class=""fas fa-calendar-alt""></i>Full Time<i class=""fas fa-street-view""></i>Onsite",Req184825,Associé(e) de l'équipe de marchandisage (MET) (Temps plein),QC - Quebec City,"Quebec City, QC  G2J 1R8",300 rue Bouvier,Quebec City,Quebec,Merchandising,Retail Store,Full Time,,"300 rue Bouvier, Quebec City, QC  G2J 1R8",Onsite,144,1784821041,,[],"{'name': 'The Home Depot Canada', 'key': 'hd', 'logo': '/build/images/static/logo.8eb14c19.png', 'icon': '/build/images/static/logo.8eb14c19.png'}",457.0574655931778,,https://careers.homedepot.ca/job-view/associe-e-de-lequipe-de-marchandisage-met-temps-plein-job-posting-3-150908-1,https://homedepot.wd5.myworkdayjobs.com/CareerDepotCanada/job/LEBOURGNEUF-STORE---7162/Associ-e--de-l-quipe-de-marchandisage--MET---Temps-plein-_Req184825/apply?source=Careers.Homedepot.ca,_blank,,"CAN Hourly External GQ - March 27,2025",
111451,"Req188290<i class=""fas fa-calendar-alt""></i>Part Time<i class=""fas fa-street-view""></i>Onsite",Req188290,Caissier(ère) - Temps partiel,QC - Quebec City,"Quebec City, QC  G2J 1R8",300 rue Bouvier,Quebec City,Quebec,Stores/Operations,Retail Store,Part Time,,"300 rue Bouvier, Quebec City, QC  G2J 1R8",Onsite,145,1785274646,,[],"{'name': 'The Home Depot Canada', 'key': 'hd', 'logo': '/build/images/static/logo.8eb14c19.png', 'icon': '/build/images/static/logo.8eb14c19.png'}",457.0574655931778,,https://careers.homedepot.ca/job-view/caissier-ere-temps-partiel-job-posting-3-151655-1,https://homedepot.wd5.myworkdayjobs.com/CareerDepotCanada/job/LEBOURGNEUF-STORE---7162/Caissier-re----Temps-partiel_Req188290/apply?source=Careers.Homedepot.ca,_blank,,"CAN Hourly External GQ - March 27,2025",
111725,"Req186412<i class=""fas fa-calendar-alt""></i>Part Time<i class=""fas fa-street-view""></i>Onsite",Req186412,Associé(e) aux ventes - Revêtement de sol (temps partiel),QC - Quebec City,"Quebec City, QC  G2J 1R8",300 rue Bouvier,Quebec City,Quebec,Stores/Operations,Retail Store,Part Time,,"300 rue Bouvier, Quebec City, QC  G2J 1R8",Onsite,146,1785357456,,[],"{'name': 'The Home Depot Canada', 'key': 'hd', 'logo': '/build/images/static/logo.8eb14c19.png', 'icon': '/build/images/static/logo.8eb14c19.png'}",457.0574655931778,,https://careers.homedepot.ca/job-view/associe-e-aux-ventes-revetement-de-sol-temps-partiel-job-posting-3-152001-1,https://homedepot.wd5.myworkdayjobs.com/CareerDepotCanada/job/LEBOURGNEUF-STORE---7162/Associ-e--aux-ventes---Revtement-de-sol--temps-partiel-_Req186412/apply?source=Careers.Homedepot.ca,_blank,,"CAN Hourly External GQ - March 27,2025",
111808,"Req188488<i class=""fas fa-calendar-alt""></i>Full Time<i class=""fas fa-street-view""></i>Onsite",Req188488,Préposé(e) à la préparation des commandes (temps plein),QC - Quebec City,"Quebec City, QC  G2J 1R8",300 rue Bouvier,Quebec City,Quebec,Stores/Operations,Retail Store,Full Time,,"300 rue Bouvier, Quebec City, QC  G2J 1R8",Onsite,147,1785418647,,[],"{'name': 'The Home Depot Canada', 'key': 'hd', 'logo': '/build/images/static/logo.8eb14c19.png', 'icon': '/build/images/static/logo.8eb14c19.png'}",457.0574655931778,,https://careers.homedepot.ca/job-view/prepose-e-a-la-preparation-des-commandes-temps-plein-job-posting-3-152014-1,https://homedepot.wd5.myworkdayjobs.com/CareerDepotCanada/job/LEBOURGNEUF-STORE---7162/Prpos-e---la-prparation-des-commandes--temps-plein-_Req188488/apply?source=Careers.Homedepot.ca,_blank,,"CAN Hourly External GQ - March 27,2025",
112056,"Req188491<i class=""fas fa-calendar-alt""></i>Part Time<i class=""fas fa-street-view""></i>Onsite",Req188491,Associé(e) aux ventes Électricité/plomberie (Temps partiel),QC - Quebec City,"Quebec City, QC  G2J 1R8",300 rue Bouvier,Quebec City,Quebec,Stores/Operations,Retail Store,Part Time,,"300 rue Bouvier, Quebec City, QC  G2J 1R8",Onsite,148,1785447449,,[],"{'name': 'The Home Depot Canada', 'key': 'hd', 'logo': '/build/images/static/logo.8eb14c19.png', 'icon': '/build/images/static/logo.8eb14c19.png'}",457.0574655931778,,https://careers.homedepot.ca/job-view/associe-e-aux-ventes-electricite-plomberie-temps-partiel-job-posting-3-152213-1,https://homedepot.wd5.myworkdayjobs.com/CareerDepotCanada/job/LEBOURGNEUF-STORE---7162/Associ-e--aux-ventes-lectricit-plomberie--Temps-partiel-_Req188491/apply?source=Careers.Homedepot.ca,_blank,,"CAN Hourly External GQ - March 27,2025",
112064,"Req188548<i class=""fas fa-calendar-alt""></i>Part Time<i class=""fas fa-street-view""></i>Onsite",Req188548,Associé(e) de la location d'outils - Temps partiel,QC - Quebec City,"Quebec City, QC  G2J 1R8",300 rue Bouvier,Quebec City,Quebec,Stores/Operations,Retail Store,Part Time,,"300 rue Bouvier, Quebec City, QC  G2J 1R8",Onsite,149,1785447449,,[],"{'name': 'The Home Depot Canada', 'key': 'hd', 'logo': '/build/images/static/logo.8eb14c19.png', 'icon': '/build/images/static/logo.8eb14c19.png'}",457.0574655931778,,https://careers.homedepot.ca/job-view/associe-e-de-la-location-doutils-temps-partiel-job-posting-3-152276-1,https://homedepot.wd5.myworkdayjobs.com/CareerDepotCanada/job/LEBOURGNEUF-STORE---7162/Associ-e--de-la-location-d-outils---Temps-partiel_Req188548/apply?source=Careers.Homedepot.ca,_blank,,"CAN Hourly External GQ - March 27,2025",
112219,"Req188676<i class=""fas fa-calendar-alt""></i>Part Time<i class=""fas fa-street-view""></i>Onsite",Req188676,caissière temps partiel,QC - Quebec City,"Quebec City, QC  G2J 1R8",300 rue Bouvier,Quebec City,Quebec,Stores/Operations,Retail Store,Part Time,,"300 rue Bouvier, Quebec City, QC  G2J 1R8",Onsite,150,1785523055,,[],"{'name': 'The Home Depot Canada', 'key': 'hd', 'logo': '/build/images/static/logo.8eb14c19.png', 'icon': '/build/images/static/logo.8eb14c19.png'}",457.0574655931778,,https://careers.homedepot.ca/job-view/caissiere-temps-partiel-job-posting-3-152517-1,https://homedepot.wd5.myworkdayjobs.com/CareerDepotCanada/job/LEBOURGNEUF-STORE---7162/caissire-temps-partiel_Req188676-1/apply?source=Careers.Homedepot.ca,_blank,,"CAN Hourly External GQ - March 27,2025",
111280,"Req188051<i class=""fas fa-calendar-alt""></i>Full Time<i class=""fas fa-street-view""></i>Onsite",Req188051,Plumbing & Electrical Sales Associate Full-Time - 7102 Thunder Bay,ON - Thunder Bay,"Thunder Bay, ON  P7B 5L6",359 Main Street,Thunder Bay,Ontario,Stores/Operations,Retail Store,Full Time,,"359 Main Street, Thunder Bay, ON  P7B 5L6",Onsite,151,1785199069,,[],"{'name': 'The Home Depot Canada', 'key': 'hd', 'logo': '/build/images/static/logo.8eb14c19.png', 'icon': '/build/images/static/logo.8eb14c19.png'}",562.7949334083822,,https://careers.homedepot.ca/job-view/plumbing-electrical-sales-associate-full-time-7102-thunder-bay-job-posting-3-151533,https://homedepot.wd5.myworkdayjobs.com/CareerDepotCanada/job/THUNDER-BAY-STORE---7102/Plumbing---Electrical-Sales-Associate-Full-Time---7102-Thunder-Bay_Req188051/apply?source=Careers.Homedepot.ca,_blank,,"CAN Hourly External GQ - March 27,2025",
111421,"Req185058<i class=""fas fa-calendar-alt""></i>Full Time<i class=""fas fa-street-view""></i>Onsite",Req185058,Lot Associate Full-Time - 7102 Thunder Bay,ON - Thunder Bay,"Thunder Bay, ON  P7B 5L6",359 Main Street,Thunder Bay,Ontario,Stores/Operations,Retail Store,Full Time,,"359 Main Street, Thunder Bay, ON  P7B 5L6",Onsite,152,1785271040,,[],"{'name': 'The Home Depot Canada', 'key': 'hd', 'logo': '/build/images/static/logo.8eb14c19.png', 'icon': '/build/images/static/logo.8eb14c19.png'}",562.7949334083822,,https://careers.homedepot.ca/job-view/lot-associate-full-time-7102-thunder-bay-job-posting-3-151653,https://homedepot.wd5.myworkdayjobs.com/CareerDepotCanada/job/THUNDER-BAY-STORE---7102/Lot-Associate-Full-Time---7102-Thunder-Bay_Req185058/apply?source=Careers.Homedepot.ca,_blank,,"CAN Hourly External GQ - March 27,2025",
111020,"Req187728<i class=""fas fa-calendar-alt""></i>Part Time<i class=""fas fa-street-view""></i>Onsite",Req187728,Night Receiving Associate - Part Time (Saint John),NB - Saint John,"Saint John, NB  E2J 5E5",55 Depot Court,Saint John,New Brunswick,Stores/Operations,Retail Store,Part Time,,"55 Depot Court, Saint John, NB  E2J 5E5",Onsite,153,1785159445,,[],"{'name': 'The Home Depot Canada', 'key': 'hd', 'logo': '/build/images/static/logo.8eb14c19.png', 'icon': '/build/images/static/logo.8eb14c19.png'}",675.9752427994131,,https://careers.homedepot.ca/job-view/night-receiving-associate-part-time-saint-john-job-posting-3-151260,https://homedepot.wd5.myworkdayjobs.com/CareerDepotCanada/job/SAINT-JOHN-STORE---7103/Night-Receiving-Associate---Part-Time--Saint-John-_Req187728/apply?source=Careers.Homedepot.ca,_blank,,"CAN Hourly External GQ - March 27,2025",
111024,"Req187726<i class=""fas fa-calendar-alt""></i>Part Time<i class=""fas fa-street-view""></i>Onsite",Req187726,Lumber Associate - Part Time (Saint John),NB - Saint John,"Saint John, NB  E2J 5E5",55 Depot Court,Saint John,New Brunswick,Stores/Operations,Retail Store,Part Time,,"55 Depot Court, Saint John, NB  E2J 5E5",Onsite,154,1785159445,,[],"{'name': 'The Home Depot Canada', 'key': 'hd', 'logo': '/build/images/static/logo.8eb14c19.png', 'icon': '/build/images/static/logo.8eb14c19.png'}",675.9752427994131,,https://careers.homedepot.ca/job-view/lumber-associate-part-time-saint-john-job-posting-3-151280,https://homedepot.wd5.myworkdayjobs.com/CareerDepotCanada/job/SAINT-JOHN-STORE---7103/Lumber-Associate---Part-Time--Saint-John-_Req187726-1/apply?source=Careers.Homedepot.ca,_blank,,"CAN Hourly External GQ - March 27,2025",
111599,"Req186802<i class=""fas fa-calendar-alt""></i>Part Time<i class=""fas fa-street-view""></i>Onsite",Req186802,Kitchen & Bath Sales Part Time (SAINT JOHN),NB - Saint John,"Saint John, NB  E2J 5E5",55 Depot Court,Saint John,New Brunswick,Stores/Operations,Retail Store,Part Time,,"55 Depot Court, Saint John, NB  E2J 5E5",Onsite,155,1785343410,,[],"{'name': 'The Home Depot Canada', 'key': 'hd', 'logo': '/build/images/static/logo.8eb14c19.png', 'icon': '/build/images/static/logo.8eb14c19.png'}",675.9752427994131,,https://careers.homedepot.ca/job-view/kitchen-bath-sales-part-time-saint-john-job-posting-3-151840,https://homedepot.wd5.myworkdayjobs.com/CareerDepotCanada/job/SAINT-JOHN-STORE---7103/Kitchen---Bath-Sales-Part-Time--SAINT-JOHN-_Req186802/apply?source=Careers.Homedepot.ca,_blank,,"CAN Hourly External GQ - March 27,2025",
111416,"Req188211<i class=""fas fa-calendar-alt""></i>Part Time<i class=""fas fa-street-view""></i>Onsite",Req188211,Overnight Freight Associate - Part-Time (Moncton),NB - Moncton,"Moncton, NB  E1C 0G9",235 Mapleton Road,Moncton,New Brunswick,Stores/Operations,Retail Store,Part Time,,"235 Mapleton Road, Moncton, NB  E1C 0G9",Onsite,156,1785271040,,[],"{'name': 'The Home Depot Canada', 'key': 'hd', 'logo': '/build/images/static/logo.8eb14c19.png', 'icon': '/build/images/static/logo.8eb14c19.png'}",739.3849393743839,,https://careers.homedepot.ca/job-view/overnight-freight-associate-part-time-moncton-job-posting-3-151583,https://homedepot.wd5.myworkdayjobs.com/CareerDepotCanada/job/MONCTON-STORE---7148/Overnight-Freight-Associate---Part-Time--Moncton-_Req188211/apply?source=Careers.Homedepot.ca,_blank,,"CAN External Hourly Overnights GQ - March 27,2025",
111425,"Req188209<i class=""fas fa-calendar-alt""></i>Part Time<i class=""fas fa-street-view""></i>Onsite",Req188209,Special Services Associate - Part-Time (Moncton),NB - Moncton,"Moncton, NB  E1C 0G9",235 Mapleton Road,Moncton,New Brunswick,Stores/Operations,Retail Store,Part Time,,"235 Mapleton Road, Moncton, NB  E1C 0G9",Onsite,157,1785271041,,[],"{'name': 'The Home Depot Canada', 'key': 'hd', 'logo': '/build/images/static/logo.8eb14c19.png', 'icon': '/build/images/static/logo.8eb14c19.png'}",739.3849393743839,,https://careers.homedepot.ca/job-view/special-services-associate-part-time-moncton-job-posting-3-151754,https://homedepot.wd5.myworkdayjobs.com/CareerDepotCanada/job/MONCTON-STORE---7148/Special-Services-Associate---Part-Time---Moncton-_Req188209/apply?source=Careers.Homedepot.ca,_blank,,"CAN Hourly External GQ - March 27,2025",
111553,"Req188335<i class=""fas fa-calendar-alt""></i>Part Time<i class=""fas fa-street-view""></i>Onsite",Req188335,Lumber Sales Part Time (MONCTON),NB - Moncton,"Moncton, NB  E1C 0G9",235 Mapleton Road,Moncton,New Brunswick,Stores/Operations,Retail Store,Part Time,,"235 Mapleton Road, Moncton, NB  E1C 0G9",Onsite,158,1785332244,,[],"{'name': 'The Home Depot Canada', 'key': 'hd', 'logo': '/build/images/static/logo.8eb14c19.png', 'icon': '/build/images/static/logo.8eb14c19.png'}",739.3849393743839,,https://careers.homedepot.ca/job-view/lumber-sales-part-time-moncton-job-posting-3-151887,https://homedepot.wd5.myworkdayjobs.com/CareerDepotCanada/job/MONCTON-STORE---7148/Lumber-Sales-Part-Time--MONCTON-_Req188335/apply?source=Careers.Homedepot.ca,_blank,,"CAN Hourly External GQ - March 27,2025",
111571,"Req185882<i class=""fas fa-calendar-alt""></i>Part Time<i class=""fas fa-street-view""></i>Onsite",Req185882,Tool Rental Sales Part Time (NEW MINAS),NS - New Minas,"New Minas, NS  B4N 0C9",21 Silver Fox Ave.,New Minas,Nova Scotia,Stores/Operations,Retail Store,Part Time,,"21 Silver Fox Ave., New Minas, NS  B4N 0C9",Onsite,159,1785339450,,[],"{'name': 'The Home Depot Canada', 'key': 'hd', 'logo': '/build/images/static/logo.8eb14c19.png', 'icon': '/build/images/static/logo.8eb14c19.png'}",752.3577714604874,,https://careers.homedepot.ca/job-view/tool-rental-sales-part-time-new-minas-job-posting-3-151636,https://homedepot.wd5.myworkdayjobs.com/CareerDepotCanada/job/NEW-MINAS-STORE---7261/Tool-Rental-Sales-Part-Time--NEW-MINAS-_Req185882/apply?source=Careers.Homedepot.ca,_blank,,"CAN Hourly External GQ - March 27,2025",
111682,"Req188429<i class=""fas fa-calendar-alt""></i>Part Time<i class=""fas fa-street-view""></i>Onsite",Req188429,Paint Sales Part Time (NEW MINAS),NS - New Minas,"New Minas, NS  B4N 0C9",21 Silver Fox Ave.,New Minas,Nova Scotia,Stores/Operations,Retail Store,Part Time,,"21 Silver Fox Ave., New Minas, NS  B4N 0C9",Onsite,160,1785353847,,[],"{'name': 'The Home Depot Canada', 'key': 'hd', 'logo': '/build/images/static/logo.8eb14c19.png', 'icon': '/build/images/static/logo.8eb14c19.png'}",752.3577714604874,,https://careers.homedepot.ca/job-view/paint-sales-part-time-new-minas-job-posting-3-151835,https://homedepot.wd5.myworkdayjobs.com/CareerDepotCanada/job/NEW-MINAS-STORE---7261/Paint-Sales-Part-Time--NEW-MINAS-_Req188429/apply?source=Careers.Homedepot.ca,_blank,,"CAN Hourly External GQ - March 27,2025",
111692,"Req188426<i class=""fas fa-calendar-alt""></i>Full Time<i class=""fas fa-street-view""></i>Onsite",Req188426,Cashier Full Time (NEW MINAS),NS - New Minas,"New Minas, NS  B4N 0C9",21 Silver Fox Ave.,New Minas,Nova Scotia,Stores/Operations,Retail Store,Full Time,,"21 Silver Fox Ave., New Minas, NS  B4N 0C9",Onsite,161,1785353847,,[],"{'name': 'The Home Depot Canada', 'key': 'hd', 'logo': '/build/images/static/logo.8eb14c19.png', 'icon': '/build/images/static/logo.8eb14c19.png'}",752.3577714604874,,https://careers.homedepot.ca/job-view/cashier-full-time-new-minas-job-posting-3-151934,https://homedepot.wd5.myworkdayjobs.com/CareerDepotCanada/job/NEW-MINAS-STORE---7261/Cashier-Full-Time--NEW-MINAS-_Req188426/apply?source=Careers.Homedepot.ca,_blank,,"CAN Hourly External GQ - March 27,2025",
112091,"Req188376<i class=""fas fa-calendar-alt""></i>Part Time<i class=""fas fa-street-view""></i>Onsite",Req188376,Merchandising Execution Associate Part Time - 7058 St. Vital,MB - Winnipeg,"Winnipeg, MB  R2M 3E8",1999 Abinojii Mikanah,Winnipeg,Manitoba,Merchandising,Retail Store,Part Time,,"1999 Abinojii Mikanah, Winnipeg, MB  R2M 3E8",Onsite,162,1785451053,,[],"{'name': 'The Home Depot Canada', 'key': 'hd', 'logo': '/build/images/static/logo.8eb14c19.png', 'icon': '/build/images/static/logo.8eb14c19.png'}",926.2052993688136,,https://careers.homedepot.ca/job-view/merchandising-execution-associate-part-time-7058-st-vital-job-posting-3-152234,https://homedepot.wd5.myworkdayjobs.com/CareerDepotCanada/job/ST-VITAL-STORE---7058/Merchandising-Execution-Associate-Part-Time---7058-St-Vital_Req188376/apply?source=Careers.Homedepot.ca,_blank,,"CAN Hourly External GQ - March 27,2025",
112093,"Req188377<i class=""fas fa-calendar-alt""></i>Part Time<i class=""fas fa-street-view""></i>Onsite",Req188377,Merchandising Execution Associate Part Time (6 month contract) - 7058 St. Vital,MB - Winnipeg,"Winnipeg, MB  R2M 3E8",1999 Abinojii Mikanah,Winnipeg,Manitoba,Merchandising,Retail Store,Part Time,,"1999 Abinojii Mikanah, Winnipeg, MB  R2M 3E8",Onsite,163,1785451053,,[],"{'name': 'The Home Depot Canada', 'key': 'hd', 'logo': '/build/images/static/logo.8eb14c19.png', 'icon': '/build/images/static/logo.8eb14c19.png'}",926.2052993688136,,https://careers.homedepot.ca/job-view/merchandising-execution-associate-part-time-6-month-contract-7058-st-vital-job-posting-3-152266,https://homedepot.wd5.myworkdayjobs.com/CareerDepotCanada/job/ST-VITAL-STORE---7058/Merchandising-Execution-Associate-Part-Time--6-month-contract----7058-St-Vital_Req188377/apply?source=Careers.Homedepot.ca,_blank,,"CAN Hourly External GQ - March 27,2025",
111873,"Req188352<i class=""fas fa-calendar-alt""></i>Full Time<i class=""fas fa-street-view""></i>Onsite",Req188352,Receiving Associate Full Time - 7086 Winnipeg South West,MB - Winnipeg,"Winnipeg, MB  R3P 2M4",1645 Kenaston Blvd,Winnipeg,Manitoba,Stores/Operations,Retail Store,Full Time,,"1645 Kenaston Blvd, Winnipeg, MB  R3P 2M4",Onsite,164,1785429991,,[],"{'name': 'The Home Depot Canada', 'key': 'hd', 'logo': '/build/images/static/logo.8eb14c19.png', 'icon': '/build/images/static/logo.8eb14c19.png'}",930.1511211524102,,https://careers.homedepot.ca/job-view/receiving-associate-full-time-7086-winnipeg-south-west-job-posting-3-151986,https://homedepot.wd5.myworkdayjobs.com/CareerDepotCanada/job/WINNIPEG-SOUTH-WEST-STORE---7086/Receiving-Associate-Full-Time---7086-Winnipeg-South-West_Req188352/apply?source=Careers.Homedepot.ca,_blank,,"CAN Hourly External GQ - March 27,2025",
111986,"Req188464<i class=""fas fa-calendar-alt""></i>Full Time<i class=""fas fa-street-view""></i>Onsite",Req188464,Overnight Freight Associate Full Time - 7086 Winnipeg South West,MB - Winnipeg,"Winnipeg, MB  R3P 2M4",1645 Kenaston Blvd,Winnipeg,Manitoba,Stores/Operations,Retail Store,Full Time,,"1645 Kenaston Blvd, Winnipeg, MB  R3P 2M4",Onsite,165,1785440250,,[],"{'name': 'The Home Depot Canada', 'key': 'hd', 'logo': '/build/images/static/logo.8eb14c19.png', 'icon': '/build/images/static/logo.8eb14c19.png'}",930.1511211524102,,https://careers.homedepot.ca/job-view/overnight-freight-associate-full-time-7086-winnipeg-south-west-job-posting-3-152035,https://homedepot.wd5.myworkdayjobs.com/CareerDepotCanada/job/WINNIPEG-SOUTH-WEST-STORE---7086/Overnight-Freight-Associate-Full-Time---7086-Winnipeg-South-West_Req188464/apply?source=Careers.Homedepot.ca,_blank,,"CAN External Hourly Overnights GQ - March 27,2025",
111996,"Req188469<i class=""fas fa-calendar-alt""></i>Full Time<i class=""fas fa-street-view""></i>Onsite",Req188469,Overnight Freight Associate Full Time (4 month contract) 7086 Winnipeg South West,MB - Winnipeg,"Winnipeg, MB  R3P 2M4",1645 Kenaston Blvd,Winnipeg,Manitoba,Stores/Operations,Retail Store,Full Time,,"1645 Kenaston Blvd, Winnipeg, MB  R3P 2M4",Onsite,166,1785440251,,[],"{'name': 'The Home Depot Canada', 'key': 'hd', 'logo': '/build/images/static/logo.8eb14c19.png', 'icon': '/build/images/static/logo.8eb14c19.png'}",930.1511211524102,,https://careers.homedepot.ca/job-view/overnight-freight-associate-full-time-4-month-contract-7086-winnipeg-south-west-job-posting-3-152190,https://homedepot.wd5.myworkdayjobs.com/CareerDepotCanada/job/WINNIPEG-SOUTH-WEST-STORE---7086/Overnight-Freight-Associate-Full-Time--4-month-contract--7086-Winnipeg-South-West_Req188469/apply?source=Careers.Homedepot.ca,_blank,,"CAN External Hourly Overnights GQ - March 27,2025",
111344,"Req188099<i class=""fas fa-calendar-alt""></i>Part Time<i class=""fas fa-street-view""></i>Onsite",Req188099,Head Cashier Part Time - 7180 Winnipeg North,MB - Winnipeg,"Winnipeg, MB  R2V 3J7",845 Leila Ave,Winnipeg,Manitoba,Stores/Operations,Retail Store,Part Time,,"845 Leila Ave, Winnipeg, MB  R2V 3J7",Onsite,167,1785253048,,[],"{'name': 'The Home Depot Canada', 'key': 'hd', 'logo': '/build/images/static/logo.8eb14c19.png', 'icon': '/build/images/static/logo.8eb14c19.png'}",930.9500216688685,,https://careers.homedepot.ca/job-view/head-cashier-part-time-7180-winnipeg-north-job-posting-3-151526,https://homedepot.wd5.myworkdayjobs.com/CareerDepotCanada/job/WINNIPEG-NORTH-STORE---7180/Head-Cashier-Part-Time---7180-Winnipeg-North_Req188099/apply?source=Careers.Homedepot.ca,_blank,,"CAN Hourly External GQ - March 27,2025",
111372,"Req188094<i class=""fas fa-calendar-alt""></i>Part Time<i class=""fas fa-street-view""></i>Onsite",Req188094,Special Services Part Time - 7180 Winnipeg North,MB - Winnipeg,"Winnipeg, MB  R2V 3J7",845 Leila Ave,Winnipeg,Manitoba,Stores/Operations,Retail Store,Part Time,,"845 Leila Ave, Winnipeg, MB  R2V 3J7",Onsite,168,1785256643,,[],"{'name': 'The Home Depot Canada', 'key': 'hd', 'logo': '/build/images/static/logo.8eb14c19.png', 'icon': '/build/images/static/logo.8eb14c19.png'}",930.9500216688685,,https://careers.homedepot.ca/job-view/special-services-part-time-7180-winnipeg-north-job-posting-3-151594,https://homedepot.wd5.myworkdayjobs.com/CareerDepotCanada/job/WINNIPEG-NORTH-STORE---7180/Special-Services-Part-Time---7180-Winnipeg-North_Req188094/apply?source=Careers.Homedepot.ca,_blank,,"CAN Hourly External GQ - March 27,2025",
111375,"Req188098<i class=""fas fa-calendar-alt""></i>Full Time<i class=""fas fa-street-view""></i>Onsite",Req188098,Special Services Full Time - 7180 Winnipeg North,MB - Winnipeg,"Winnipeg, MB  R2V 3J7",845 Leila Ave,Winnipeg,Manitoba,Stores/Operations,Retail Store,Full Time,,"845 Leila Ave, Winnipeg, MB  R2V 3J7",Onsite,169,1785256643,,[],"{'name': 'The Home Depot Canada', 'key': 'hd', 'logo': '/build/images/static/logo.8eb14c19.png', 'icon': '/build/images/static/logo.8eb14c19.png'}",930.9500216688685,,https://careers.homedepot.ca/job-view/special-services-full-time-7180-winnipeg-north-job-posting-3-151728,https://homedepot.wd5.myworkdayjobs.com/CareerDepotCanada/job/WINNIPEG-NORTH-STORE---7180/Special-Services-Full-Time---7180-Winnipeg-North_Req188098-1/apply?source=Careers.Homedepot.ca,_blank,,"CAN Hourly External GQ - March 27,2025",
111474,"Req188245<i class=""fas fa-calendar-alt""></i>Part Time<i class=""fas fa-street-view""></i>Onsite",Req188245,Merchandising Execution Associate Part Time - 7180 Winnipeg North,MB - Winnipeg,"Winnipeg, MB  R2V 3J7",845 Leila Ave,Winnipeg,Manitoba,Merchandising,Retail Store,Part Time,,"845 Leila Ave, Winnipeg, MB  R2V 3J7",Onsite,170,1785278260,,[],"{'name': 'The Home Depot Canada', 'key': 'hd', 'logo': '/build/images/static/logo.8eb14c19.png', 'icon': '/build/images/static/logo.8eb14c19.png'}",930.9500216688685,,https://careers.homedepot.ca/job-view/merchandising-execution-associate-part-time-7180-winnipeg-north-job-posting-3-151804,https://homedepot.wd5.myworkdayjobs.com/CareerDepotCanada/job/WINNIPEG-NORTH-STORE---7180/Merchandising-Execution-Associate-Part-Time---7180-Winnipeg-North_Req188245/apply?source=Careers.Homedepot.ca,_blank,,"CAN Hourly External GQ - March 27,2025",
111370,"Req188216<i class=""fas fa-calendar-alt""></i>Part Time<i class=""fas fa-street-view""></i>Onsite",Req188216,Overnight Freight Associate Part Time - 7057 Polo Park,MB - Winnipeg,"Winnipeg, MB  R3G 3P5",727 Empress Street,Winnipeg,Manitoba,Stores/Operations,Retail Store,Part Time,,"727 Empress Street, Winnipeg, MB  R3G 3P5",Onsite,171,1785256643,,[],"{'name': 'The Home Depot Canada', 'key': 'hd', 'logo': '/build/images/static/logo.8eb14c19.png', 'icon': '/build/images/static/logo.8eb14c19.png'}",931.4612157166605,,https://careers.homedepot.ca/job-view/overnight-freight-associate-part-time-7057-polo-park-job-posting-3-151552,https://homedepot.wd5.myworkdayjobs.com/CareerDepotCanada/job/POLO-PARK-STORE---7057/Overnight-Freight-Associate-Part-Time---7057-Polo-Park_Req188216-1/apply?source=Careers.Homedepot.ca,_blank,,"CAN External Hourly Overnights GQ - March 27,2025",
111377,"Req188214<i class=""fas fa-calendar-alt""></i>Full Time<i class=""fas fa-street-view""></i>Onsite",Req188214,Overnight Order Picker Full Time - 7057 Polo Park,MB - Winnipeg,"Winnipeg, MB  R3G 3P5",727 Empress Street,Winnipeg,Manitoba,Stores/Operations,Retail Store,Full Time,,"727 Empress Street, Winnipeg, MB  R3G 3P5",Onsite,172,1785256643,,[],"{'name': 'The Home Depot Canada', 'key': 'hd', 'logo': '/build/images/static/logo.8eb14c19.png', 'icon': '/build/images/static/logo.8eb14c19.png'}",931.4612157166605,,https://careers.homedepot.ca/job-view/overnight-order-picker-full-time-7057-polo-park-job-posting-3-151730,https://homedepot.wd5.myworkdayjobs.com/CareerDepotCanada/job/POLO-PARK-STORE---7057/Overnight-Order-Picker-Full-Time---7057-Polo-Park_Req188214/apply?source=Careers.Homedepot.ca,_blank,,"CAN External Hourly Overnights GQ - March 27,2025",
112191,"Req188584<i class=""fas fa-calendar-alt""></i>Part Time<i class=""fas fa-street-view""></i>Onsite",Req188584,Merchandising Execution Associate Part Time - 7057 Polo Park,MB - Winnipeg,"Winnipeg, MB  R3G 3P5",727 Empress Street,Winnipeg,Manitoba,Merchandising,Retail Store,Part Time,,"727 Empress Street, Winnipeg, MB  R3G 3P5",Onsite,173,1785516389,,[],"{'name': 'The Home Depot Canada', 'key': 'hd', 'logo': '/build/images/static/logo.8eb14c19.png', 'icon': '/build/images/static/logo.8eb14c19.png'}",931.4612157166605,,https://careers.homedepot.ca/job-view/merchandising-execution-associate-part-time-7057-polo-park-job-posting-3-152477,https://homedepot.wd5.myworkdayjobs.com/CareerDepotCanada/job/POLO-PARK-STORE---7057/Merchandising-Execution-Associate-Part-Time---7057-Polo-Park_Req188584/apply?source=Careers.Homedepot.ca,_blank,,"CAN Hourly External GQ - March 27,2025",
109848,"Req187227<i class=""fas fa-calendar-alt""></i>Full Time<i class=""fas fa-street-view""></i>Onsite",Req187227,Asset Protection Specialist Full-Time - 7052 Regina,SK - Regina,"Regina, SK  S4N 6E6",1867 Victoria Avenue E.,Regina,Saskatchewan,Stores/Operations,Retail Store,Full Time,,"1867 Victoria Avenue E., Regina, SK  S4N 6E6",Onsite,174,1784320652,,[],"{'name': 'The Home Depot Canada', 'key': 'hd', 'logo': '/build/images/static/logo.8eb14c19.png', 'icon': '/build/images/static/logo.8eb14c19.png'}",1255.105108993991,,https://careers.homedepot.ca/job-view/asset-protection-specialist-full-time-7052-regina-job-posting-3-150001,https://homedepot.wd5.myworkdayjobs.com/CareerDepotCanada/job/REGINA-STORE---7052/Asset-Protection-Specialist-Full-Time---7052-Regina_Req187227/apply?source=Careers.Homedepot.ca,_blank,,"CAN Hourly External GQ - March 27,2025",
111348,"Req186542<i class=""fas fa-calendar-alt""></i>Part Time<i class=""fas fa-street-view""></i>Onsite",Req186542,Lot Associate Part-Time - 7052 Regina,SK - Regina,"Regina, SK  S4N 6E6",1867 Victoria Avenue E.,Regina,Saskatchewan,Stores/Operations,Retail Store,Part Time,,"1867 Victoria Avenue E., Regina, SK  S4N 6E6",Onsite,175,1785253048,,[],"{'name': 'The Home Depot Canada', 'key': 'hd', 'logo': '/build/images/static/logo.8eb14c19.png', 'icon': '/build/images/static/logo.8eb14c19.png'}",1255.105108993991,,https://careers.homedepot.ca/job-view/lot-associate-part-time-7052-regina-job-posting-3-151663,https://homedepot.wd5.myworkdayjobs.com/CareerDepotCanada/job/REGINA-STORE---7052/Lot-Associate-Part-Time---7052-Regina_Req186542/apply?source=Careers.Homedepot.ca,_blank,,"CAN Hourly External GQ - March 27,2025",
111368,"Req186546<i class=""fas fa-calendar-alt""></i>Part Time<i class=""fas fa-street-view""></i>Onsite",Req186546,Head Cashier Part-Time - 7052 Regina,SK - Regina,"Regina, SK  S4N 6E6",1867 Victoria Avenue E.,Regina,Saskatchewan,Stores/Operations,Retail Store,Part Time,,"1867 Victoria Avenue E., Regina, SK  S4N 6E6",Onsite,176,1785256642,,[],"{'name': 'The Home Depot Canada', 'key': 'hd', 'logo': '/build/images/static/logo.8eb14c19.png', 'icon': '/build/images/static/logo.8eb14c19.png'}",1255.105108993991,,https://careers.homedepot.ca/job-view/head-cashier-part-time-7052-regina-job-posting-3-151476,https://homedepot.wd5.myworkdayjobs.com/CareerDepotCanada/job/REGINA-STORE---7052/Head-Cashier--Part-Time---7052-Regina_Req186546/apply?source=Careers.Homedepot.ca,_blank,,"CAN Hourly External GQ - March 27,2025",
111075,"Req188034<i class=""fas fa-calendar-alt""></i>Part Time<i class=""fas fa-street-view""></i>Onsite",Req188034,Lumber Associate Part-Time - 7245 Regina Northwest,SK - Regina,"Regina, SK  S4X 4V3",1030 North Pasqua Street,Regina,Saskatchewan,Stores/Operations,Retail Store,Part Time,,"1030 North Pasqua Street, Regina, SK  S4X 4V3",Onsite,177,1785163042,,[],"{'name': 'The Home Depot Canada', 'key': 'hd', 'logo': '/build/images/static/logo.8eb14c19.png', 'icon': '/build/images/static/logo.8eb14c19.png'}",1259.521895613706,,https://careers.homedepot.ca/job-view/lumber-associate-part-time-7245-regina-northwest-job-posting-3-151303,https://homedepot.wd5.myworkdayjobs.com/CareerDepotCanada/job/REGINA-NORTHWEST-STORE---7245/Lumber-Associate-Part-Time---7245-Regina-Northwest_Req188034/apply?source=Careers.Homedepot.ca,_blank,,"CAN Hourly External GQ - March 27,2025",
112190,"Req186629<i class=""fas fa-calendar-alt""></i>Part Time<i class=""fas fa-street-view""></i>Onsite",Req186629,Pro Sales Associate - Part Time (St. John's),NL - St. Johns,"St. Johns, NL  A1B 5C7",70 Kelsey Drive,St. Johns,Newfoundland,Stores/Operations,Retail Store,Part Time,,"70 Kelsey Drive, St. Johns, NL  A1B 5C7",Onsite,178,1785516389,,[],"{'name': 'The Home Depot Canada', 'key': 'hd', 'logo': '/build/images/static/logo.8eb14c19.png', 'icon': '/build/images/static/logo.8eb14c19.png'}",1314.4345348843651,,https://careers.homedepot.ca/job-view/pro-sales-associate-part-time-st-johns-job-posting-3-152286,https://homedepot.wd5.myworkdayjobs.com/CareerDepotCanada/job/ST-JOHNS-STORE---7077/Pro-Sales-Associate---Part-Time--St-John-s-_Req186629/apply?source=Careers.Homedepot.ca,_blank,,"CAN Hourly External GQ - March 27,2025",
111395,"Req182731<i class=""fas fa-calendar-alt""></i>Part Time<i class=""fas fa-street-view""></i>Onsite",Req182731,Lot Associate Part-Time - 7265 Saskatoon South,SK - Saskatoon South,"Saskatoon South, SK  S7T 0B5",3043 Clarence Avenue South ,Saskatoon South,Saskatchewan,Stores/Operations,Retail Store,Part Time,,"3043 Clarence Avenue South , Saskatoon South, SK  S7T 0B5",Onsite,179,1785267442,,[],"{'name': 'The Home Depot Canada', 'key': 'hd', 'logo': '/build/images/static/logo.8eb14c19.png', 'icon': '/build/images/static/logo.8eb14c19.png'}",1368.7417035459362,,https://careers.homedepot.ca/job-view/lot-associate-part-time-7265-saskatoon-south-job-posting-3-151554,https://homedepot.wd5.myworkdayjobs.com/CareerDepotCanada/job/SASKATOON-SOUTH-STORE---7265/Lot-Associate-Part-Time--Daytime-Availability-Required----7265-Saskatoon-South_Req182731/apply?source=Careers.Homedepot.ca,_blank,,"CAN Hourly External GQ - March 27,2025",
111779,"Req185188<i class=""fas fa-calendar-alt""></i>Part Time<i class=""fas fa-street-view""></i>Onsite",Req185188,Overnight Freight Associate Part-Time (Contract) - 7265 Saskatoon South,SK - Saskatoon South,"Saskatoon South, SK  S7T 0B5",3043 Clarence Avenue South ,Saskatoon South,Saskatchewan,Stores/Operations,Retail Store,Part Time,,"3043 Clarence Avenue South , Saskatoon South, SK  S7T 0B5",Onsite,180,1785375452,,[],"{'name': 'The Home Depot Canada', 'key': 'hd', 'logo': '/build/images/static/logo.8eb14c19.png', 'icon': '/build/images/static/logo.8eb14c19.png'}",1368.7417035459362,,https://careers.homedepot.ca/job-view/overnight-freight-associate-part-time-contract-7265-saskatoon-south-job-posting-3-152117,https://homedepot.wd5.myworkdayjobs.com/CareerDepotCanada/job/SASKATOON-SOUTH-STORE---7265/Overnight-Freight-Associate-Part-Time--Contract----7265-Saskatoon-South_Req185188/apply?source=Careers.Homedepot.ca,_blank,,"CAN External Hourly Overnights GQ - March 27,2025",
111783,"Req186607<i class=""fas fa-calendar-alt""></i>Part Time<i class=""fas fa-street-view""></i>Onsite",Req186607,Flooring & Decor Sales Associate Part-Time - 7265 Saskatoon South,SK - Saskatoon South,"Saskatoon South, SK  S7T 0B5",3043 Clarence Avenue South ,Saskatoon South,Saskatchewan,Stores/Operations,Retail Store,Part Time,,"3043 Clarence Avenue South , Saskatoon South, SK  S7T 0B5",Onsite,181,1785379049,,[],"{'name': 'The Home Depot Canada', 'key': 'hd', 'logo': '/build/images/static/logo.8eb14c19.png', 'icon': '/build/images/static/logo.8eb14c19.png'}",1368.7417035459362,,https://careers.homedepot.ca/job-view/flooring-decor-sales-associate-part-time-7265-saskatoon-south-job-posting-3-151965,https://homedepot.wd5.myworkdayjobs.com/CareerDepotCanada/job/SASKATOON-SOUTH-STORE---7265/Flooring---Decor-Sales-Associate-Part-Time---7265-Saskatoon-South_Req186607/apply?source=Careers.Homedepot.ca,_blank,,"CAN Hourly External GQ - March 27,2025",
112181,"Req186029<i class=""fas fa-calendar-alt""></i>Part Time<i class=""fas fa-street-view""></i>Onsite",Req186029,Plumbing/Electrical Sales Associate (Daytime availability required) Part Time - 7265 Saskatoon South,SK - Saskatoon South,"Saskatoon South, SK  S7T 0B5",3043 Clarence Avenue South ,Saskatoon South,Saskatchewan,Stores/Operations,Retail Store,Part Time,,"3043 Clarence Avenue South , Saskatoon South, SK  S7T 0B5",Onsite,182,1785513387,,[],"{'name': 'The Home Depot Canada', 'key': 'hd', 'logo': '/build/images/static/logo.8eb14c19.png', 'icon': '/build/images/static/logo.8eb14c19.png'}",1368.7417035459362,,https://careers.homedepot.ca/job-view/plumbing-electrical-sales-associate-daytime-availability-required-part-time-7265-saskatoon-south-job-posting-3-152470,https://homedepot.wd5.myworkdayjobs.com/CareerDepotCanada/job/SASKATOON-SOUTH-STORE---7265/Plumbing-Electrical-Sales-Associate--Daytime-availability-required--Part-Time---7265-Saskatoon-South_Req186029/apply?source=Careers.Homedepot.ca,_blank,,"CAN Hourly External GQ - March 27,2025",
108825,"Req184929<i class=""fas fa-calendar-alt""></i>Part Time<i class=""fas fa-street-view""></i>Onsite",Req184929,Vault Associate Part-Time - 7051 Saskatoon,SK - Saskatoon,"Saskatoon, SK  S7K 0V1",707 Circle Drive East,Saskatoon,Saskatchewan,Stores/Operations,Retail Store,Part Time,,"707 Circle Drive East, Saskatoon, SK  S7K 0V1",Onsite,183,1783903046,,[],"{'name': 'The Home Depot Canada', 'key': 'hd', 'logo': '/build/images/static/logo.8eb14c19.png', 'icon': '/build/images/static/logo.8eb14c19.png'}",1370.3238385483457,,https://careers.homedepot.ca/job-view/vault-associate-part-time-7051-saskatoon-job-posting-3-148930,https://homedepot.wd5.myworkdayjobs.com/CareerDepotCanada/job/SASKATOON-STORE---7051/Vault-Associate-Part-Time---7051-Saskatoon_Req184929/apply?source=Careers.Homedepot.ca,_blank,,"CAN Hourly External GQ - March 27,2025",
112235,"Req188690<i class=""fas fa-calendar-alt""></i>Full Time<i class=""fas fa-street-view""></i>Multiple Locations",Req188690,Certified Heavy Equipment Mechanic: Located in VANCOUVER,BC - Virtual,"Virtual, BC",,Virtual,British Columbia,HD Rental,Corporate,Full Time,$45.00 - $50.00,"Virtual, BC",Multiple Locations,184,1785526654,,[],"{'name': 'The Home Depot Canada', 'key': 'hd', 'logo': '/build/images/static/logo.8eb14c19.png', 'icon': '/build/images/static/logo.8eb14c19.png'}",1450.753049311643,,https://careers.homedepot.ca/job-view/certified-heavy-equipment-mechanic-located-in-vancouver-job-posting-3-152557,https://homedepot.wd5.myworkdayjobs.com/CareerDepotCanada/job/BRITISH-COLUMBIA---VIRTUAL---BC01/Certified-Heavy-Equipment-Mechanic--Located-in-VANCOUVER_Req188690/apply?source=Careers.Homedepot.ca,_blank,,"CAN Hourly External GQ - March 27,2025",
112252,"Req188692<i class=""fas fa-calendar-alt""></i>Full Time<i class=""fas fa-street-view""></i>Multiple Locations",Req188692,Lead Rental Technician (1-Year Contract) BC Market,BC - Virtual,"Virtual, BC",,Virtual,British Columbia,HD Rental,Corporate,Full Time,$28.00 - $31.00,"Virtual, BC",Multiple Locations,185,1785530272,,[],"{'name': 'The Home Depot Canada', 'key': 'hd', 'logo': '/build/images/static/logo.8eb14c19.png', 'icon': '/build/images/static/logo.8eb14c19.png'}",1450.753049311643,,https://careers.homedepot.ca/job-view/lead-rental-technician-1-year-contract-bc-market-job-posting-3-152405,https://homedepot.wd5.myworkdayjobs.com/CareerDepotCanada/job/BRITISH-COLUMBIA---VIRTUAL---BC01/Lead-Rental-Technician--1-Year-Contract--BC-Market_Req188692/apply?source=Careers.Homedepot.ca,_blank,,"CAN Hourly External GQ - March 27,2025",
112340,"Req188687<i class=""fas fa-calendar-alt""></i>Other<i class=""fas fa-street-view""></i>Multiple Locations",Req188687,Certified Heavy Equipment Mechanic & Lead Rental Technician : Vancouver Multi-Sites,BC - Virtual,"Virtual, BC",,Virtual,British Columbia,HD Rental,Corporate,Other,$21 - $23,"Virtual, BC",Multiple Locations,186,1785570044,new-job,[],"{'name': 'The Home Depot Canada', 'key': 'hd', 'logo': '/build/images/static/logo.8eb14c19.png', 'icon': '/build/images/static/logo.8eb14c19.png'}",1450.753049311643,,https://careers.homedepot.ca/job-view/certified-heavy-equipment-mechanic-lead-rental-technician-vancouver-multi-sites-job-posting-3-152459,https://homedepot.wd5.myworkdayjobs.com/CareerDepotCanada/job/BRITISH-COLUMBIA---VIRTUAL---BC01/Certified-Heavy-Equipment-Mechanic---Lead-Rental-Technician---Vancouver-Multi-Sites_Req188687/apply?source=Careers.Homedepot.ca,_blank,,"CAN Hourly External GQ - March 27,2025",
112111,"Req186922<i class=""fas fa-calendar-alt""></i>Part Time<i class=""fas fa-street-view""></i>Onsite",Req186922,Overnight Freight Associate Part Time - 7258 Lloydminster,AB - Lloydminster,"Lloydminster, AB  T9V 0X9",7705-44th Street,Lloydminster,Alberta,Stores/Operations,Retail Store,Part Time,,"7705-44th Street, Lloydminster, AB  T9V 0X9",Onsite,187,1785494246,,[],"{'name': 'The Home Depot Canada', 'key': 'hd', 'logo': '/build/images/static/logo.8eb14c19.png', 'icon': '/build/images/static/logo.8eb14c19.png'}",1527.0246819060912,,https://careers.homedepot.ca/job-view/overnight-freight-associate-part-time-7258-lloydminster-job-posting-3-152236,https://homedepot.wd5.myworkdayjobs.com/CareerDepotCanada/job/LLOYDMINSTER-STORE---7258/Overnight-Freight-Associate-Part-Time---7258-Lloydminster_Req186922/apply?source=Careers.Homedepot.ca,_blank,,"CAN External Hourly Overnights GQ - March 27,2025",
112124,"Req184739<i class=""fas fa-calendar-alt""></i>Part Time<i class=""fas fa-street-view""></i>Onsite",Req184739,Special Services Associate Part-Time - 7258 Lloydminster,AB - Lloydminster,"Lloydminster, AB  T9V 0X9",7705-44th Street,Lloydminster,Alberta,Stores/Operations,Retail Store,Part Time,,"7705-44th Street, Lloydminster, AB  T9V 0X9",Onsite,188,1785505055,,[],"{'name': 'The Home Depot Canada', 'key': 'hd', 'logo': '/build/images/static/logo.8eb14c19.png', 'icon': '/build/images/static/logo.8eb14c19.png'}",1527.0246819060912,,https://careers.homedepot.ca/job-view/special-services-associate-part-time-7258-lloydminster-job-posting-3-152384,https://homedepot.wd5.myworkdayjobs.com/CareerDepotCanada/job/LLOYDMINSTER-STORE---7258/Special-Services-Associate-Part-Time---7258-Lloydminster_Req184739/apply?source=Careers.Homedepot.ca,_blank,,"CAN Hourly External GQ - March 27,2025",
112128,"Req183340<i class=""fas fa-calendar-alt""></i>Part Time<i class=""fas fa-street-view""></i>Onsite",Req183340,Lot Associate Part-Time - 7258 Lloydminster,AB - Lloydminster,"Lloydminster, AB  T9V 0X9",7705-44th Street,Lloydminster,Alberta,Stores/Operations,Retail Store,Part Time,,"7705-44th Street, Lloydminster, AB  T9V 0X9",Onsite,189,1785505055,,[],"{'name': 'The Home Depot Canada', 'key': 'hd', 'logo': '/build/images/static/logo.8eb14c19.png', 'icon': '/build/images/static/logo.8eb14c19.png'}",1527.0246819060912,,https://careers.homedepot.ca/job-view/lot-associate-part-time-7258-lloydminster-job-posting-3-152408,https://homedepot.wd5.myworkdayjobs.com/CareerDepotCanada/job/LLOYDMINSTER-STORE---7258/Lot-Associate-Part-Time---7258-Lloydminster_Req183340/apply?source=Careers.Homedepot.ca,_blank,,"CAN Hourly External GQ - March 27,2025",
112105,"Req185714<i class=""fas fa-calendar-alt""></i>Part Time<i class=""fas fa-street-view""></i>Onsite",Req185714,Front End Associate Part-Time - 7170 Lethbridge,AB - Lethbridge,"Lethbridge, AB  T1K 7V1",3708 Mayor Magrath Dr. South,Lethbridge,Alberta,Stores/Operations,Retail Store,Part Time,,"3708 Mayor Magrath Dr. South, Lethbridge, AB  T1K 7V1",Onsite,190,1785490642,,[],"{'name': 'The Home Depot Canada', 'key': 'hd', 'logo': '/build/images/static/logo.8eb14c19.png', 'icon': '/build/images/static/logo.8eb14c19.png'}",1611.4513592708036,,https://careers.homedepot.ca/job-view/front-end-associate-part-time-7170-lethbridge-job-posting-3-152152,https://homedepot.wd5.myworkdayjobs.com/CareerDepotCanada/job/LETHBRIDGE-STORE---7170/Front-End-Associate-Part-Time---7170-Lethbridge_Req185714/apply?source=Careers.Homedepot.ca,_blank,,"CAN Hourly External GQ - March 27,2025",
110982,"Req187974<i class=""fas fa-calendar-alt""></i>Part Time<i class=""fas fa-street-view""></i>Onsite",Req187974,Overnight Freight Associate: Part Time - OKOTOKS,AB - Okotoks,"Okotoks, AB  T1S 0G1",10-101 Southbank Boulevard,Okotoks,Alberta,Stores/Operations,Retail Store,Part Time,,"10-101 Southbank Boulevard, Okotoks, AB  T1S 0G1",Onsite,191,1784939875,,[],"{'name': 'The Home Depot Canada', 'key': 'hd', 'logo': '/build/images/static/logo.8eb14c19.png', 'icon': '/build/images/static/logo.8eb14c19.png'}",1665.7544640048227,,https://careers.homedepot.ca/job-view/overnight-freight-associate-part-time-okotoks-job-posting-3-151015,https://homedepot.wd5.myworkdayjobs.com/CareerDepotCanada/job/OKOTOKS-STORE---7223/Overnight-Freight-Associate--Part-Time---OKOTOKS_Req187974/apply?source=Careers.Homedepot.ca,_blank,,"CAN External Hourly Overnights GQ - March 27,2025",
111647,"Req188387<i class=""fas fa-calendar-alt""></i>Full Time<i class=""fas fa-street-view""></i>Onsite",Req188387,DC Ops Planning Manager- West 6 Month Contract,AB - Calgary,"Calgary, AB  T2C 5N6",6309 106 Ave SE,Calgary,Alberta,Supply Chain,Corporate,Full Time,,"6309 106 Ave SE, Calgary, AB  T2C 5N6",Onsite,192,1785350252,,[],"{'name': 'The Home Depot Canada', 'key': 'hd', 'logo': '/build/images/static/logo.8eb14c19.png', 'icon': '/build/images/static/logo.8eb14c19.png'}",1666.729503021323,,https://careers.homedepot.ca/job-view/dc-ops-planning-manager-west-6-month-contract-job-posting-3-151930,https://homedepot.wd5.myworkdayjobs.com/CareerDepotCanada/job/CALGARY-STOCK--FLOW-CAMPUS---7279/DC-Ops-Planning-Manager--West-6-Month-Contract_Req188387/apply?source=Careers.Homedepot.ca,_blank,,"CAN SSC Salary External GQ - July 16,2024",
110890,"Req187713<i class=""fas fa-calendar-alt""></i>Part Time<i class=""fas fa-street-view""></i>Onsite",Req187713,Merchandising Associate : Part Time - MCKENZIE (MON-FRI 6AM-3PM),AB - Calgary,"Calgary, AB  T2Z 0B2",5125 126 Ave SE,Calgary,Alberta,Merchandising,Retail Store,Part Time,,"5125 126 Ave SE, Calgary, AB  T2Z 0B2",Onsite,193,1784914646,,[],"{'name': 'The Home Depot Canada', 'key': 'hd', 'logo': '/build/images/static/logo.8eb14c19.png', 'icon': '/build/images/static/logo.8eb14c19.png'}",1667.158139009418,,https://careers.homedepot.ca/job-view/merchandising-associate-part-time-mckenzie-mon-fri-6am-3pm-job-posting-3-150935,https://homedepot.wd5.myworkdayjobs.com/CareerDepotCanada/job/CALGARY-SOUTHEAST-STORE---7082/Merchandising-Associate-Part-Time----CALGARY-SOUTH-EAST_Req187713/apply?source=Careers.Homedepot.ca,_blank,,"CAN Hourly External GQ - March 27,2025",
111166,"Req188087<i class=""fas fa-calendar-alt""></i>Part Time<i class=""fas fa-street-view""></i>Onsite",Req188087,Overnight Order Picker: Part Time - CALGARY SOUTHEAST,AB - Calgary,"Calgary, AB  T2Z 0B2",5125 126 Ave SE,Calgary,Alberta,Stores/Operations,Retail Store,Part Time,,"5125 126 Ave SE, Calgary, AB  T2Z 0B2",Onsite,194,1785177447,,[],"{'name': 'The Home Depot Canada', 'key': 'hd', 'logo': '/build/images/static/logo.8eb14c19.png', 'icon': '/build/images/static/logo.8eb14c19.png'}",1667.158139009418,,https://careers.homedepot.ca/job-view/overnight-order-picker-part-time-calgary-southeast-job-posting-3-151254,https://homedepot.wd5.myworkdayjobs.com/CareerDepotCanada/job/CALGARY-SOUTHEAST-STORE---7082/Overnight-Order-Picker--Part-Time---CALGARY-SOUTHEAST_Req188087/apply?source=Careers.Homedepot.ca,_blank,,"CAN External Hourly Overnights GQ - March 27,2025",
111082,"Req187964<i class=""fas fa-calendar-alt""></i>Part Time<i class=""fas fa-street-view""></i>Onsite",Req187964,Head Cashier Part Time - 7065 South Common,AB - Edmonton,"Edmonton, AB  T6N 1J2",2020 - 101 Street S.W.,Edmonton,Alberta,Stores/Operations,Retail Store,Part Time,,"2020 - 101 Street S.W., Edmonton, AB  T6N 1J2",Onsite,195,1785163042,,[],"{'name': 'The Home Depot Canada', 'key': 'hd', 'logo': '/build/images/static/logo.8eb14c19.png', 'icon': '/build/images/static/logo.8eb14c19.png'}",1668.0972318465558,,https://careers.homedepot.ca/job-view/head-cashier-part-time-7065-south-common-job-posting-3-151380,https://homedepot.wd5.myworkdayjobs.com/CareerDepotCanada/job/SOUTH-COMMON-STORE---7065/Head-Cashier-Part-Time---7065-South-Common_Req187964/apply?source=Careers.Homedepot.ca,_blank,,"CAN Hourly External GQ - March 27,2025",
111261,"Req187960<i class=""fas fa-calendar-alt""></i>Full Time<i class=""fas fa-street-view""></i>Onsite",Req187960,Head Cashier Full Time - 7065 South Common,AB - Edmonton,"Edmonton, AB  T6N 1J2",2020 - 101 Street S.W.,Edmonton,Alberta,Stores/Operations,Retail Store,Full Time,,"2020 - 101 Street S.W., Edmonton, AB  T6N 1J2",Onsite,196,1785195444,,[],"{'name': 'The Home Depot Canada', 'key': 'hd', 'logo': '/build/images/static/logo.8eb14c19.png', 'icon': '/build/images/static/logo.8eb14c19.png'}",1668.0972318465558,,https://careers.homedepot.ca/job-view/head-cashier-full-time-7065-south-common-job-posting-3-151628,https://homedepot.wd5.myworkdayjobs.com/CareerDepotCanada/job/SOUTH-COMMON-STORE---7065/Head-Cashier-Full-Time---7065-South-Common_Req187960/apply?source=Careers.Homedepot.ca,_blank,,"CAN Hourly External GQ - March 27,2025",
111324,"Req188159<i class=""fas fa-calendar-alt""></i>Part Time<i class=""fas fa-street-view""></i>Onsite",Req188159,Receiving Associate Part Time - 7065 South Common,AB - Edmonton,"Edmonton, AB  T6N 1J2",2020 - 101 Street S.W.,Edmonton,Alberta,Stores/Operations,Retail Store,Part Time,,"2020 - 101 Street S.W., Edmonton, AB  T6N 1J2",Onsite,197,1785249440,,[],"{'name': 'The Home Depot Canada', 'key': 'hd', 'logo': '/build/images/static/logo.8eb14c19.png', 'icon': '/build/images/static/logo.8eb14c19.png'}",1668.0972318465558,,https://careers.homedepot.ca/job-view/receiving-associate-part-time-7065-south-common-job-posting-3-151522,https://homedepot.wd5.myworkdayjobs.com/CareerDepotCanada/job/SOUTH-COMMON-STORE---7065/Receiving-Associate-Part-Time---7065-South-Common_Req188159/apply?source=Careers.Homedepot.ca,_blank,,"CAN Hourly External GQ - March 27,2025",
111326,"Req188157<i class=""fas fa-calendar-alt""></i>Full Time<i class=""fas fa-street-view""></i>Onsite",Req188157,Head Cashier Full Time - 7065 South Common,AB - Edmonton,"Edmonton, AB  T6N 1J2",2020 - 101 Street S.W.,Edmonton,Alberta,Stores/Operations,Retail Store,Full Time,,"2020 - 101 Street S.W., Edmonton, AB  T6N 1J2",Onsite,198,1785249440,,[],"{'name': 'The Home Depot Canada', 'key': 'hd', 'logo': '/build/images/static/logo.8eb14c19.png', 'icon': '/build/images/static/logo.8eb14c19.png'}",1668.0972318465558,,https://careers.homedepot.ca/job-view/head-cashier-full-time-7065-south-common-job-posting-3-151572,https://homedepot.wd5.myworkdayjobs.com/CareerDepotCanada/job/SOUTH-COMMON-STORE---7065/Head-Cashier-Full-Time---7065-South-Common_Req188157/apply?source=Careers.Homedepot.ca,_blank,,"CAN Hourly External GQ - March 27,2025",
111341,"Req188100<i class=""fas fa-calendar-alt""></i>Part Time<i class=""fas fa-street-view""></i>Onsite",Req188100,Overnight Freight Associate Part Time - 7065 South Common,AB - Edmonton,"Edmonton, AB  T6N 1J2",2020 - 101 Street S.W.,Edmonton,Alberta,Stores/Operations,Retail Store,Part Time,,"2020 - 101 Street S.W., Edmonton, AB  T6N 1J2",Onsite,199,1785253048,,[],"{'name': 'The Home Depot Canada', 'key': 'hd', 'logo': '/build/images/static/logo.8eb14c19.png', 'icon': '/build/images/static/logo.8eb14c19.png'}",1668.0972318465558,,https://careers.homedepot.ca/job-view/overnight-freight-associate-part-time-7065-south-common-job-posting-3-151326,https://homedepot.wd5.myworkdayjobs.com/CareerDepotCanada/job/SOUTH-COMMON-STORE---7065/Overnight-Freight-Associate-Part-Time---7065--South-Common_Req188100/apply?source=Careers.Homedepot.ca,_blank,,"CAN External Hourly Overnights GQ - March 27,2025",
111351,"Req188102<i class=""fas fa-calendar-alt""></i>Part Time<i class=""fas fa-street-view""></i>Onsite",Req188102,Order Picker Part Time - 7065 South Common,AB - Edmonton,"Edmonton, AB  T6N 1J2",2020 - 101 Street S.W.,Edmonton,Alberta,Stores/Operations,Retail Store,Part Time,,"2020 - 101 Street S.W., Edmonton, AB  T6N 1J2",Onsite,200,1785253048,,[],"{'name': 'The Home Depot Canada', 'key': 'hd', 'logo': '/build/images/static/logo.8eb14c19.png', 'icon': '/build/images/static/logo.8eb14c19.png'}",1668.0972318465558,,https://careers.homedepot.ca/job-view/order-picker-part-time-7065-south-common-job-posting-3-151718,https://homedepot.wd5.myworkdayjobs.com/CareerDepotCanada/job/SOUTH-COMMON-STORE---7065/Order-Picker-Part-Time---7065-South-Common_Req188102/apply?source=Careers.Homedepot.ca,_blank,,"CAN Hourly External GQ - March 27,2025",
112339,"Req188346<i class=""fas fa-calendar-alt""></i>Full Time<i class=""fas fa-street-view""></i>Onsite",Req188346,Customer Experience Manager : 3 Month Contract (SOUTH COMMON),AB - Edmonton,"Edmonton, AB  T6N 1J2",2020 - 101 Street S.W.,Edmonton,Alberta,Stores/Operations,Retail Management,Full Time,,"2020 - 101 Street S.W., Edmonton, AB  T6N 1J2",Onsite,201,1785544651,new-job,[],"{'name': 'The Home Depot Canada', 'key': 'hd', 'logo': '/build/images/static/logo.8eb14c19.png', 'icon': '/build/images/static/logo.8eb14c19.png'}",1668.0972318465558,,https://careers.homedepot.ca/job-view/customer-experience-manager-3-month-contract-south-common-job-posting-3-152667,https://homedepot.wd5.myworkdayjobs.com/CareerDepotCanada/job/SOUTH-COMMON-STORE---7065/Customer-Experience-Manager---3-Month-Contract--SOUTH-COMMON-_Req188346/apply?source=Careers.Homedepot.ca,_blank,,"CAN SSC Salary External GQ - July 16,2024",
111890,"Req188485<i class=""fas fa-calendar-alt""></i>Part Time<i class=""fas fa-street-view""></i>Onsite",Req188485,Merchandising Execution Associate : Part Time - MARLBOROUGH (Mon-Fri 6AM-3PM Availability),AB - Calgary,"Calgary, AB  T2A 7S9",343 36th Street N.E.,Calgary,Alberta,Merchandising,Retail Store,Part Time,,"343 36th Street N.E., Calgary, AB  T2A 7S9",Onsite,202,1785429992,,[],"{'name': 'The Home Depot Canada', 'key': 'hd', 'logo': '/build/images/static/logo.8eb14c19.png', 'icon': '/build/images/static/logo.8eb14c19.png'}",1668.7952431240474,,https://careers.homedepot.ca/job-view/merchandising-execution-associate-part-time-marlborough-mon-fri-6am-3pm-availability-job-posting-3-152219,https://homedepot.wd5.myworkdayjobs.com/CareerDepotCanada/job/MARLBOROUGH-STORE---7061/Merchandising-Execution-Associate---Part-Time---MARLBOROUGH--Mon-Fri-6AM-3PM-Availability-_Req188485/apply?source=Careers.Homedepot.ca,_blank,,"CAN Hourly External GQ - March 27,2025",
112282,"Req188734<i class=""fas fa-calendar-alt""></i>Part Time<i class=""fas fa-street-view""></i>Onsite",Req188734,Lumber Sales Associate: Part Time - MARLBOROUGH,AB - Calgary,"Calgary, AB  T2A 7S9",343 36th Street N.E.,Calgary,Alberta,Stores/Operations,Retail Store,Part Time,,"343 36th Street N.E., Calgary, AB  T2A 7S9",Onsite,203,1785537445,,[],"{'name': 'The Home Depot Canada', 'key': 'hd', 'logo': '/build/images/static/logo.8eb14c19.png', 'icon': '/build/images/static/logo.8eb14c19.png'}",1668.7952431240474,,https://careers.homedepot.ca/job-view/lumber-sales-associate-part-time-marlborough-job-posting-3-152520,https://homedepot.wd5.myworkdayjobs.com/CareerDepotCanada/job/MARLBOROUGH-STORE---7061/Lumber-Sales-Associate--Part-Time----MARLBOROUGH_Req188734/apply?source=Careers.Homedepot.ca,_blank,,"CAN Hourly External GQ - March 27,2025",
112258,"Req188591<i class=""fas fa-calendar-alt""></i>Part Time<i class=""fas fa-street-view""></i>Onsite",Req188591,Merchandising Execution Associate Part Time - 7131 Red Deer,AB - Red Deer,"Red Deer, AB  T4R 3A2",2030 50 Ave,Red Deer,Alberta,Merchandising,Retail Store,Part Time,,"2030 50 Ave, Red Deer, AB  T4R 3A2",Onsite,204,1785530272,,[],"{'name': 'The Home Depot Canada', 'key': 'hd', 'logo': '/build/images/static/logo.8eb14c19.png', 'icon': '/build/images/static/logo.8eb14c19.png'}",1669.348050880094,,https://careers.homedepot.ca/job-view/merchandising-execution-associate-part-time-7131-red-deer-job-posting-3-152485,https://homedepot.wd5.myworkdayjobs.com/CareerDepotCanada/job/RED-DEER-STORE---7131/Merchandising-Execution-Associate-Part-Time---7131-Red-Deer_Req188591/apply?source=Careers.Homedepot.ca,_blank,,"CAN Hourly External GQ - March 27,2025",
111237,"Req188153<i class=""fas fa-calendar-alt""></i>Part Time<i class=""fas fa-street-view""></i>Onsite",Req188153,LOT Associate: Part Time - AIRDRIE,AB - Airdrie,"Airdrie, AB  T4B 3G5",2925 Main Street SW,Airdrie,Alberta,Stores/Operations,Retail Store,Part Time,,"2925 Main Street SW, Airdrie, AB  T4B 3G5",Onsite,205,1785188250,,[],"{'name': 'The Home Depot Canada', 'key': 'hd', 'logo': '/build/images/static/logo.8eb14c19.png', 'icon': '/build/images/static/logo.8eb14c19.png'}",1670.808920517456,,https://careers.homedepot.ca/job-view/lot-associate-part-time-airdrie-job-posting-3-151396,https://homedepot.wd5.myworkdayjobs.com/CareerDepotCanada/job/AIRDRIE-STORE---7254/LOT-Associate--Part-Time---AIRDRIE_Req188153/apply?source=Careers.Homedepot.ca,_blank,,"CAN Hourly External GQ - March 27,2025",
111892,"Req185874<i class=""fas fa-calendar-alt""></i>Full Time<i class=""fas fa-street-view""></i>Onsite",Req185874,Receiving Associate : Full Time - AIRDRIE,AB - Airdrie,"Airdrie, AB  T4B 3G5",2925 Main Street SW,Airdrie,Alberta,Stores/Operations,Retail Store,Full Time,,"2925 Main Street SW, Airdrie, AB  T4B 3G5",Onsite,206,1785429992,,[],"{'name': 'The Home Depot Canada', 'key': 'hd', 'logo': '/build/images/static/logo.8eb14c19.png', 'icon': '/build/images/static/logo.8eb14c19.png'}",1670.808920517456,,https://careers.homedepot.ca/job-view/receiving-associate-full-time-airdrie-job-posting-3-152221,https://homedepot.wd5.myworkdayjobs.com/CareerDepotCanada/job/AIRDRIE-STORE---7254/Receiving-Associate---Full-Time--_Req185874/apply?source=Careers.Homedepot.ca,_blank,,"CAN Hourly External GQ - March 27,2025",
112278,"Req188698<i class=""fas fa-calendar-alt""></i>Part Time<i class=""fas fa-street-view""></i>Onsite",Req188698,Lumber Sales Associate - Part Time - AIRDRIE,AB - Airdrie,"Airdrie, AB  T4B 3G5",2925 Main Street SW,Airdrie,Alberta,Stores/Operations,Retail Store,Part Time,,"2925 Main Street SW, Airdrie, AB  T4B 3G5",Onsite,207,1785537445,,[],"{'name': 'The Home Depot Canada', 'key': 'hd', 'logo': '/build/images/static/logo.8eb14c19.png', 'icon': '/build/images/static/logo.8eb14c19.png'}",1670.808920517456,,https://careers.homedepot.ca/job-view/lumber-sales-associate-part-time-airdrie-job-posting-3-152345,https://homedepot.wd5.myworkdayjobs.com/CareerDepotCanada/job/AIRDRIE-STORE---7254/Lumber-Sales-Associate---Part-Time---AIRDRIE_Req188698/apply?source=Careers.Homedepot.ca,_blank,,"CAN Hourly External GQ - March 27,2025",
111950,"Req186927<i class=""fas fa-calendar-alt""></i>Part Time<i class=""fas fa-street-view""></i>Onsite",Req186927,Overnight Freight Associate: Part Time - SHAWNESSY,AB - Calgary,"Calgary, AB  T2Y 3S4",390 Shawville Blvd. S.E.,Calgary,Alberta,Stores/Operations,Retail Store,Part Time,,"390 Shawville Blvd. S.E., Calgary, AB  T2Y 3S4",Onsite,208,1785436648,,[],"{'name': 'The Home Depot Canada', 'key': 'hd', 'logo': '/build/images/static/logo.8eb14c19.png', 'icon': '/build/images/static/logo.8eb14c19.png'}",1671.321324531302,,https://careers.homedepot.ca/job-view/overnight-freight-associate-part-time-shawnessy-job-posting-3-152202,https://homedepot.wd5.myworkdayjobs.com/CareerDepotCanada/job/SHAWNESSY-STORE---7067/Overnight-Freight-Associate--Part-Time---SHAWNESSY_Req186927/apply?source=Careers.Homedepot.ca,_blank,,"CAN External Hourly Overnights GQ - March 27,2025",
111346,"Req188108<i class=""fas fa-calendar-alt""></i>Part Time<i class=""fas fa-street-view""></i>Onsite",Req188108,Merchandising Execution Associate Part-Time - 7227 Westmount,AB - Edmonton,"Edmonton, AB  T5M 3L7",604-1 Westmount Shopping Centre NW,Edmonton,Alberta,Merchandising,Retail Store,Part Time,,"604-1 Westmount Shopping Centre NW, Edmonton, AB  T5M 3L7",Onsite,209,1785253048,,[],"{'name': 'The Home Depot Canada', 'key': 'hd', 'logo': '/build/images/static/logo.8eb14c19.png', 'icon': '/build/images/static/logo.8eb14c19.png'}",1671.9842037121696,,https://careers.homedepot.ca/job-view/merchandising-execution-associate-part-time-7227-westmount-job-posting-3-151574,https://homedepot.wd5.myworkdayjobs.com/CareerDepotCanada/job/EDMONTON-WESTMOUNT-STORE---7227/Merchandising-Execution-Associate-Part-Time---7227-Westmount_Req188108/apply?source=Careers.Homedepot.ca,_blank,,"CAN Hourly External GQ - March 27,2025",
110749,"Req183963<i class=""fas fa-calendar-alt""></i>Part Time<i class=""fas fa-street-view""></i>Onsite",Req183963,Merchandising Execution Associate: Part Time Temp - CHINOOK (Mon-Fri 6AM-3PM),AB - Calgary,"Calgary, AB  T2H 0K6",6500 Macleod Trail SW,Calgary,Alberta,Merchandising,Retail Store,Part Time,,"6500 Macleod Trail SW, Calgary, AB  T2H 0K6",Onsite,210,1784831851,,[],"{'name': 'The Home Depot Canada', 'key': 'hd', 'logo': '/build/images/static/logo.8eb14c19.png', 'icon': '/build/images/static/logo.8eb14c19.png'}",1672.1634952866746,,https://careers.homedepot.ca/job-view/merchandising-execution-associate-part-time-temp-chinook-mon-fri-6am-3pm-job-posting-3-150865,https://homedepot.wd5.myworkdayjobs.com/CareerDepotCanada/job/CHINOOK-STORE---7063/Merchandising-Execution-Associate--Part-Time-Temp---CHINOOK_Req183963/apply?source=Careers.Homedepot.ca,_blank,,"CAN Hourly External GQ - March 27,2025",
111875,"Req181541<i class=""fas fa-calendar-alt""></i>Part Time<i class=""fas fa-street-view""></i>Onsite",Req181541,Order Picker : Part Time - CHINOOK,AB - Calgary,"Calgary, AB  T2H 0K6",6500 Macleod Trail SW,Calgary,Alberta,Stores/Operations,Retail Store,Part Time,,"6500 Macleod Trail SW, Calgary, AB  T2H 0K6",Onsite,211,1785429991,,[],"{'name': 'The Home Depot Canada', 'key': 'hd', 'logo': '/build/images/static/logo.8eb14c19.png', 'icon': '/build/images/static/logo.8eb14c19.png'}",1672.1634952866746,,https://careers.homedepot.ca/job-view/order-picker-part-time-chinook-job-posting-3-152046,https://homedepot.wd5.myworkdayjobs.com/CareerDepotCanada/job/CHINOOK-STORE---7063/Order-Picker---Part-Time---CHINOOK_Req181541/apply?source=Careers.Homedepot.ca,_blank,,"CAN Hourly External GQ - March 27,2025",
110678,"Req186198<i class=""fas fa-calendar-alt""></i>Part Time<i class=""fas fa-street-view""></i>Onsite",Req186198,Lumber Sales Associate : Part Time - Country Hills,AB - Calgary,"Calgary, AB  T3K 5J6",388 Country Hills Boulevard,Calgary,Alberta,Stores/Operations,Retail Store,Part Time,,"388 Country Hills Boulevard, Calgary, AB  T3K 5J6",Onsite,212,1784825185,,[],"{'name': 'The Home Depot Canada', 'key': 'hd', 'logo': '/build/images/static/logo.8eb14c19.png', 'icon': '/build/images/static/logo.8eb14c19.png'}",1672.680502318016,,https://careers.homedepot.ca/job-view/lumber-sales-associate-part-time-country-hills-job-posting-3-150937,https://homedepot.wd5.myworkdayjobs.com/CareerDepotCanada/job/COUNTRY-HILLS-STORE---7111/Lumber-Sales-Associate---Part-Time---Country-Hills_Req186198-1/apply?source=Careers.Homedepot.ca,_blank,,"CAN Hourly External GQ - March 27,2025",
111877,"Req187857<i class=""fas fa-calendar-alt""></i>Part Time<i class=""fas fa-street-view""></i>Onsite",Req187857,Overnight Freight Team Associate : Part Time - NORTH HILL,AB - Calgary,"Calgary, AB  T2M 0L8",1818 16th Ave. N.W.,Calgary,Alberta,Stores/Operations,Retail Store,Part Time,,"1818 16th Ave. N.W., Calgary, AB  T2M 0L8",Onsite,213,1785429991,,[],"{'name': 'The Home Depot Canada', 'key': 'hd', 'logo': '/build/images/static/logo.8eb14c19.png', 'icon': '/build/images/static/logo.8eb14c19.png'}",1674.036774919744,,https://careers.homedepot.ca/job-view/overnight-freight-team-associate-part-time-north-hill-job-posting-3-152056,https://homedepot.wd5.myworkdayjobs.com/CareerDepotCanada/job/CALGARY-NORTH-HILL-STORE---7037/Overnight-Freight-Team-Associate---Part-Time---NORTH-HILL_Req187857/apply?source=Careers.Homedepot.ca,_blank,,"CAN External Hourly Overnights GQ - March 27,2025",
111888,"Req187120<i class=""fas fa-calendar-alt""></i>Part Time<i class=""fas fa-street-view""></i>Onsite",Req187120,Hardware Sales Associate: Part Time - NORTH HILL,AB - Calgary,"Calgary, AB  T2M 0L8",1818 16th Ave. N.W.,Calgary,Alberta,Stores/Operations,Retail Store,Part Time,,"1818 16th Ave. N.W., Calgary, AB  T2M 0L8",Onsite,214,1785429992,,[],"{'name': 'The Home Depot Canada', 'key': 'hd', 'logo': '/build/images/static/logo.8eb14c19.png', 'icon': '/build/images/static/logo.8eb14c19.png'}",1674.036774919744,,https://careers.homedepot.ca/job-view/hardware-sales-associate-part-time-north-hill-job-posting-3-152217,https://homedepot.wd5.myworkdayjobs.com/CareerDepotCanada/job/CALGARY-NORTH-HILL-STORE---7037/Hardware-Sales-Associate--Part-Time---NORTH-HILL_Req187120/apply?source=Careers.Homedepot.ca,_blank,,"CAN Hourly External GQ - March 27,2025",
112284,"Req188721<i class=""fas fa-calendar-alt""></i>Part Time<i class=""fas fa-street-view""></i>Onsite",Req188721,Service Desk Associate: Part Time - NORTH HILLS,AB - Calgary,"Calgary, AB  T2M 0L8",1818 16th Ave. N.W.,Calgary,Alberta,Stores/Operations,Retail Store,Part Time,,"1818 16th Ave. N.W., Calgary, AB  T2M 0L8",Onsite,215,1785537445,,[],"{'name': 'The Home Depot Canada', 'key': 'hd', 'logo': '/build/images/static/logo.8eb14c19.png', 'icon': '/build/images/static/logo.8eb14c19.png'}",1674.036774919744,,https://careers.homedepot.ca/job-view/service-desk-associate-part-time-north-hills-job-posting-3-152544,https://homedepot.wd5.myworkdayjobs.com/CareerDepotCanada/job/CALGARY-NORTH-HILL-STORE---7037/Service-Desk-Associate--Part-Time---NORTH-HILLS_Req188721-1/apply?source=Careers.Homedepot.ca,_blank,,"CAN Hourly External GQ - March 27,2025",
111328,"Req188167<i class=""fas fa-calendar-alt""></i>Full Time<i class=""fas fa-street-view""></i>Onsite",Req188167,Tool Rental Technician Full Time - 7064 Westend,AB - Edmonton,"Edmonton, AB  T5T 5L5",17404-99th Avenue N.W.,Edmonton,Alberta,Stores/Operations,Retail Store,Full Time,,"17404-99th Avenue N.W., Edmonton, AB  T5T 5L5",Onsite,216,1785249440,,[],"{'name': 'The Home Depot Canada', 'key': 'hd', 'logo': '/build/images/static/logo.8eb14c19.png', 'icon': '/build/images/static/logo.8eb14c19.png'}",1674.420706495483,,https://careers.homedepot.ca/job-view/tool-rental-technician-full-time-7064-westend-job-posting-3-151659,https://homedepot.wd5.myworkdayjobs.com/CareerDepotCanada/job/WESTEND-STORE---7064/Tool-Rental-Technician-Full-Time---7064-Westend_Req188167/apply?source=Careers.Homedepot.ca,_blank,,"CAN Hourly External GQ - March 27,2025",
112335,"Req188347<i class=""fas fa-calendar-alt""></i>Full Time<i class=""fas fa-street-view""></i>Onsite",Req188347,Store Human Resources Manager : 12 Month Contract (WESTEND),AB - Edmonton,"Edmonton, AB  T5T 5L5",17404-99th Avenue N.W.,Edmonton,Alberta,Human Resources,Corporate,Full Time,,"17404-99th Avenue N.W., Edmonton, AB  T5T 5L5",Onsite,217,1785544651,new-job,[],"{'name': 'The Home Depot Canada', 'key': 'hd', 'logo': '/build/images/static/logo.8eb14c19.png', 'icon': '/build/images/static/logo.8eb14c19.png'}",1674.420706495483,,https://careers.homedepot.ca/job-view/store-human-resources-manager-12-month-contract-westend-job-posting-3-152452,https://homedepot.wd5.myworkdayjobs.com/CareerDepotCanada/job/WESTEND-STORE---7064/Store-Human-Resources-Manager---12-Month-Contract--WESTEND-_Req188347/apply?source=Careers.Homedepot.ca,_blank,,"CAN SSC Salary External GQ - July 16,2024",
111284,"Req188081<i class=""fas fa-calendar-alt""></i>Part Time<i class=""fas fa-street-view""></i>Onsite",Req188081,Sales Associate Part-Time - 7050 Spruce Grove,AB - Spruce Grove,"Spruce Grove, AB  T7X 3X3",180 Hwy 16A,Spruce Grove,Alberta,Stores/Operations,Retail Store,Part Time,,"180 Hwy 16A, Spruce Grove, AB  T7X 3X3",Onsite,218,1785199069,,[],"{'name': 'The Home Depot Canada', 'key': 'hd', 'logo': '/build/images/static/logo.8eb14c19.png', 'icon': '/build/images/static/logo.8eb14c19.png'}",1686.9332550591878,,https://careers.homedepot.ca/job-view/sales-associate-part-time-7050-spruce-grove-job-posting-3-151638,https://homedepot.wd5.myworkdayjobs.com/CareerDepotCanada/job/SPRUCE-GROVE-STORE---7050/Sales-Associate--Part-Time---7050-Spruce-Grove_Req188081/apply?source=Careers.Homedepot.ca,_blank,,"CAN Hourly External GQ - March 27,2025",
111578,"Req188369<i class=""fas fa-calendar-alt""></i>Part Time<i class=""fas fa-street-view""></i>Onsite",Req188369,Paint Sales Associate Part-Time - 7255 Cranbrook,BC - Cranbrook,"Cranbrook, BC  V1C 0A3",2000 McPhee Road,Cranbrook,British Columbia,Stores/Operations,Retail Store,Part Time,$18.9 - $19.9,"2000 McPhee Road, Cranbrook, BC  V1C 0A3",Onsite,219,1785339450,,[],"{'name': 'The Home Depot Canada', 'key': 'hd', 'logo': '/build/images/static/logo.8eb14c19.png', 'icon': '/build/images/static/logo.8eb14c19.png'}",1743.6969779163853,,https://careers.homedepot.ca/job-view/paint-sales-associate-part-time-7255-cranbrook-job-posting-3-151937,https://homedepot.wd5.myworkdayjobs.com/CareerDepotCanada/job/CRANBROOK-STORE---7255/Paint-Sales-Associate-Part-Time---7255-Cranbrook_Req188369-1/apply?source=Careers.Homedepot.ca,_blank,,"CAN Hourly External GQ - March 27,2025",
110380,"Req187602<i class=""fas fa-calendar-alt""></i>Part Time<i class=""fas fa-street-view""></i>Onsite",Req187602,Lot Associate : Part Time - KELOWNA,BC - Kelowna,"Kelowna, BC  V1X 7K2",2515 Enterprise Way ,Kelowna,British Columbia,Stores/Operations,Retail Store,Part Time,$19.15 - $20.15,"2515 Enterprise Way , Kelowna, BC  V1X 7K2",Onsite,220,1784680647,,[],"{'name': 'The Home Depot Canada', 'key': 'hd', 'logo': '/build/images/static/logo.8eb14c19.png', 'icon': '/build/images/static/logo.8eb14c19.png'}",1907.2351943092463,,https://careers.homedepot.ca/job-view/lot-associate-part-time-kelowna-job-posting-3-150636,https://homedepot.wd5.myworkdayjobs.com/CareerDepotCanada/job/KELOWNA-STORE---7032/Lot-Associate---Part-Time---KELOWNA_Req187602/apply?source=Careers.Homedepot.ca,_blank,,"CAN Hourly External GQ - March 27,2025",
111329,"Req188171<i class=""fas fa-calendar-alt""></i>Full Time<i class=""fas fa-street-view""></i>Onsite",Req188171,Kitchen Designer: Full Time - CHILLIWACK,BC - Chilliwack,"Chilliwack, BC  V2P 0E2",100-8443 Eagle Landing Pkwy,Chilliwack,British Columbia,Stores/Operations,Retail Store,Full Time,$22.05 - $24.05,"100-8443 Eagle Landing Pkwy, Chilliwack, BC  V2P 0E2",Onsite,221,1785249440,,[],"{'name': 'The Home Depot Canada', 'key': 'hd', 'logo': '/build/images/static/logo.8eb14c19.png', 'icon': '/build/images/static/logo.8eb14c19.png'}",2025.0777200398998,,https://careers.homedepot.ca/job-view/kitchen-designer-full-time-chilliwack-job-posting-3-151687,https://homedepot.wd5.myworkdayjobs.com/CareerDepotCanada/job/CHILLIWACK-STORE---7273/Kitchen-Designer_Req188171/apply?source=Careers.Homedepot.ca,_blank,,"CAN Hourly External GQ - March 27,2025",
111879,"Req187237<i class=""fas fa-calendar-alt""></i>Part Time<i class=""fas fa-street-view""></i>Onsite",Req187237,Service Desk Associate- Part Time - CHILLIWACK,BC - Chilliwack,"Chilliwack, BC  V2P 0E2",100-8443 Eagle Landing Pkwy,Chilliwack,British Columbia,Stores/Operations,Retail Store,Part Time,$20.4 - $22.15,"100-8443 Eagle Landing Pkwy, Chilliwack, BC  V2P 0E2",Onsite,222,1785429991,,[],"{'name': 'The Home Depot Canada', 'key': 'hd', 'logo': '/build/images/static/logo.8eb14c19.png', 'icon': '/build/images/static/logo.8eb14c19.png'}",2025.0777200398998,,https://careers.homedepot.ca/job-view/service-desk-associate-part-time-chilliwack-job-posting-3-152071,https://homedepot.wd5.myworkdayjobs.com/CareerDepotCanada/job/CHILLIWACK-STORE---7273/Service-Desk-Associate--Part-Time---CHILLIWACK_Req187237/apply?source=Careers.Homedepot.ca,_blank,,"CAN Hourly External GQ - March 27,2025",
111887,"Req187235<i class=""fas fa-calendar-alt""></i>Part Time<i class=""fas fa-street-view""></i>Onsite",Req187235,Cashier: Part Time - CHILLIWACK,BC - Chilliwack,"Chilliwack, BC  V2P 0E2",100-8443 Eagle Landing Pkwy,Chilliwack,British Columbia,Stores/Operations,Retail Store,Part Time,$18.9 - $19.9,"100-8443 Eagle Landing Pkwy, Chilliwack, BC  V2P 0E2",Onsite,223,1785429992,,[],"{'name': 'The Home Depot Canada', 'key': 'hd', 'logo': '/build/images/static/logo.8eb14c19.png', 'icon': '/build/images/static/logo.8eb14c19.png'}",2025.0777200398998,,https://careers.homedepot.ca/job-view/cashier-part-time-chilliwack-job-posting-3-152171,https://homedepot.wd5.myworkdayjobs.com/CareerDepotCanada/job/CHILLIWACK-STORE---7273/Cashier--Part-Time---CHILLIWACK_Req187235/apply?source=Careers.Homedepot.ca,_blank,,"CAN Hourly External GQ - March 27,2025",
110806,"Req187842<i class=""fas fa-calendar-alt""></i>Full Time<i class=""fas fa-street-view""></i>Onsite",Req187842,Overnight Freight Team Supervisor : Full Time - PRINCE GEORGE,BC - Prince George,"Prince George, BC  V2N 6Z5",5959 Dakelh Ti,Prince George,British Columbia,Stores/Operations,Retail Store,Full Time,$23.8 - $26.05,"5959 Dakelh Ti, Prince George, BC  V2N 6Z5",Onsite,224,1784849883,,[],"{'name': 'The Home Depot Canada', 'key': 'hd', 'logo': '/build/images/static/logo.8eb14c19.png', 'icon': '/build/images/static/logo.8eb14c19.png'}",2049.1261029014818,,https://careers.homedepot.ca/job-view/overnight-freight-team-supervisor-full-time-prince-george-job-posting-3-150912,https://homedepot.wd5.myworkdayjobs.com/CareerDepotCanada/job/PRINCE-GEORGE-STORE---7171/Overnight-Freight-Team-Supervisor---Full-Time---PRINCE-GEORGE_Req187842-1/apply?source=Careers.Homedepot.ca,_blank,,"CAN External Hourly Overnights GQ - March 27,2025",
111940,"Req186098<i class=""fas fa-calendar-alt""></i>Full Time<i class=""fas fa-street-view""></i>Onsite",Req186098,Seasonal Sales Associate : Full Time - Prince George,BC - Prince George,"Prince George, BC  V2N 6Z5",5959 Dakelh Ti,Prince George,British Columbia,Stores/Operations,Retail Store,Full Time,$18.9 - $19.9,"5959 Dakelh Ti, Prince George, BC  V2N 6Z5",Onsite,225,1785436648,,[],"{'name': 'The Home Depot Canada', 'key': 'hd', 'logo': '/build/images/static/logo.8eb14c19.png', 'icon': '/build/images/static/logo.8eb14c19.png'}",2049.1261029014818,,https://careers.homedepot.ca/job-view/seasonal-sales-associate-full-time-prince-george-job-posting-3-152065,https://homedepot.wd5.myworkdayjobs.com/CareerDepotCanada/job/PRINCE-GEORGE-STORE---7171/Seasonal-Sales-Associate---Full-Time---Prince-George_Req186098/apply?source=Careers.Homedepot.ca,_blank,,"CAN Hourly External GQ - March 27,2025",
111957,"Req186030<i class=""fas fa-calendar-alt""></i>Full Time<i class=""fas fa-street-view""></i>Onsite",Req186030,Lumber Sales Associate: Full Time - PRINCE GEORGE,BC - Prince George,"Prince George, BC  V2N 6Z5",5959 Dakelh Ti,Prince George,British Columbia,Stores/Operations,Retail Store,Full Time,$18.9 - $19.9,"5959 Dakelh Ti, Prince George, BC  V2N 6Z5",Onsite,226,1785436648,,[],"{'name': 'The Home Depot Canada', 'key': 'hd', 'logo': '/build/images/static/logo.8eb14c19.png', 'icon': '/build/images/static/logo.8eb14c19.png'}",2049.1261029014818,,https://careers.homedepot.ca/job-view/lumber-sales-associate-full-time-prince-george-job-posting-3-152307,https://homedepot.wd5.myworkdayjobs.com/CareerDepotCanada/job/PRINCE-GEORGE-STORE---7171/Lumber-Sales-Associate--Full-Time---PRINCE-GEORGE_Req186030/apply?source=Careers.Homedepot.ca,_blank,,"CAN Hourly External GQ - March 27,2025",
111943,"Req187199<i class=""fas fa-calendar-alt""></i>Part Time<i class=""fas fa-street-view""></i>Onsite",Req187199,Order Picking Associate: Part Time - PORT COQUITLAM,BC - Port Coquitlam,"Port Coquitlam, BC  V3B 8B2",1069 Nicola Drive,Port Coquitlam,British Columbia,Stores/Operations,Retail Store,Part Time,$20.4 - $22.15,"1069 Nicola Drive, Port Coquitlam, BC  V3B 8B2",Onsite,227,1785436648,,[],"{'name': 'The Home Depot Canada', 'key': 'hd', 'logo': '/build/images/static/logo.8eb14c19.png', 'icon': '/build/images/static/logo.8eb14c19.png'}",2058.5418776082315,,https://careers.homedepot.ca/job-view/order-picking-associate-part-time-port-coquitlam-job-posting-3-152113,https://homedepot.wd5.myworkdayjobs.com/CareerDepotCanada/job/PORT-COQUITLAM-STORE---7145/Order-Picking-Associate--Part-Time---PORT-COQUITLAM_Req187199/apply?source=Careers.Homedepot.ca,_blank,,"CAN Hourly External GQ - March 27,2025",
111349,"Req188185<i class=""fas fa-calendar-alt""></i>Part Time<i class=""fas fa-street-view""></i>Onsite",Req188185,Lot Associate: Part Time - COQUITLAM,BC - Coquitlam,"Coquitlam, BC  V3K 6Z1",1900 United Boulevard,Coquitlam,British Columbia,Stores/Operations,Retail Store,Part Time,$18.9 - $19.9,"1900 United Boulevard, Coquitlam, BC  V3K 6Z1",Onsite,228,1785253048,,[],"{'name': 'The Home Depot Canada', 'key': 'hd', 'logo': '/build/images/static/logo.8eb14c19.png', 'icon': '/build/images/static/logo.8eb14c19.png'}",2063.193256564826,,https://careers.homedepot.ca/job-view/lot-associate-part-time-coquitlam-job-posting-3-151707,https://homedepot.wd5.myworkdayjobs.com/CareerDepotCanada/job/COQUITLAM-STORE---7045/Lot-Associate--Part-Time---COQUITLAM_Req188185/apply?source=Careers.Homedepot.ca,_blank,,"CAN Hourly External GQ - March 27,2025",
112017,"Req188580<i class=""fas fa-calendar-alt""></i>Part Time<i class=""fas fa-street-view""></i>Onsite",Req188580,Receiving Associate: Part Time - STRAWBERRY HILL,BC - Surrey,"Surrey, BC  V3W 3M9",7350-120th Street ,Surrey,British Columbia,Stores/Operations,Retail Store,Part Time,$20.4 - $22.15,"7350-120th Street , Surrey, BC  V3W 3M9",Onsite,229,1785443853,,[],"{'name': 'The Home Depot Canada', 'key': 'hd', 'logo': '/build/images/static/logo.8eb14c19.png', 'icon': '/build/images/static/logo.8eb14c19.png'}",2065.930631546752,,https://careers.homedepot.ca/job-view/receiving-associate-part-time-strawberry-hill-job-posting-3-152115,https://homedepot.wd5.myworkdayjobs.com/CareerDepotCanada/job/SOUTH-SURREY-STORE---7044/Receiving-Associate--Part-Time---STRAWBERRY-HILL_Req188580/apply?source=Careers.Homedepot.ca,_blank,,"CAN Hourly External GQ - March 27,2025",
110642,"Req186688<i class=""fas fa-calendar-alt""></i>Part Time<i class=""fas fa-street-view""></i>Onsite",Req186688,Merchandising Associate: Part Time - SQUAMISH,BC - Squamish,"Squamish, BC  V8B 0M9",39251 Discovery Way,Squamish,British Columbia,Merchandising,Retail Store,Part Time,$18.75 - $20.25,"39251 Discovery Way, Squamish, BC  V8B 0M9",Onsite,230,1784825185,,[],"{'name': 'The Home Depot Canada', 'key': 'hd', 'logo': '/build/images/static/logo.8eb14c19.png', 'icon': '/build/images/static/logo.8eb14c19.png'}",2073.582453507803,,https://careers.homedepot.ca/job-view/merchandising-associate-part-time-squamish-job-posting-3-150822,https://homedepot.wd5.myworkdayjobs.com/CareerDepotCanada/job/SQUAMISH-STORE---7053/Merchandising-Associate--Part-Time---SQUAMISH_Req186688/apply?source=Careers.Homedepot.ca,_blank,,"CAN Hourly External GQ - March 27,2025",
111945,"Req187092<i class=""fas fa-calendar-alt""></i>Full Time<i class=""fas fa-street-view""></i>Onsite",Req187092,Merchandising Execution Project Associate: Full Time - SQUAMISH,BC - Squamish,"Squamish, BC  V8B 0M9",39251 Discovery Way,Squamish,British Columbia,Merchandising,Retail Store,Full Time,$20.25 - $22.00,"39251 Discovery Way, Squamish, BC  V8B 0M9",Onsite,231,1785436648,,[],"{'name': 'The Home Depot Canada', 'key': 'hd', 'logo': '/build/images/static/logo.8eb14c19.png', 'icon': '/build/images/static/logo.8eb14c19.png'}",2073.582453507803,,https://careers.homedepot.ca/job-view/merchandising-execution-project-associate-full-time-squamish-job-posting-3-152159,https://homedepot.wd5.myworkdayjobs.com/CareerDepotCanada/job/SQUAMISH-STORE---7053/Merchandising-Execution-Project-Associate--Full-Time---SQUAMISH_Req187092/apply?source=Careers.Homedepot.ca,_blank,,"CAN Hourly External GQ - March 27,2025",
111956,"Req187382<i class=""fas fa-calendar-alt""></i>Part Time<i class=""fas fa-street-view""></i>Onsite",Req187382,Kitchen and Bath Sales Associate: Part Time - SQUAMISH,BC - Squamish,"Squamish, BC  V8B 0M9",39251 Discovery Way,Squamish,British Columbia,Stores/Operations,Retail Store,Part Time,$18.75 - $19.75,"39251 Discovery Way, Squamish, BC  V8B 0M9",Onsite,232,1785436648,,[],"{'name': 'The Home Depot Canada', 'key': 'hd', 'logo': '/build/images/static/logo.8eb14c19.png', 'icon': '/build/images/static/logo.8eb14c19.png'}",2073.582453507803,,https://careers.homedepot.ca/job-view/kitchen-and-bath-sales-associate-part-time-squamish-job-posting-3-152300,https://homedepot.wd5.myworkdayjobs.com/CareerDepotCanada/job/SQUAMISH-STORE---7053/Kitchen-and-Bath-Sales-Associate--Part-Time---SQUAMISH_Req187382/apply?source=Careers.Homedepot.ca,_blank,,"CAN Hourly External GQ - March 27,2025",
111851,"Req188325<i class=""fas fa-calendar-alt""></i>Part Time<i class=""fas fa-street-view""></i>Onsite",Req188325,Merchandising Execution Associate : Part Time (TEMP) - TERMINAL - (Mon-Fri 6AM-3PM),BC - Vancouver Terminal,"Vancouver Terminal, BC  V6A 4G4",900 Terminal Avenue,Vancouver Terminal,British Columbia,Merchandising,Retail Store,Part Time,$19.15 - $20.65,"900 Terminal Avenue, Vancouver Terminal, BC  V6A 4G4",Onsite,233,1785425842,,[],"{'name': 'The Home Depot Canada', 'key': 'hd', 'logo': '/build/images/static/logo.8eb14c19.png', 'icon': '/build/images/static/logo.8eb14c19.png'}",2073.7178306459027,,https://careers.homedepot.ca/job-view/merchandising-execution-associate-part-time-temp-terminal-mon-fri-6am-3pm-job-posting-3-152209,https://homedepot.wd5.myworkdayjobs.com/CareerDepotCanada/job/VANCOUVER-STORE---7042/Merchandising-Execution-Associate---Part-Time--TEMP----TERMINAL----Mon-Fri-6AM-3PM-_Req188325/apply?source=Careers.Homedepot.ca,_blank,,"CAN Hourly External GQ - March 27,2025",
111871,"Req188486<i class=""fas fa-calendar-alt""></i>Part Time<i class=""fas fa-street-view""></i>Onsite",Req188486,Overnight Freight Associate : Part Time - TERMINAL,BC - Vancouver Terminal,"Vancouver Terminal, BC  V6A 4G4",900 Terminal Avenue,Vancouver Terminal,British Columbia,Stores/Operations,Retail Store,Part Time,$20.7 - $22.45,"900 Terminal Avenue, Vancouver Terminal, BC  V6A 4G4",Onsite,234,1785429991,,[],"{'name': 'The Home Depot Canada', 'key': 'hd', 'logo': '/build/images/static/logo.8eb14c19.png', 'icon': '/build/images/static/logo.8eb14c19.png'}",2073.7178306459027,,https://careers.homedepot.ca/job-view/overnight-freight-associate-part-time-terminal-job-posting-3-151942,https://homedepot.wd5.myworkdayjobs.com/CareerDepotCanada/job/VANCOUVER-STORE---7042/Overnight-Freight-Associate---Part-Time---TERMINAL_Req188486/apply?source=Careers.Homedepot.ca,_blank,,"CAN External Hourly Overnights GQ - March 27,2025",
111993,"Req182674<i class=""fas fa-calendar-alt""></i>Full Time<i class=""fas fa-street-view""></i>Onsite",Req182674,Asset Protection Specialist: Full Time- Vancouver Terminal,BC - Vancouver Terminal,"Vancouver Terminal, BC  V6A 4G4",900 Terminal Avenue,Vancouver Terminal,British Columbia,Stores/Operations,Retail Store,Full Time,$22.35 - $24.35,"900 Terminal Avenue, Vancouver Terminal, BC  V6A 4G4",Onsite,235,1785440250,,[],"{'name': 'The Home Depot Canada', 'key': 'hd', 'logo': '/build/images/static/logo.8eb14c19.png', 'icon': '/build/images/static/logo.8eb14c19.png'}",2073.7178306459027,,https://careers.homedepot.ca/job-view/asset-protection-specialist-full-time-vancouver-terminal-job-posting-3-152182,https://homedepot.wd5.myworkdayjobs.com/CareerDepotCanada/job/VANCOUVER-STORE---7042/Asset-Protection-Specialist--Full-Time---Vancouver-Terminal_Req182674-1/apply?source=Careers.Homedepot.ca,_blank,,"CAN Hourly External GQ - March 27,2025",
110640,"Req186283<i class=""fas fa-calendar-alt""></i>Full Time<i class=""fas fa-street-view""></i>Onsite",Req186283,Flooring Sales Specialist: Full Time - SAANICH,BC - Saanich,"Saanich, BC  V8N 3E3",3986 Shelbourne Street,Saanich,British Columbia,Stores/Operations,Retail Store,Full Time,$21.85 - $23.85,"3986 Shelbourne Street, Saanich, BC  V8N 3E3",Onsite,236,1784825185,,[],"{'name': 'The Home Depot Canada', 'key': 'hd', 'logo': '/build/images/static/logo.8eb14c19.png', 'icon': '/build/images/static/logo.8eb14c19.png'}",2091.713822243189,,https://careers.homedepot.ca/job-view/flooring-sales-specialist-full-time-saanich-job-posting-3-150820,https://homedepot.wd5.myworkdayjobs.com/CareerDepotCanada/job/SAANICH-STORE---7055/Flooring-Sales-Specialist--Full-Time---SAANICH_Req186283/apply?source=Careers.Homedepot.ca,_blank,,"CAN Hourly External GQ - March 27,2025",
110653,"Req185253<i class=""fas fa-calendar-alt""></i>Full Time<i class=""fas fa-street-view""></i>Onsite",Req185253,Overnight Freight Associate : Full Time - SAANICH,BC - Saanich,"Saanich, BC  V8N 3E3",3986 Shelbourne Street,Saanich,British Columbia,Stores/Operations,Retail Store,Full Time,$20.25 - $22.00,"3986 Shelbourne Street, Saanich, BC  V8N 3E3",Onsite,237,1784825185,,[],"{'name': 'The Home Depot Canada', 'key': 'hd', 'logo': '/build/images/static/logo.8eb14c19.png', 'icon': '/build/images/static/logo.8eb14c19.png'}",2091.713822243189,,https://careers.homedepot.ca/job-view/overnight-freight-associate-full-time-saanich-job-posting-3-150852,https://homedepot.wd5.myworkdayjobs.com/CareerDepotCanada/job/SAANICH-STORE---7055/Overnight-Freight-Associate---Full-Time---SAANICH_Req185253/apply?source=Careers.Homedepot.ca,_blank,,"CAN External Hourly Overnights GQ - March 27,2025",
110685,"Req186683<i class=""fas fa-calendar-alt""></i>Full Time<i class=""fas fa-street-view""></i>Onsite",Req186683,Kitchen & Bath Sales Associate: Full Time - SAANICH,BC - Saanich,"Saanich, BC  V8N 3E3",3986 Shelbourne Street,Saanich,British Columbia,Stores/Operations,Retail Store,Full Time,$18.75 - $19.75,"3986 Shelbourne Street, Saanich, BC  V8N 3E3",Onsite,238,1784825186,,[],"{'name': 'The Home Depot Canada', 'key': 'hd', 'logo': '/build/images/static/logo.8eb14c19.png', 'icon': '/build/images/static/logo.8eb14c19.png'}",2091.713822243189,,https://careers.homedepot.ca/job-view/kitchen-bath-sales-associate-full-time-saanich-job-posting-3-150957,https://homedepot.wd5.myworkdayjobs.com/CareerDepotCanada/job/SAANICH-STORE---7055/Kitchen---Bath-Sales-Associate--Full-Time---SAANICH_Req186683/apply?source=Careers.Homedepot.ca,_blank,,"CAN Hourly External GQ - March 27,2025",
110686,"Req186616<i class=""fas fa-calendar-alt""></i>Full Time<i class=""fas fa-street-view""></i>Onsite",Req186616,Lumber & Building Materials Sales Associate: Full Time - SAANICH,BC - Saanich,"Saanich, BC  V8N 3E3",3986 Shelbourne Street,Saanich,British Columbia,Stores/Operations,Retail Store,Full Time,$18.75 - $19.75,"3986 Shelbourne Street, Saanich, BC  V8N 3E3",Onsite,239,1784825186,,[],"{'name': 'The Home Depot Canada', 'key': 'hd', 'logo': '/build/images/static/logo.8eb14c19.png', 'icon': '/build/images/static/logo.8eb14c19.png'}",2091.713822243189,,https://careers.homedepot.ca/job-view/lumber-building-materials-sales-associate-full-time-saanich-job-posting-3-150967,https://homedepot.wd5.myworkdayjobs.com/CareerDepotCanada/job/SAANICH-STORE---7055/Lumber---Building-Materials--Sales-Associate--Full-Time---SAANICH_Req186616/apply?source=Careers.Homedepot.ca,_blank,,"CAN Hourly External GQ - March 27,2025",
111643,"Req187137<i class=""fas fa-calendar-alt""></i>Full Time<i class=""fas fa-street-view""></i>Onsite",Req187137,Asset Protection Specialist: Full Time - SAANICH,BC - Saanich,"Saanich, BC  V8N 3E3",3986 Shelbourne Street,Saanich,British Columbia,Stores/Operations,Retail Store,Full Time,$21.85 - $23.85,"3986 Shelbourne Street, Saanich, BC  V8N 3E3",Onsite,240,1785350251,,[],"{'name': 'The Home Depot Canada', 'key': 'hd', 'logo': '/build/images/static/logo.8eb14c19.png', 'icon': '/build/images/static/logo.8eb14c19.png'}",2091.713822243189,,https://careers.homedepot.ca/job-view/asset-protection-specialist-full-time-saanich-job-posting-3-151786,https://homedepot.wd5.myworkdayjobs.com/CareerDepotCanada/job/SAANICH-STORE---7055/Asset-Protection-Specialist--Full-Time---SAANICH_Req187137/apply?source=Careers.Homedepot.ca,_blank,,"CAN Hourly External GQ - March 27,2025",
111651,"Req187165<i class=""fas fa-calendar-alt""></i>Part Time<i class=""fas fa-street-view""></i>Onsite",Req187165,Plumbing/Electrical Associate: Part Time - SAANICH,BC - Saanich,"Saanich, BC  V8N 3E3",3986 Shelbourne Street,Saanich,British Columbia,Stores/Operations,Retail Store,Part Time,$18.75 - $19.75,"3986 Shelbourne Street, Saanich, BC  V8N 3E3",Onsite,241,1785350252,,[],"{'name': 'The Home Depot Canada', 'key': 'hd', 'logo': '/build/images/static/logo.8eb14c19.png', 'icon': '/build/images/static/logo.8eb14c19.png'}",2091.713822243189,,https://careers.homedepot.ca/job-view/plumbing-electrical-associate-part-time-saanich-job-posting-3-152019,https://homedepot.wd5.myworkdayjobs.com/CareerDepotCanada/job/SAANICH-STORE---7055/Plumbing-Electrical-Associate--Part-Time---SAANICH_Req187165/apply?source=Careers.Homedepot.ca,_blank,,"CAN Hourly External GQ - March 27,2025",
111934,"Req186859<i class=""fas fa-calendar-alt""></i>Full Time<i class=""fas fa-street-view""></i>Onsite",Req186859,Department Supervisor : Full Time - SAANICH,BC - Saanich,"Saanich, BC  V8N 3E3",3986 Shelbourne Street,Saanich,British Columbia,Stores/Operations,Retail Store,Full Time,$23.60 - $25.85,"3986 Shelbourne Street, Saanich, BC  V8N 3E3",Onsite,242,1785436647,,[],"{'name': 'The Home Depot Canada', 'key': 'hd', 'logo': '/build/images/static/logo.8eb14c19.png', 'icon': '/build/images/static/logo.8eb14c19.png'}",2091.713822243189,,https://careers.homedepot.ca/job-view/department-supervisor-full-time-saanich-job-posting-3-151944,https://homedepot.wd5.myworkdayjobs.com/CareerDepotCanada/job/SAANICH-STORE---7055/Department-Supervisor---Full-Time---SAANICH_Req186859/apply?source=Careers.Homedepot.ca,_blank,,"CAN Hourly External GQ - March 27,2025",
112154,"Req188615<i class=""fas fa-calendar-alt""></i>Part Time<i class=""fas fa-street-view""></i>Onsite",Req188615,Merchandising Execution Associate: Part Time - SAANICH,BC - Saanich,"Saanich, BC  V8N 3E3",3986 Shelbourne Street,Saanich,British Columbia,Merchandising,Retail Store,Part Time,$18.75 - $20.25,"3986 Shelbourne Street, Saanich, BC  V8N 3E3",Onsite,243,1785508649,,[],"{'name': 'The Home Depot Canada', 'key': 'hd', 'logo': '/build/images/static/logo.8eb14c19.png', 'icon': '/build/images/static/logo.8eb14c19.png'}",2091.713822243189,,https://careers.homedepot.ca/job-view/merchandising-execution-associate-part-time-saanich-job-posting-3-152419,https://homedepot.wd5.myworkdayjobs.com/CareerDepotCanada/job/SAANICH-STORE---7055/Merchandising-Execution-Associate--Part-Time---SAANICH_Req188615/apply?source=Careers.Homedepot.ca,_blank,,"CAN Hourly External GQ - March 27,2025",
110977,"Req183705<i class=""fas fa-calendar-alt""></i>Part Time<i class=""fas fa-street-view""></i>Onsite",Req183705,Order Picker: Part Time - LANGFORD,BC - Victoria,"Victoria, BC  V9B 3R3",2400 Millstream Road,Victoria,British Columbia,Stores/Operations,Retail Store,Part Time,$20.4 - $22.15,"2400 Millstream Road, Victoria, BC  V9B 3R3",Onsite,244,1784936243,,[],"{'name': 'The Home Depot Canada', 'key': 'hd', 'logo': '/build/images/static/logo.8eb14c19.png', 'icon': '/build/images/static/logo.8eb14c19.png'}",2099.333941537889,,https://careers.homedepot.ca/job-view/order-picker-part-time-langford-job-posting-3-151217,https://homedepot.wd5.myworkdayjobs.com/CareerDepotCanada/job/VICTORIA-STORE---7074/Day-time-Order-Picker--Part-Time---LANGFORD_Req183705/apply?source=Careers.Homedepot.ca,_blank,,"CAN Hourly External GQ - March 27,2025",
111245,"Req188111<i class=""fas fa-calendar-alt""></i>Full Time<i class=""fas fa-street-view""></i>Onsite",Req188111,Lumber Sales Associate: Full Time - LANGFORD,BC - Victoria,"Victoria, BC  V9B 3R3",2400 Millstream Road,Victoria,British Columbia,Stores/Operations,Retail Store,Full Time,$18.9 - $19.9,"2400 Millstream Road, Victoria, BC  V9B 3R3",Onsite,245,1785188250,,[],"{'name': 'The Home Depot Canada', 'key': 'hd', 'logo': '/build/images/static/logo.8eb14c19.png', 'icon': '/build/images/static/logo.8eb14c19.png'}",2099.333941537889,,https://careers.homedepot.ca/job-view/lumber-sales-associate-full-time-langford-job-posting-3-151504,https://homedepot.wd5.myworkdayjobs.com/CareerDepotCanada/job/VICTORIA-STORE---7074/Lumber-Sales-Associate--Full-Time---LANGFORD_Req188111-1/apply?source=Careers.Homedepot.ca,_blank,,"CAN Hourly External GQ - March 27,2025",
111282,"Req188176<i class=""fas fa-calendar-alt""></i>Full Time<i class=""fas fa-street-view""></i>Onsite",Req188176,Head Cashier: Full Time - LANGFORD,BC - Victoria,"Victoria, BC  V9B 3R3",2400 Millstream Road,Victoria,British Columbia,Stores/Operations,Retail Store,Full Time,$20.4 - $22.15,"2400 Millstream Road, Victoria, BC  V9B 3R3",Onsite,246,1785199069,,[],"{'name': 'The Home Depot Canada', 'key': 'hd', 'logo': '/build/images/static/logo.8eb14c19.png', 'icon': '/build/images/static/logo.8eb14c19.png'}",2099.333941537889,,https://careers.homedepot.ca/job-view/head-cashier-full-time-langford-job-posting-3-151609,https://homedepot.wd5.myworkdayjobs.com/CareerDepotCanada/job/VICTORIA-STORE---7074/Head-Cashier--Full-Time---LANGFORD_Req188176/apply?source=Careers.Homedepot.ca,_blank,,"CAN Hourly External GQ - March 27,2025",
111285,"Req188184<i class=""fas fa-calendar-alt""></i>Full Time<i class=""fas fa-street-view""></i>Onsite",Req188184,Garden Associate: Full Time - LANGFORD,BC - Victoria,"Victoria, BC  V9B 3R3",2400 Millstream Road,Victoria,British Columbia,Stores/Operations,Retail Store,Full Time,$18.9 - $19.9,"2400 Millstream Road, Victoria, BC  V9B 3R3",Onsite,247,1785199069,,[],"{'name': 'The Home Depot Canada', 'key': 'hd', 'logo': '/build/images/static/logo.8eb14c19.png', 'icon': '/build/images/static/logo.8eb14c19.png'}",2099.333941537889,,https://careers.homedepot.ca/job-view/garden-associate-full-time-langford-job-posting-3-151657,https://homedepot.wd5.myworkdayjobs.com/CareerDepotCanada/job/VICTORIA-STORE---7074/Garden-Associate--Full-Time---LANGFORD_Req188184-1/apply?source=Careers.Homedepot.ca,_blank,,"CAN Hourly External GQ - March 27,2025",
111989,"Req181806<i class=""fas fa-calendar-alt""></i>Full Time<i class=""fas fa-street-view""></i>Onsite",Req181806,Electrical and Plumbing Sales Associate: Full Time - LANGFORD,BC - Victoria,"Victoria, BC  V9B 3R3",2400 Millstream Road,Victoria,British Columbia,Stores/Operations,Retail Store,Full Time,$18.9 - $19.9,"2400 Millstream Road, Victoria, BC  V9B 3R3",Onsite,248,1785440250,,[],"{'name': 'The Home Depot Canada', 'key': 'hd', 'logo': '/build/images/static/logo.8eb14c19.png', 'icon': '/build/images/static/logo.8eb14c19.png'}",2099.333941537889,,https://careers.homedepot.ca/job-view/electrical-and-plumbing-sales-associate-full-time-langford-job-posting-3-152094,https://homedepot.wd5.myworkdayjobs.com/CareerDepotCanada/job/VICTORIA-STORE---7074/Electrical-and-Plumbing-Sales--Associate--Full-Time---LANGFORD_Req181806/apply?source=Careers.Homedepot.ca,_blank,,"CAN Hourly External GQ - March 27,2025",
111991,"Req184513<i class=""fas fa-calendar-alt""></i>Full Time<i class=""fas fa-street-view""></i>Onsite",Req184513,Overnight Freight Team Associate: Full Time - LANGFORD,BC - Victoria,"Victoria, BC  V9B 3R3",2400 Millstream Road,Victoria,British Columbia,Stores/Operations,Retail Store,Full Time,$20.4 - $22.15,"2400 Millstream Road, Victoria, BC  V9B 3R3",Onsite,249,1785440250,,[],"{'name': 'The Home Depot Canada', 'key': 'hd', 'logo': '/build/images/static/logo.8eb14c19.png', 'icon': '/build/images/static/logo.8eb14c19.png'}",2099.333941537889,,https://careers.homedepot.ca/job-view/overnight-freight-team-associate-full-time-langford-job-posting-3-152161,https://homedepot.wd5.myworkdayjobs.com/CareerDepotCanada/job/VICTORIA-STORE---7074/Overnight-Freight-Team-Associate--Full-Time---LANGFORD_Req184513/apply?source=Careers.Homedepot.ca,_blank,,"CAN External Hourly Overnights GQ - March 27,2025",
111998,"Req179186<i class=""fas fa-calendar-alt""></i>Part Time<i class=""fas fa-street-view""></i>Onsite",Req179186,Overnight Freight Team Associate : Part Time - LANGFORD,BC - Victoria,"Victoria, BC  V9B 3R3",2400 Millstream Road,Victoria,British Columbia,Stores/Operations,Retail Store,Part Time,$20.4 - $22.15,"2400 Millstream Road, Victoria, BC  V9B 3R3",Onsite,250,1785440251,,[],"{'name': 'The Home Depot Canada', 'key': 'hd', 'logo': '/build/images/static/logo.8eb14c19.png', 'icon': '/build/images/static/logo.8eb14c19.png'}",2099.333941537889,,https://careers.homedepot.ca/job-view/overnight-freight-team-associate-part-time-langford-job-posting-3-152204,https://homedepot.wd5.myworkdayjobs.com/CareerDepotCanada/job/VICTORIA-STORE---7074/Overnight-Freight-Team-Associate---Part-Time---LANGFORD_Req179186-1/apply?source=Careers.Homedepot.ca,_blank,,"CAN External Hourly Overnights GQ - March 27,2025",
111129,"Req183455<i class=""fas fa-calendar-alt""></i>Part Time<i class=""fas fa-street-view""></i>Onsite",Req183455,Lot Associate: Part Time - DUNCAN,BC - Duncan,"Duncan, BC  V9L 6C6",1-2980 Drinkwater Road,Duncan,British Columbia,Stores/Operations,Retail Store,Part Time,$18.9 - $19.9,"1-2980 Drinkwater Road, Duncan, BC  V9L 6C6",Onsite,251,1785173856,,[],"{'name': 'The Home Depot Canada', 'key': 'hd', 'logo': '/build/images/static/logo.8eb14c19.png', 'icon': '/build/images/static/logo.8eb14c19.png'}",2106.163015758327,,https://careers.homedepot.ca/job-view/lot-associate-part-time-duncan-job-posting-3-151250,https://homedepot.wd5.myworkdayjobs.com/CareerDepotCanada/job/DUNCAN-STORE---7272/Lot-Associate--Part-Time---DUNCAN_Req183455/apply?source=Careers.Homedepot.ca,_blank,,"CAN Hourly External GQ - March 27,2025",
111952,"Req185345<i class=""fas fa-calendar-alt""></i>Full Time<i class=""fas fa-street-view""></i>Onsite",Req185345,Overnight Freight Team Associate: Full Time,BC - Duncan,"Duncan, BC  V9L 6C6",1-2980 Drinkwater Road,Duncan,British Columbia,Stores/Operations,Retail Store,Full Time,$20.4 - $22.15,"1-2980 Drinkwater Road, Duncan, BC  V9L 6C6",Onsite,252,1785436648,,[],"{'name': 'The Home Depot Canada', 'key': 'hd', 'logo': '/build/images/static/logo.8eb14c19.png', 'icon': '/build/images/static/logo.8eb14c19.png'}",2106.163015758327,,https://careers.homedepot.ca/job-view/overnight-freight-team-associate-full-time-job-posting-3-152261,https://homedepot.wd5.myworkdayjobs.com/CareerDepotCanada/job/DUNCAN-STORE---7272/Overnight-Freight-Team-Associate--Full-Time_Req185345/apply?source=Careers.Homedepot.ca,_blank,,"CAN External Hourly Overnights GQ - March 27,2025",
110368,"Req182533<i class=""fas fa-calendar-alt""></i>Full Time<i class=""fas fa-street-view""></i>Onsite",Req182533,Garden Department Supervisor: Full Time - NANAIMO,BC - Nanaimo,"Nanaimo, BC  V9T 2L9",6555 Metral Street,Nanaimo,British Columbia,Stores/Operations,Retail Store,Full Time,$23.60 - $25.85,"6555 Metral Street, Nanaimo, BC  V9T 2L9",Onsite,253,1784673447,,[],"{'name': 'The Home Depot Canada', 'key': 'hd', 'logo': '/build/images/static/logo.8eb14c19.png', 'icon': '/build/images/static/logo.8eb14c19.png'}",2117.319748649233,,https://careers.homedepot.ca/job-view/garden-department-supervisor-full-time-nanaimo-job-posting-3-150710,https://homedepot.wd5.myworkdayjobs.com/CareerDepotCanada/job/NANAIMO-STORE---7040/Garden-Department-Supervisor--Full-Time---NANAIMO_Req182533/apply?source=Careers.Homedepot.ca,_blank,,"CAN Hourly External GQ - March 27,2025",
110382,"Req187601<i class=""fas fa-calendar-alt""></i>Part Time<i class=""fas fa-street-view""></i>Onsite",Req187601,Tool Rental Sales Associate: Part Time - NANAIMO,BC - Nanaimo,"Nanaimo, BC  V9T 2L9",6555 Metral Street,Nanaimo,British Columbia,Stores/Operations,Retail Store,Part Time,$18.75 - $19.75,"6555 Metral Street, Nanaimo, BC  V9T 2L9",Onsite,254,1784680647,,[],"{'name': 'The Home Depot Canada', 'key': 'hd', 'logo': '/build/images/static/logo.8eb14c19.png', 'icon': '/build/images/static/logo.8eb14c19.png'}",2117.319748649233,,https://careers.homedepot.ca/job-view/tool-rental-sales-associate-part-time-nanaimo-job-posting-3-150718,https://homedepot.wd5.myworkdayjobs.com/CareerDepotCanada/job/NANAIMO-STORE---7040/Tool-Rental-Sales-Associate--Part-Time---NANAIMO_Req187601/apply?source=Careers.Homedepot.ca,_blank,,"CAN Hourly External GQ - March 27,2025",
110680,"Req184152<i class=""fas fa-calendar-alt""></i>Full Time<i class=""fas fa-street-view""></i>Onsite",Req184152,Appliance Sales Associate: Full Time -NANAIMO,BC - Nanaimo,"Nanaimo, BC  V9T 2L9",6555 Metral Street,Nanaimo,British Columbia,Stores/Operations,Retail Store,Full Time,$21.85 - $23.85,"6555 Metral Street, Nanaimo, BC  V9T 2L9",Onsite,255,1784825185,,[],"{'name': 'The Home Depot Canada', 'key': 'hd', 'logo': '/build/images/static/logo.8eb14c19.png', 'icon': '/build/images/static/logo.8eb14c19.png'}",2117.319748649233,,https://careers.homedepot.ca/job-view/appliance-sales-associate-full-time-nanaimo-job-posting-3-150939,https://homedepot.wd5.myworkdayjobs.com/CareerDepotCanada/job/NANAIMO-STORE---7040/Appliance-Sales-Associate--Full-Time--NANAIMO_Req184152/apply?source=Careers.Homedepot.ca,_blank,,"CAN Hourly External GQ - March 27,2025",
111938,"Req186810<i class=""fas fa-calendar-alt""></i>Part Time<i class=""fas fa-street-view""></i>Onsite",Req186810,Overnight Freight Associate: Part-time - NANAIMO,BC - Nanaimo,"Nanaimo, BC  V9T 2L9",6555 Metral Street,Nanaimo,British Columbia,Stores/Operations,Retail Store,Part Time,$20.25 - $22.00,"6555 Metral Street, Nanaimo, BC  V9T 2L9",Onsite,256,1785436648,,[],"{'name': 'The Home Depot Canada', 'key': 'hd', 'logo': '/build/images/static/logo.8eb14c19.png', 'icon': '/build/images/static/logo.8eb14c19.png'}",2117.319748649233,,https://careers.homedepot.ca/job-view/overnight-freight-associate-part-time-nanaimo-job-posting-3-152063,https://homedepot.wd5.myworkdayjobs.com/CareerDepotCanada/job/NANAIMO-STORE---7040/Overnight-Freight-Associate---Part-time---NANAIMO_Req186810-1/apply?source=Careers.Homedepot.ca,_blank,,"CAN External Hourly Overnights GQ - March 27,2025",
112150,"Req188612<i class=""fas fa-calendar-alt""></i>Part Time<i class=""fas fa-street-view""></i>Onsite",Req188612,Cashier: Part Time - NANAIMO,BC - Nanaimo,"Nanaimo, BC  V9T 2L9",6555 Metral Street,Nanaimo,British Columbia,Stores/Operations,Retail Store,Part Time,$18.75 - $19.75,"6555 Metral Street, Nanaimo, BC  V9T 2L9",Onsite,257,1785508649,,[],"{'name': 'The Home Depot Canada', 'key': 'hd', 'logo': '/build/images/static/logo.8eb14c19.png', 'icon': '/build/images/static/logo.8eb14c19.png'}",2117.319748649233,,https://careers.homedepot.ca/job-view/cashier-part-time-nanaimo-job-posting-3-152372,https://homedepot.wd5.myworkdayjobs.com/CareerDepotCanada/job/NANAIMO-STORE---7040/Cashier--Part-Time---NANAIMO_Req188612/apply?source=Careers.Homedepot.ca,_blank,,"CAN Hourly External GQ - March 27,2025",
111954,"Req180151<i class=""fas fa-calendar-alt""></i>Full Time<i class=""fas fa-street-view""></i>Onsite",Req180151,Flooring Sales Specialist : Full Time - COURTENAY,BC - Courtenay,"Courtenay, BC  V9N 9E5",388 Lerwick Road,Courtenay,British Columbia,Stores/Operations,Retail Store,Full Time,$22.05 - $24.05,"388 Lerwick Road, Courtenay, BC  V9N 9E5",Onsite,258,1785436648,,[],"{'name': 'The Home Depot Canada', 'key': 'hd', 'logo': '/build/images/static/logo.8eb14c19.png', 'icon': '/build/images/static/logo.8eb14c19.png'}",2154.2076561986228,,https://careers.homedepot.ca/job-view/flooring-sales-specialist-full-time-courtenay-job-posting-3-152298,https://homedepot.wd5.myworkdayjobs.com/CareerDepotCanada/job/COURTENAY-STORE---7177/Flooring-Sales-Specialist---Full-Time---COURTENAY_Req180151/apply?source=Careers.Homedepot.ca,_blank,,"CAN Hourly External GQ - March 27,2025",
111982,"Req183346<i class=""fas fa-calendar-alt""></i>Full Time<i class=""fas fa-street-view""></i>Onsite",Req183346,Seasonal Sales Associate: Full time - COURTENAY,BC - Courtenay,"Courtenay, BC  V9N 9E5",388 Lerwick Road,Courtenay,British Columbia,Stores/Operations,Retail Store,Full Time,$18.9 - $19.9,"388 Lerwick Road, Courtenay, BC  V9N 9E5",Onsite,259,1785440250,,[],"{'name': 'The Home Depot Canada', 'key': 'hd', 'logo': '/build/images/static/logo.8eb14c19.png', 'icon': '/build/images/static/logo.8eb14c19.png'}",2154.2076561986228,,https://careers.homedepot.ca/job-view/seasonal-sales-associate-full-time-courtenay-job-posting-3-151893,https://homedepot.wd5.myworkdayjobs.com/CareerDepotCanada/job/COURTENAY-STORE---7177/Seasonal-Sales--Associate--Full-time---COURTENAY_Req183346/apply?source=Careers.Homedepot.ca,_blank,,"CAN Hourly External GQ - March 27,2025",
112000,"Req183977<i class=""fas fa-calendar-alt""></i>Full Time<i class=""fas fa-street-view""></i>Onsite",Req183977,Plumbing Sales Associate: Full Time - COURTENAY,BC - Courtenay,"Courtenay, BC  V9N 9E5",388 Lerwick Road,Courtenay,British Columbia,Stores/Operations,Retail Store,Full Time,$18.9 - $19.9,"388 Lerwick Road, Courtenay, BC  V9N 9E5",Onsite,260,1785440251,,[],"{'name': 'The Home Depot Canada', 'key': 'hd', 'logo': '/build/images/static/logo.8eb14c19.png', 'icon': '/build/images/static/logo.8eb14c19.png'}",2154.2076561986228,,https://careers.homedepot.ca/job-view/plumbing-sales-associate-full-time-courtenay-job-posting-3-152211,https://homedepot.wd5.myworkdayjobs.com/CareerDepotCanada/job/COURTENAY-STORE---7177/Plumbing-Sales-Associate--Full-Time---COURTENAY_Req183977/apply?source=Careers.Homedepot.ca,_blank,,"CAN Hourly External GQ - March 27,2025",
112103,"Req188603<i class=""fas fa-calendar-alt""></i>Part Time<i class=""fas fa-street-view""></i>Onsite",Req188603,Paint Sales Associate : Part Time - COURTENAY,BC - Courtenay,"Courtenay, BC  V9N 9E5",388 Lerwick Road,Courtenay,British Columbia,Stores/Operations,Retail Store,Part Time,$18.9 - $19.9,"388 Lerwick Road, Courtenay, BC  V9N 9E5",Onsite,261,1785458249,,[],"{'name': 'The Home Depot Canada', 'key': 'hd', 'logo': '/build/images/static/logo.8eb14c19.png', 'icon': '/build/images/static/logo.8eb14c19.png'}",2154.2076561986228,,https://careers.homedepot.ca/job-view/paint-sales-associate-part-time-courtenay-job-posting-3-152380,https://homedepot.wd5.myworkdayjobs.com/CareerDepotCanada/job/COURTENAY-STORE---7177/Paint-Sales-Associate---Part-Time---COURTENAY_Req188603/apply?source=Careers.Homedepot.ca,_blank,,"CAN Hourly External GQ - March 27,2025",
110649,"Req183860<i class=""fas fa-calendar-alt""></i>Part Time<i class=""fas fa-street-view""></i>Onsite",Req183860,Cashier: Part Time - CAMPBELL RIVER,BC - Campbell River,"Campbell River, BC  V9W 8C9",1482 Island Highway,Campbell River,British Columbia,Stores/Operations,Retail Store,Part Time,$18.75 - $19.75,"1482 Island Highway, Campbell River, BC  V9W 8C9",Onsite,262,1784825185,,[],"{'name': 'The Home Depot Canada', 'key': 'hd', 'logo': '/build/images/static/logo.8eb14c19.png', 'icon': '/build/images/static/logo.8eb14c19.png'}",2164.7180607042787,,https://careers.homedepot.ca/job-view/cashier-part-time-campbell-river-job-posting-3-150845,https://homedepot.wd5.myworkdayjobs.com/CareerDepotCanada/job/CAMPBELL-RIVER-STORE---7221/Cashier--Part-Time---CAMPBELL-RIVER_Req183860/apply?source=Careers.Homedepot.ca,_blank,,"CAN Hourly External GQ - March 27,2025",
110657,"Req180350<i class=""fas fa-calendar-alt""></i>Part Time<i class=""fas fa-street-view""></i>Onsite",Req180350,Lumber & Building Materials Sales Associate : Part Time - CAMPBELL RIVER,BC - Campbell River,"Campbell River, BC  V9W 8C9",1482 Island Highway,Campbell River,British Columbia,Stores/Operations,Retail Store,Part Time,$18.75 - $19.75,"1482 Island Highway, Campbell River, BC  V9W 8C9",Onsite,263,1784825185,,[],"{'name': 'The Home Depot Canada', 'key': 'hd', 'logo': '/build/images/static/logo.8eb14c19.png', 'icon': '/build/images/static/logo.8eb14c19.png'}",2164.7180607042787,,https://careers.homedepot.ca/job-view/lumber-building-materials-sales-associate-part-time-campbell-river-job-posting-3-150869,https://homedepot.wd5.myworkdayjobs.com/CareerDepotCanada/job/CAMPBELL-RIVER-STORE---7221/Lumber---Building-Materials-Sales-Associate---Part-Time---CAMPBELL-RIVER_Req180350/apply?source=Careers.Homedepot.ca,_blank,,"CAN Hourly External GQ - March 27,2025",
110669,"Req177700<i class=""fas fa-calendar-alt""></i>Part Time<i class=""fas fa-street-view""></i>Onsite",Req177700,Appliance Sales Associate: Part Time - CAMPBELL RIVER,BC - Campbell River,"Campbell River, BC  V9W 8C9",1482 Island Highway,Campbell River,British Columbia,Stores/Operations,Retail Store,Part Time,$18.75 - $19.75,"1482 Island Highway, Campbell River, BC  V9W 8C9",Onsite,264,1784825185,,[],"{'name': 'The Home Depot Canada', 'key': 'hd', 'logo': '/build/images/static/logo.8eb14c19.png', 'icon': '/build/images/static/logo.8eb14c19.png'}",2164.7180607042787,,https://careers.homedepot.ca/job-view/appliance-sales-associate-part-time-campbell-river-job-posting-3-150889,https://homedepot.wd5.myworkdayjobs.com/CareerDepotCanada/job/CAMPBELL-RIVER-STORE---7221/Appliance-Sales-Associate--Part-Time---CAMPBELL-RIVER_Req177700/apply?source=Careers.Homedepot.ca,_blank,,"CAN Hourly External GQ - March 27,2025",
110675,"Req183861<i class=""fas fa-calendar-alt""></i>Part Time<i class=""fas fa-street-view""></i>Onsite",Req183861,Special Service Desk Associate: Part Time - CAMPBELL RIVER,BC - Campbell River,"Campbell River, BC  V9W 8C9",1482 Island Highway,Campbell River,British Columbia,Stores/Operations,Retail Store,Part Time,$20.25 - $22.00,"1482 Island Highway, Campbell River, BC  V9W 8C9",Onsite,265,1784825185,,[],"{'name': 'The Home Depot Canada', 'key': 'hd', 'logo': '/build/images/static/logo.8eb14c19.png', 'icon': '/build/images/static/logo.8eb14c19.png'}",2164.7180607042787,,https://careers.homedepot.ca/job-view/special-service-desk-associate-part-time-campbell-river-job-posting-3-150928,https://homedepot.wd5.myworkdayjobs.com/CareerDepotCanada/job/CAMPBELL-RIVER-STORE---7221/Special-Service-Desk-Associate--Part-Time---CAMPBELL-RIVER_Req183861/apply?source=Careers.Homedepot.ca,_blank,,"CAN Hourly External GQ - March 27,2025",
111885,"Req186763<i class=""fas fa-calendar-alt""></i>Full Time<i class=""fas fa-street-view""></i>Onsite",Req186763,Tool Rental Service Technician Full Time - CAMPBELL RIVER,BC - Campbell River,"Campbell River, BC  V9W 8C9",1482 Island Highway,Campbell River,British Columbia,Stores/Operations,Retail Store,Full Time,$21.85 - $23.85,"1482 Island Highway, Campbell River, BC  V9W 8C9",Onsite,266,1785429992,,[],"{'name': 'The Home Depot Canada', 'key': 'hd', 'logo': '/build/images/static/logo.8eb14c19.png', 'icon': '/build/images/static/logo.8eb14c19.png'}",2164.7180607042787,,https://careers.homedepot.ca/job-view/tool-rental-service-technician-full-time-campbell-river-job-posting-3-152143,https://homedepot.wd5.myworkdayjobs.com/CareerDepotCanada/job/CAMPBELL-RIVER-STORE---7221/Tool--Rental-Service-Technician-Full-Time---CAMPBELL-RIVER_Req186763/apply?source=Careers.Homedepot.ca,_blank,,"CAN Hourly External GQ - March 27,2025",
111895,"Req179999<i class=""fas fa-calendar-alt""></i>Full Time<i class=""fas fa-street-view""></i>Onsite",Req179999,Special Services Supervisor : Full Time - CAMPBELL RIVER,BC - Campbell River,"Campbell River, BC  V9W 8C9",1482 Island Highway,Campbell River,British Columbia,Stores/Operations,Retail Store,Full Time,$23.60 - $25.85,"1482 Island Highway, Campbell River, BC  V9W 8C9",Onsite,267,1785429992,,[],"{'name': 'The Home Depot Canada', 'key': 'hd', 'logo': '/build/images/static/logo.8eb14c19.png', 'icon': '/build/images/static/logo.8eb14c19.png'}",2164.7180607042787,,https://careers.homedepot.ca/job-view/special-services-supervisor-full-time-campbell-river-job-posting-3-152240,https://homedepot.wd5.myworkdayjobs.com/CareerDepotCanada/job/CAMPBELL-RIVER-STORE---7221/Special-Services-Supervisor---Full-Time---CAMPBELL-RIVER_Req179999/apply?source=Careers.Homedepot.ca,_blank,,"CAN Hourly External GQ - March 27,2025",
111849,"Req188011<i class=""fas fa-calendar-alt""></i>Full Time<i class=""fas fa-street-view""></i>Multiple Locations",Req188011,District Rental Technician,QC - Virtual,"Virtual, QC",,Virtual,Quebec,PRO FIELD,Corporate,Full Time,,"Virtual, QC",Multiple Locations,268,1785425842,,[],"{'name': 'The Home Depot Canada', 'key': 'hd', 'logo': '/build/images/static/logo.8eb14c19.png', 'icon': '/build/images/static/logo.8eb14c19.png'}",5700.415160293901,,https://careers.homedepot.ca/job-view/district-rental-technician-job-posting-3-152187-1,https://homedepot.wd5.myworkdayjobs.com/CareerDepotCanada/job/QUEBEC---VIRTUAL---QC01/District-Rental-Technician_Req188011/apply?source=Careers.Homedepot.ca,_blank,,"CAN SSC Salary External GQ - July 16,2024",
112234,"Req188709<i class=""fas fa-calendar-alt""></i>Full Time<i class=""fas fa-street-view""></i>Multiple Locations",Req188709,Mobile Service Technician- Full Time Huntsville and North Bay,ON - Virtual,"Virtual, ON",,Virtual,Ontario,HD Rental,Corporate,Full Time,,"Virtual, ON",Multiple Locations,269,1785526654,,[],"{'name': 'The Home Depot Canada', 'key': 'hd', 'logo': '/build/images/static/logo.8eb14c19.png', 'icon': '/build/images/static/logo.8eb14c19.png'}",5700.415160293901,,https://careers.homedepot.ca/job-view/mobile-service-technician-full-time-huntsville-and-north-bay-job-posting-3-152550,https://homedepot.wd5.myworkdayjobs.com/CareerDepotCanada/job/ONTARIO---VIRTUAL---ON01/Mobile-Service-Technician--Full-Time-Huntsville-and-North-Bay_Req188709/apply?source=Careers.Homedepot.ca,_blank,,"CAN Hourly External GQ - March 27,2025",
112254,"Req187128<i class=""fas fa-calendar-alt""></i>Full Time<i class=""fas fa-street-view""></i>Multiple Locations",Req187128,"Lead Rental Technician : Orillia, Bracebridge & Huntsville",ON - Virtual,"Virtual, ON",,Virtual,Ontario,HD Rental,Corporate,Full Time,,"Virtual, ON",Multiple Locations,270,1785530272,,[],"{'name': 'The Home Depot Canada', 'key': 'hd', 'logo': '/build/images/static/logo.8eb14c19.png', 'icon': '/build/images/static/logo.8eb14c19.png'}",5700.415160293901,,https://careers.homedepot.ca/job-view/lead-rental-technician-orillia-bracebridge-huntsville-job-posting-3-152414,https://homedepot.wd5.myworkdayjobs.com/CareerDepotCanada/job/ONTARIO---VIRTUAL---ON01/Lead-Rental-Technician---Orillia--Bracebridge---Huntsville_Req187128/apply?source=Careers.Homedepot.ca,_blank,,"CAN Hourly External GQ - March 27,2025",
112261,"Req188705<i class=""fas fa-calendar-alt""></i>Full Time<i class=""fas fa-street-view""></i>Multiple Locations",Req188705,Lead Rental Technician 6 Month Contract- GTA,ON - Virtual,"Virtual, ON",,Virtual,Ontario,HD Rental,Corporate,Full Time,,"Virtual, ON",Multiple Locations,271,1785530272,,[],"{'name': 'The Home Depot Canada', 'key': 'hd', 'logo': '/build/images/static/logo.8eb14c19.png', 'icon': '/build/images/static/logo.8eb14c19.png'}",5700.415160293901,,https://careers.homedepot.ca/job-view/lead-rental-technician-6-month-contract-gta-job-posting-3-152577,https://homedepot.wd5.myworkdayjobs.com/CareerDepotCanada/job/ONTARIO---VIRTUAL---ON01/Lead-Rental-Technician-6-Month-Contract--GTA_Req188705-1/apply?source=Careers.Homedepot.ca,_blank,,"CAN Hourly External GQ - March 27,2025",
