requisition_id,job_title,location,city,province,employment_type,salary,posting_date,company,job_description,apply_url
Req184496,Delivery Coordinator,ON - Vaughan,Vaughan,Ontario,Full Time,,1781901453,"{'name': 'The Home Depot Canada', 'key': 'hd', 'logo': '/build/images/static/logo.8eb14c19.png', 'icon': '/build/images/static/logo.8eb14c19.png'}",,https://homedepot.wd5.myworkdayjobs.com/CareerDepotCanada/job/VAUGHAN-DC---7275/Delivery-Coordinator_Req184496/apply?source=Careers.Homedepot.ca
Req185820,Direct Fulfillment Analyst (Appliances),ON - Vaughan,Vaughan,Ontario,Other,,1783363036,"{'name': 'The Home Depot Canada', 'key': 'hd', 'logo': '/build/images/static/logo.8eb14c19.png', 'icon': '/build/images/static/logo.8eb14c19.png'}",,https://homedepot.wd5.myworkdayjobs.com/CareerDepotCanada/job/VAUGHAN-DC---7275/Direct-Fulfillment-Analyst--Appliances-_Req185820/apply?source=Careers.Homedepot.ca
Req188390,Business Analyst,ON - Vaughan,Vaughan,Ontario,Full Time,,1785350252,"{'name': 'The Home Depot Canada', 'key': 'hd', 'logo': '/build/images/static/logo.8eb14c19.png', 'icon': '/build/images/static/logo.8eb14c19.png'}",,https://homedepot.wd5.myworkdayjobs.com/CareerDepotCanada/job/VAUGHAN-DC---7275/Business-Analyst_Req188390/apply?source=Careers.Homedepot.ca
Req188106,General Maintenance Associate (S3) : 5:00am - 5:30pm / Friday to Sunday (VAUGHAN DC),ON - Vaughan,Vaughan,Ontario,Full Time,,1785533861,"{'name': 'The Home Depot Canada', 'key': 'hd', 'logo': '/build/images/static/logo.8eb14c19.png', 'icon': '/build/images/static/logo.8eb14c19.png'}",,https://homedepot.wd5.myworkdayjobs.com/CareerDepotCanada/job/VAUGHAN-DC---7275/General-Maintenance-Associate--S3----5-00am---5-30pm---Friday-to-Sunday---VAUGHAN-DC-_Req188106/apply?source=Careers.Homedepot.ca
Req187858,Plumbing/Electrical Sales Part Time- BRAMPTON E,ON - Brampton,Brampton,Ontario,Part Time,,1785271041,"{'name': 'The Home Depot Canada', 'key': 'hd', 'logo': '/build/images/static/logo.8eb14c19.png', 'icon': '/build/images/static/logo.8eb14c19.png'}",,https://homedepot.wd5.myworkdayjobs.com/CareerDepotCanada/job/BRAMPTON-EAST-STORE---7239/Plumbing-Electrical-Sales-Part-Time--BRAMPTON-E_Req187858/apply?source=Careers.Homedepot.ca
Req187859,Pro Account Sales Associate : Full Time (BRAMPTON EAST),ON - Brampton,Brampton,Ontario,Full Time,,1785285439,"{'name': 'The Home Depot Canada', 'key': 'hd', 'logo': '/build/images/static/logo.8eb14c19.png', 'icon': '/build/images/static/logo.8eb14c19.png'}",,https://homedepot.wd5.myworkdayjobs.com/CareerDepotCanada/job/BRAMPTON-EAST-STORE---7239/Pro-Account-Sales-Associate---Full-Time--BRAMPTON-EAST-_Req187859/apply?source=Careers.Homedepot.ca
Req187860,Merchandising Associate : Part Time (BRAMPTON EAST),ON - Brampton,Brampton,Ontario,Part Time,,1785285439,"{'name': 'The Home Depot Canada', 'key': 'hd', 'logo': '/build/images/static/logo.8eb14c19.png', 'icon': '/build/images/static/logo.8eb14c19.png'}",,https://homedepot.wd5.myworkdayjobs.com/CareerDepotCanada/job/BRAMPTON-EAST-STORE---7239/Merchandising-Associate---Part-Time--BRAMPTON-EAST-_Req187860/apply?source=Careers.Homedepot.ca
Req188194,Front End Associate : Part Time (BRAMPTON EAST),ON - Brampton,Brampton,Ontario,Part Time,,1785285439,"{'name': 'The Home Depot Canada', 'key': 'hd', 'logo': '/build/images/static/logo.8eb14c19.png', 'icon': '/build/images/static/logo.8eb14c19.png'}",,https://homedepot.wd5.myworkdayjobs.com/CareerDepotCanada/job/BRAMPTON-EAST-STORE---7239/Front-End-Associate---Part-Time--BRAMPTON-EAST-_Req188194/apply?source=Careers.Homedepot.ca
Req188393,Sales Associate Part Time - BRAMPTON S,ON - Brampton,Brampton,Ontario,Part Time,,1785346650,"{'name': 'The Home Depot Canada', 'key': 'hd', 'logo': '/build/images/static/logo.8eb14c19.png', 'icon': '/build/images/static/logo.8eb14c19.png'}",,https://homedepot.wd5.myworkdayjobs.com/CareerDepotCanada/job/BRAMPTON-STORE---7006/Sales-Associate-Part-Time---BRAMPTON-S_Req188393/apply?source=Careers.Homedepot.ca
Req188394,Overnight Freight Associate Part Time - BRAMPTON S,ON - Brampton,Brampton,Ontario,Part Time,,1785346650,"{'name': 'The Home Depot Canada', 'key': 'hd', 'logo': '/build/images/static/logo.8eb14c19.png', 'icon': '/build/images/static/logo.8eb14c19.png'}",,https://homedepot.wd5.myworkdayjobs.com/CareerDepotCanada/job/BRAMPTON-STORE---7006/Overnight-Freight-Associate-Part-Time---BRAMPTON-S_Req188394/apply?source=Careers.Homedepot.ca
Req186993,"Service Desk Associate "" Part Time (BOLTON)",ON - Bolton,Bolton,Ontario,Part Time,,1785544651,"{'name': 'The Home Depot Canada', 'key': 'hd', 'logo': '/build/images/static/logo.8eb14c19.png', 'icon': '/build/images/static/logo.8eb14c19.png'}",,https://homedepot.wd5.myworkdayjobs.com/CareerDepotCanada/job/BOLTON-STORE---7269/Service-Desk-Associate-Part-Time----BOLTON_Req186993/apply?source=Careers.Homedepot.ca
Req188635,Merchandising Associate : Part Time (MISSISSAUGA BRITANNIA),ON - Mississauga,Mississauga,Ontario,Part Time,,1785541058,"{'name': 'The Home Depot Canada', 'key': 'hd', 'logo': '/build/images/static/logo.8eb14c19.png', 'icon': '/build/images/static/logo.8eb14c19.png'}",,https://homedepot.wd5.myworkdayjobs.com/CareerDepotCanada/job/MISSISSAUGA-BRITANNIA-STORE---7132/Merchandising-Associate---Part-Time--MISSISSAUGA-BRITANNIA-_Req188635/apply?source=Careers.Homedepot.ca
Req180412,Senior Software Developer (Askuity division),ON - Toronto,Toronto,Ontario,Full Time,,1778769460,"{'name': 'The Home Depot Canada', 'key': 'hd', 'logo': '/build/images/static/logo.8eb14c19.png', 'icon': '/build/images/static/logo.8eb14c19.png'}",,https://homedepot.wd5.myworkdayjobs.com/CareerDepotCanada/job/ASKUITY-OFFICE-TORONTO---2595/Senior-Software-Developer--Askuity-division-_Req180412/apply?source=Careers.Homedepot.ca
Req181849,Scrum Master (Askuity division),ON - Toronto,Toronto,Ontario,Full Time,,1779896282,"{'name': 'The Home Depot Canada', 'key': 'hd', 'logo': '/build/images/static/logo.8eb14c19.png', 'icon': '/build/images/static/logo.8eb14c19.png'}",,https://homedepot.wd5.myworkdayjobs.com/CareerDepotCanada/job/ASKUITY-OFFICE-TORONTO---2595/Scrum-Master--Askuity-division-_Req181849/apply?source=Careers.Homedepot.ca
Req185162,"Manager, Human Resources (Askuity division)",ON - Toronto,Toronto,Ontario,Full Time,,1782481049,"{'name': 'The Home Depot Canada', 'key': 'hd', 'logo': '/build/images/static/logo.8eb14c19.png', 'icon': '/build/images/static/logo.8eb14c19.png'}",,https://homedepot.wd5.myworkdayjobs.com/CareerDepotCanada/job/ASKUITY-OFFICE-TORONTO---2595/Manager--Human-Resources--Askuity-division-_Req185162/apply?source=Careers.Homedepot.ca
Req188375,"Manager, Data Science (Askuity division)",ON - Toronto,Toronto,Ontario,Full Time,,1785346650,"{'name': 'The Home Depot Canada', 'key': 'hd', 'logo': '/build/images/static/logo.8eb14c19.png', 'icon': '/build/images/static/logo.8eb14c19.png'}",,https://homedepot.wd5.myworkdayjobs.com/CareerDepotCanada/job/ASKUITY-OFFICE-TORONTO---2595/Manager--Data-Science--Askuity-division-_Req188375/apply?source=Careers.Homedepot.ca
Req186556,Freight Associate : Part Time *MISSISSAUGA S*,ON - Mississauga,Mississauga,Ontario,Part Time,,1785602255,"{'name': 'The Home Depot Canada', 'key': 'hd', 'logo': '/build/images/static/logo.8eb14c19.png', 'icon': '/build/images/static/logo.8eb14c19.png'}",,https://homedepot.wd5.myworkdayjobs.com/CareerDepotCanada/job/MISSISSAUGA-SOUTH-STORE---7112/Freight-Associate---Part-Time--MISSISSAUGA-S-_Req186556-1/apply?source=Careers.Homedepot.ca
Req188321,Sales Associate : Part Time (BRAMPTON WEST),ON - Brampton,Brampton,Ontario,Part Time,,1785285440,"{'name': 'The Home Depot Canada', 'key': 'hd', 'logo': '/build/images/static/logo.8eb14c19.png', 'icon': '/build/images/static/logo.8eb14c19.png'}",,https://homedepot.wd5.myworkdayjobs.com/CareerDepotCanada/job/BRAMPTON-WEST-STORE---7301/Sales-Associate---Part-Time--BRAMPTON-WEST-_Req188321/apply?source=Careers.Homedepot.ca
Req185221,Replenishment Analyst (For Future Opportunities),ON - Toronto,Toronto,Ontario,Other,,1782487589,"{'name': 'The Home Depot Canada', 'key': 'hd', 'logo': '/build/images/static/logo.8eb14c19.png', 'icon': '/build/images/static/logo.8eb14c19.png'}",,https://homedepot.wd5.myworkdayjobs.com/CareerDepotCanada/job/CANADA-STORE-SUPPORT-CENTER---7000/Replenishment-Analyst_Req185221/apply?source=Careers.Homedepot.ca
Req184880,ARCHITECT TECHNOLOGY– SALESFORCE,ON - Toronto,Toronto,Ontario,Full Time,,1784659047,"{'name': 'The Home Depot Canada', 'key': 'hd', 'logo': '/build/images/static/logo.8eb14c19.png', 'icon': '/build/images/static/logo.8eb14c19.png'}",,https://homedepot.wd5.myworkdayjobs.com/CareerDepotCanada/job/CANADA-STORE-SUPPORT-CENTER---7000/ARCHITECT-TECHNOLOGY--SALESFORCE_Req184880/apply?source=Careers.Homedepot.ca
Req187785,ECommerce Brand Advocate Analyst,ON - Toronto,Toronto,Ontario,Other,,1784828247,"{'name': 'The Home Depot Canada', 'key': 'hd', 'logo': '/build/images/static/logo.8eb14c19.png', 'icon': '/build/images/static/logo.8eb14c19.png'}",,https://homedepot.wd5.myworkdayjobs.com/CareerDepotCanada/job/CANADA-STORE-SUPPORT-CENTER---7000/ECommerce-Brand-Advocate-Analyst_Req187785-1/apply?source=Careers.Homedepot.ca
Req188391,Replenishment Analyst,ON - Toronto,Toronto,Ontario,Full Time,,1785350252,"{'name': 'The Home Depot Canada', 'key': 'hd', 'logo': '/build/images/static/logo.8eb14c19.png', 'icon': '/build/images/static/logo.8eb14c19.png'}",,https://homedepot.wd5.myworkdayjobs.com/CareerDepotCanada/job/CANADA-STORE-SUPPORT-CENTER---7000/Replenishment-Analyst_Req188391/apply?source=Careers.Homedepot.ca
Req188492,Web Analytics Lead,ON - Toronto,Toronto,Ontario,Full Time,,1785505055,"{'name': 'The Home Depot Canada', 'key': 'hd', 'logo': '/build/images/static/logo.8eb14c19.png', 'icon': '/build/images/static/logo.8eb14c19.png'}",,https://homedepot.wd5.myworkdayjobs.com/CareerDepotCanada/job/CANADA-STORE-SUPPORT-CENTER---7000/Web-Analytics-Lead_Req188492/apply?source=Careers.Homedepot.ca
Req188530,SENIOR ANALYST PRICING,ON - Toronto,Toronto,Ontario,Full Time,,1785505055,"{'name': 'The Home Depot Canada', 'key': 'hd', 'logo': '/build/images/static/logo.8eb14c19.png', 'icon': '/build/images/static/logo.8eb14c19.png'}",,https://homedepot.wd5.myworkdayjobs.com/CareerDepotCanada/job/CANADA-STORE-SUPPORT-CENTER---7000/SENIOR-ANALYST-PRICING_Req188530/apply?source=Careers.Homedepot.ca
Req187995,Overnight Supervisor : Full Time (TORONTO CURITY),ON - Toronto,Toronto,Ontario,Full Time,,1785285439,"{'name': 'The Home Depot Canada', 'key': 'hd', 'logo': '/build/images/static/logo.8eb14c19.png', 'icon': '/build/images/static/logo.8eb14c19.png'}",,https://homedepot.wd5.myworkdayjobs.com/CareerDepotCanada/job/CURITY-STORE---7012/Overnight-Supervisor---Full-Time--TORONTO-CURITY-_Req187995/apply?source=Careers.Homedepot.ca
Req187970,Overnight Freight Associate : Full Time (TORONTO CURITY),ON - Toronto,Toronto,Ontario,Full Time,,1785285440,"{'name': 'The Home Depot Canada', 'key': 'hd', 'logo': '/build/images/static/logo.8eb14c19.png', 'icon': '/build/images/static/logo.8eb14c19.png'}",,https://homedepot.wd5.myworkdayjobs.com/CareerDepotCanada/job/CURITY-STORE---7012/Overnight-Freight-Associate---Full-Time--TORONTO-CURITY-_Req187970/apply?source=Careers.Homedepot.ca
Req188062,Plumbing & Electrical Sales Associate : Part Time (OAKVILLE),ON - Oakville,Oakville,Ontario,Part Time,,1785281842,"{'name': 'The Home Depot Canada', 'key': 'hd', 'logo': '/build/images/static/logo.8eb14c19.png', 'icon': '/build/images/static/logo.8eb14c19.png'}",,https://homedepot.wd5.myworkdayjobs.com/CareerDepotCanada/job/OAKVILLE-STORE---7003/Plumbing---Electrical-Sales-Associate---Part-Time--OAKVILLE-_Req188062/apply?source=Careers.Homedepot.ca
Req188411,Merchandising Associate : Part Time (MILTON),ON - Milton,Milton,Ontario,Part Time,,1785371846,"{'name': 'The Home Depot Canada', 'key': 'hd', 'logo': '/build/images/static/logo.8eb14c19.png', 'icon': '/build/images/static/logo.8eb14c19.png'}",,https://homedepot.wd5.myworkdayjobs.com/CareerDepotCanada/job/MILTON-STORE---7241/Merchandising-Associate---Part-Time--MILTON-_Req188411/apply?source=Careers.Homedepot.ca
Req181835,Department Supervisor Pro and Tool Rental Full Time (NEWMARKET),ON - Newmarket,Newmarket,Ontario,Full Time,,1785508649,"{'name': 'The Home Depot Canada', 'key': 'hd', 'logo': '/build/images/static/logo.8eb14c19.png', 'icon': '/build/images/static/logo.8eb14c19.png'}",,https://homedepot.wd5.myworkdayjobs.com/CareerDepotCanada/job/NEWMARKET-STORE---7030/Department-Supervisor-Pro-and-Tool-Rental-Full-Time--NEWMARKET-_Req181835-1/apply?source=Careers.Homedepot.ca
Req185992,Merchandising Associate - Part Time 6 Month Contract (Bradford),ON - Bradford,Bradford,Ontario,Part Time,,1785422248,"{'name': 'The Home Depot Canada', 'key': 'hd', 'logo': '/build/images/static/logo.8eb14c19.png', 'icon': '/build/images/static/logo.8eb14c19.png'}",,https://homedepot.wd5.myworkdayjobs.com/CareerDepotCanada/job/BRADFORD-STORE---7264/Merchandising-Associate---Part-Time-6-Month-Contract--Bradford-_Req185992-1/apply?source=Careers.Homedepot.ca
Req188329,Merchandising Execution Associate - 6 Month Contract Part Time (ORANGEVILLE),ON - Orangeville,Orangeville,Ontario,Part Time,,1785332244,"{'name': 'The Home Depot Canada', 'key': 'hd', 'logo': '/build/images/static/logo.8eb14c19.png', 'icon': '/build/images/static/logo.8eb14c19.png'}",,https://homedepot.wd5.myworkdayjobs.com/CareerDepotCanada/job/ORANGEVILLE-STORE---7167/Merchandising-Execution-Associate---6-Month-Contract-Part-Time--ORANGEVILLE-_Req188329/apply?source=Careers.Homedepot.ca
Req187996,Lot Associate : Part Time (BURLINGTON),ON - Burlington,Burlington,Ontario,Part Time,,1785188250,"{'name': 'The Home Depot Canada', 'key': 'hd', 'logo': '/build/images/static/logo.8eb14c19.png', 'icon': '/build/images/static/logo.8eb14c19.png'}",,https://homedepot.wd5.myworkdayjobs.com/CareerDepotCanada/job/BURLINGTON-STORE---7021/Lot-Associate---Part-Time--BURLINGTON-_Req187996/apply?source=Careers.Homedepot.ca
Req186189,Overnight Freight Associate Part Time (BARRIE),ON - Barrie,Barrie,Ontario,Part Time,,1785339450,"{'name': 'The Home Depot Canada', 'key': 'hd', 'logo': '/build/images/static/logo.8eb14c19.png', 'icon': '/build/images/static/logo.8eb14c19.png'}",,https://homedepot.wd5.myworkdayjobs.com/CareerDepotCanada/job/BARRIE-STORE---7024/Overnight-Freight-Associate-Part-Time--BARRIE-_Req186189/apply?source=Careers.Homedepot.ca
Req187802,Plumbing/Electrical Sales Part Time - CAMBRIDGE,ON - Cambridge,Cambridge,Ontario,Part Time,,1785163042,"{'name': 'The Home Depot Canada', 'key': 'hd', 'logo': '/build/images/static/logo.8eb14c19.png', 'icon': '/build/images/static/logo.8eb14c19.png'}",,https://homedepot.wd5.myworkdayjobs.com/CareerDepotCanada/job/CAMBRIDGE-STORE---7166/Plumbing-Electrical-Sales-Part-Time---CAMBRIDGE_Req187802/apply?source=Careers.Homedepot.ca
Req188239,Kitchen Designer : Full Time (CAMBRIDGE),ON - Cambridge,Cambridge,Ontario,Full Time,,1785281842,"{'name': 'The Home Depot Canada', 'key': 'hd', 'logo': '/build/images/static/logo.8eb14c19.png', 'icon': '/build/images/static/logo.8eb14c19.png'}",,https://homedepot.wd5.myworkdayjobs.com/CareerDepotCanada/job/CAMBRIDGE-STORE---7166/Kitchen-Designer---Full-Time--CAMBRIDGE-_Req188239/apply?source=Careers.Homedepot.ca
Req188271,Overnight Freight Associate - Part-Time (Peterborough),ON - Peterborough,Peterborough,Ontario,Part Time,,1785271041,"{'name': 'The Home Depot Canada', 'key': 'hd', 'logo': '/build/images/static/logo.8eb14c19.png', 'icon': '/build/images/static/logo.8eb14c19.png'}",,https://homedepot.wd5.myworkdayjobs.com/CareerDepotCanada/job/PETERBOROUGH-STORE---7116/Overnight-Freight-Associate---Part-Time---Peterborough-_Req188271/apply?source=Careers.Homedepot.ca
Req187329,Lot Associate Part-Time - 7244 Huntsville,ON - Huntsville,Huntsville,Ontario,Part Time,,1784561856,"{'name': 'The Home Depot Canada', 'key': 'hd', 'logo': '/build/images/static/logo.8eb14c19.png', 'icon': '/build/images/static/logo.8eb14c19.png'}",,https://homedepot.wd5.myworkdayjobs.com/CareerDepotCanada/job/HUNTSVILLE-STORE---7244/Lot-Associate-Part-Time---7244-Huntsville_Req187329/apply?source=Careers.Homedepot.ca
Req186521,Sales Associate Part Time - 7226 Parry Sound,ON - Parry Sound,Parry Sound,Ontario,Part Time,,1783715854,"{'name': 'The Home Depot Canada', 'key': 'hd', 'logo': '/build/images/static/logo.8eb14c19.png', 'icon': '/build/images/static/logo.8eb14c19.png'}",,https://homedepot.wd5.myworkdayjobs.com/CareerDepotCanada/job/PARRY-SOUND-STORE---7226/ParSales-Associate-Part-Time---7226-Parry-Sound_Req186521/apply?source=Careers.Homedepot.ca
Req188037,Overnight Order Picker Full Time - 7226 Parry Sound,ON - Parry Sound,Parry Sound,Ontario,Full Time,,1785195444,"{'name': 'The Home Depot Canada', 'key': 'hd', 'logo': '/build/images/static/logo.8eb14c19.png', 'icon': '/build/images/static/logo.8eb14c19.png'}",,https://homedepot.wd5.myworkdayjobs.com/CareerDepotCanada/job/PARRY-SOUND-STORE---7226/Overnight-Order-Picker-Full-Time---7226-Parry-Sound_Req188037/apply?source=Careers.Homedepot.ca
Req188084,Lot Associate Part Time - 7226 Parry Sound,ON - Parry Sound,Parry Sound,Ontario,Part Time,,1785199069,"{'name': 'The Home Depot Canada', 'key': 'hd', 'logo': '/build/images/static/logo.8eb14c19.png', 'icon': '/build/images/static/logo.8eb14c19.png'}",,https://homedepot.wd5.myworkdayjobs.com/CareerDepotCanada/job/PARRY-SOUND-STORE---7226/Lot-Associate-Part-Time---7226-Parry-Sound_Req188084/apply?source=Careers.Homedepot.ca
Req180242,Pro Paint Specialist Full-Time - 7160 North Bay,ON - North Bay,North Bay,Ontario,Full Time,,1782740264,"{'name': 'The Home Depot Canada', 'key': 'hd', 'logo': '/build/images/static/logo.8eb14c19.png', 'icon': '/build/images/static/logo.8eb14c19.png'}",,https://homedepot.wd5.myworkdayjobs.com/CareerDepotCanada/job/NORTH-BAY-STORE---7160/Pro-Paint-Specialist-Full-Time---7160-North-Bay_Req180242-1/apply?source=Careers.Homedepot.ca
Req185420,STORE HUMAN RESOURCES MANAGER Contract- North Bay Store,ON - North Bay,North Bay,Ontario,Full Time,,1784223456,"{'name': 'The Home Depot Canada', 'key': 'hd', 'logo': '/build/images/static/logo.8eb14c19.png', 'icon': '/build/images/static/logo.8eb14c19.png'}",,https://homedepot.wd5.myworkdayjobs.com/CareerDepotCanada/job/NORTH-BAY-STORE---7160/STORE-HUMAN-RESOURCES-MANAGER-Contract--North-Bay-Store_Req185420/apply?source=Careers.Homedepot.ca
Req187409,Mobile Service Technician,ON - North Bay,North Bay,Ontario,Other,,1784576245,"{'name': 'The Home Depot Canada', 'key': 'hd', 'logo': '/build/images/static/logo.8eb14c19.png', 'icon': '/build/images/static/logo.8eb14c19.png'}",,https://homedepot.wd5.myworkdayjobs.com/CareerDepotCanada/job/NORTH-BAY-STORE---7160/Mobile-Service-Technician_Req187409/apply?source=Careers.Homedepot.ca
Req188418,Pro Account Sales & Millwork Associate Full Time - 7160 North Bay,ON - North Bay,North Bay,Ontario,Full Time,,1785364647,"{'name': 'The Home Depot Canada', 'key': 'hd', 'logo': '/build/images/static/logo.8eb14c19.png', 'icon': '/build/images/static/logo.8eb14c19.png'}",,https://homedepot.wd5.myworkdayjobs.com/CareerDepotCanada/job/NORTH-BAY-STORE---7160/Pro-Account-Sales---Millwork-Associate-Full-Time---7160-North-Bay_Req188418/apply?source=Careers.Homedepot.ca
Req188416,Sales Associate Full Time - 7160 North Bay,ON - North Bay,North Bay,Ontario,Full Time,,1785364647,"{'name': 'The Home Depot Canada', 'key': 'hd', 'logo': '/build/images/static/logo.8eb14c19.png', 'icon': '/build/images/static/logo.8eb14c19.png'}",,https://homedepot.wd5.myworkdayjobs.com/CareerDepotCanada/job/NORTH-BAY-STORE---7160/Sales-Associate-Full-Time---7160-North-Bay_Req188416/apply?source=Careers.Homedepot.ca
Req188417,Service Desk Associate Full Time - 7160 North Bay,ON - North Bay,North Bay,Ontario,Full Time,,1785364647,"{'name': 'The Home Depot Canada', 'key': 'hd', 'logo': '/build/images/static/logo.8eb14c19.png', 'icon': '/build/images/static/logo.8eb14c19.png'}",,https://homedepot.wd5.myworkdayjobs.com/CareerDepotCanada/job/NORTH-BAY-STORE---7160/Service-Desk-Associate-Full-Time---7160-North-Bay_Req188417/apply?source=Careers.Homedepot.ca
Req188413,Head Cashier Full Time - 7160 North Bay,ON - North Bay,North Bay,Ontario,Full Time,,1785422248,"{'name': 'The Home Depot Canada', 'key': 'hd', 'logo': '/build/images/static/logo.8eb14c19.png', 'icon': '/build/images/static/logo.8eb14c19.png'}",,https://homedepot.wd5.myworkdayjobs.com/CareerDepotCanada/job/NORTH-BAY-STORE---7160/Head-Cashier-Full-Time---7160-North-Bay_Req188413/apply?source=Careers.Homedepot.ca
Req188414,Head Cashier Part Time - 7160 North Bay,ON - North Bay,North Bay,Ontario,Part Time,,1785422248,"{'name': 'The Home Depot Canada', 'key': 'hd', 'logo': '/build/images/static/logo.8eb14c19.png', 'icon': '/build/images/static/logo.8eb14c19.png'}",,https://homedepot.wd5.myworkdayjobs.com/CareerDepotCanada/job/NORTH-BAY-STORE---7160/Head-Cashier-Part-Time---7160-North-Bay_Req188414/apply?source=Careers.Homedepot.ca
Req188409,Appliance Sales Specialist Part Time - 7160 North Bay,ON - North Bay,North Bay,Ontario,Part Time,,1785422248,"{'name': 'The Home Depot Canada', 'key': 'hd', 'logo': '/build/images/static/logo.8eb14c19.png', 'icon': '/build/images/static/logo.8eb14c19.png'}",,https://homedepot.wd5.myworkdayjobs.com/CareerDepotCanada/job/NORTH-BAY-STORE---7160/Appliance-Sales-Specialist-Part-Time---7160-North-Bay_Req188409-1/apply?source=Careers.Homedepot.ca
Req188538,Merchandising Execution Associate Full Time (4 Month Contract) - 7160 North Bay,ON - North Bay,North Bay,Ontario,Full Time,,1785530272,"{'name': 'The Home Depot Canada', 'key': 'hd', 'logo': '/build/images/static/logo.8eb14c19.png', 'icon': '/build/images/static/logo.8eb14c19.png'}",,https://homedepot.wd5.myworkdayjobs.com/CareerDepotCanada/job/NORTH-BAY-STORE---7160/Merchandising-Execution-Associate-Full-Time--4-Month-Contract----7160-North-Bay_Req188538/apply?source=Careers.Homedepot.ca
Req188262,Service Desk Associate - Part Time (Pembroke),ON - Pembroke,Pembroke,Ontario,Part Time,,1785271041,"{'name': 'The Home Depot Canada', 'key': 'hd', 'logo': '/build/images/static/logo.8eb14c19.png', 'icon': '/build/images/static/logo.8eb14c19.png'}",,https://homedepot.wd5.myworkdayjobs.com/CareerDepotCanada/job/PEMBROKE-STORE---7242/Service-Desk-Associate---Part-Time--Pembroke-_Req188262/apply?source=Careers.Homedepot.ca
Req188664,Lot Associate Part Time (PEMBROKE),ON - Pembroke,Pembroke,Ontario,Part Time,,1785513387,"{'name': 'The Home Depot Canada', 'key': 'hd', 'logo': '/build/images/static/logo.8eb14c19.png', 'icon': '/build/images/static/logo.8eb14c19.png'}",,https://homedepot.wd5.myworkdayjobs.com/CareerDepotCanada/job/PEMBROKE-STORE---7242/Lot-Associate-Part-Time--PEMBROKE-_Req188664/apply?source=Careers.Homedepot.ca
Req187738,Cashier - Part Time (Carleton Place),ON - Carleton Place,Carleton Place,Ontario,Part Time,,1785159445,"{'name': 'The Home Depot Canada', 'key': 'hd', 'logo': '/build/images/static/logo.8eb14c19.png', 'icon': '/build/images/static/logo.8eb14c19.png'}",,https://homedepot.wd5.myworkdayjobs.com/CareerDepotCanada/job/CARLETON-PLACE-STORE---7263/Cashier---Part-Time--Carleton-Place-_Req187738/apply?source=Careers.Homedepot.ca
Req187869,Overnight Freight Associate - Part Time (Carleton Place),ON - Carleton Place,Carleton Place,Ontario,Part Time,,1785159445,"{'name': 'The Home Depot Canada', 'key': 'hd', 'logo': '/build/images/static/logo.8eb14c19.png', 'icon': '/build/images/static/logo.8eb14c19.png'}",,https://homedepot.wd5.myworkdayjobs.com/CareerDepotCanada/job/CARLETON-PLACE-STORE---7263/Overnight-Freight-Associate---Part-Time--Carleton-Place-_Req187869/apply?source=Careers.Homedepot.ca
Req188200,Flooring Associate - Part Time (Carleton Place),ON - Carleton Place,Carleton Place,Ontario,Part Time,,1785245846,"{'name': 'The Home Depot Canada', 'key': 'hd', 'logo': '/build/images/static/logo.8eb14c19.png', 'icon': '/build/images/static/logo.8eb14c19.png'}",,https://homedepot.wd5.myworkdayjobs.com/CareerDepotCanada/job/CARLETON-PLACE-STORE---7263/Flooring-Associate---Part-Time--Carleton-Place_Req188200-1/apply?source=Careers.Homedepot.ca
Req188193,Lumber Associate - Part Time (Carleton Place),ON - Carleton Place,Carleton Place,Ontario,Part Time,,1785245846,"{'name': 'The Home Depot Canada', 'key': 'hd', 'logo': '/build/images/static/logo.8eb14c19.png', 'icon': '/build/images/static/logo.8eb14c19.png'}",,https://homedepot.wd5.myworkdayjobs.com/CareerDepotCanada/job/CARLETON-PLACE-STORE---7263/Lumber-Associate----Part-Time--Carleton-Place-_Req188193/apply?source=Careers.Homedepot.ca
Req187740,Appliance Sales Full Time (Carleton Place),ON - Carleton Place,Carleton Place,Ontario,Full Time,,1785422248,"{'name': 'The Home Depot Canada', 'key': 'hd', 'logo': '/build/images/static/logo.8eb14c19.png', 'icon': '/build/images/static/logo.8eb14c19.png'}",,https://homedepot.wd5.myworkdayjobs.com/CareerDepotCanada/job/CARLETON-PLACE-STORE---7263/Appliance-Sales-Associate---Full-Time--Carleton-Place-_Req187740/apply?source=Careers.Homedepot.ca
Req188255,Merchandising Execution Associate Part Time - 7022 Sudbury,ON - Sudbury,Sudbury,Ontario,Part Time,,1785278260,"{'name': 'The Home Depot Canada', 'key': 'hd', 'logo': '/build/images/static/logo.8eb14c19.png', 'icon': '/build/images/static/logo.8eb14c19.png'}",,https://homedepot.wd5.myworkdayjobs.com/CareerDepotCanada/job/SUDBURY-STORE---7022/Merchandising-Execution-Associate-Part-Time---7022-Sudbury_Req188255/apply?source=Careers.Homedepot.ca
Req188611,Department Supervisor Full Time- 7022 Sudbury,ON - Sudbury,Sudbury,Ontario,Full Time,,1785508649,"{'name': 'The Home Depot Canada', 'key': 'hd', 'logo': '/build/images/static/logo.8eb14c19.png', 'icon': '/build/images/static/logo.8eb14c19.png'}",,https://homedepot.wd5.myworkdayjobs.com/CareerDepotCanada/job/SUDBURY-STORE---7022/Department-Supervisor-Full-Time--7022-Sudbury_Req188611/apply?source=Careers.Homedepot.ca
Req188060,Overnight Freight Associate - Part Time (Kanata),ON - Ottawa,Ottawa,Ontario,Part Time,,1785188250,"{'name': 'The Home Depot Canada', 'key': 'hd', 'logo': '/build/images/static/logo.8eb14c19.png', 'icon': '/build/images/static/logo.8eb14c19.png'}",,https://homedepot.wd5.myworkdayjobs.com/CareerDepotCanada/job/KANATA-STORE---7108/PT-Overnight-Freight-Associate_Req188060/apply?source=Careers.Homedepot.ca
Req188057,Merchandising Associate - Part Time (Kanata),ON - Ottawa,Ottawa,Ontario,Part Time,,1785188250,"{'name': 'The Home Depot Canada', 'key': 'hd', 'logo': '/build/images/static/logo.8eb14c19.png', 'icon': '/build/images/static/logo.8eb14c19.png'}",,https://homedepot.wd5.myworkdayjobs.com/CareerDepotCanada/job/KANATA-STORE---7108/Merchandising-Associate---Part-Time--Gloucester-_Req188057/apply?source=Careers.Homedepot.ca
Req188121,Flooring and Decor Sales Associate - Part Time (Gloucester),ON - Ottawa,Ottawa,Ontario,Part Time,,1785184041,"{'name': 'The Home Depot Canada', 'key': 'hd', 'logo': '/build/images/static/logo.8eb14c19.png', 'icon': '/build/images/static/logo.8eb14c19.png'}",,https://homedepot.wd5.myworkdayjobs.com/CareerDepotCanada/job/GLOUCESTER-STORE---7025/Flooring-and-Decor-Sales-Associate---Part-Time--Gloucester-_Req188121/apply?source=Careers.Homedepot.ca
Req188119,Paint Sales Associate - Part Time (Gloucester),ON - Ottawa,Ottawa,Ontario,Part Time,,1785184041,"{'name': 'The Home Depot Canada', 'key': 'hd', 'logo': '/build/images/static/logo.8eb14c19.png', 'icon': '/build/images/static/logo.8eb14c19.png'}",,https://homedepot.wd5.myworkdayjobs.com/CareerDepotCanada/job/GLOUCESTER-STORE---7025/Paint-Sales-Associate---Part-Time--Gloucester-_Req188119/apply?source=Careers.Homedepot.ca
Req188474,Cashier Part Time (GLOUCESTER),ON - Ottawa,Ottawa,Ontario,Part Time,,1785418647,"{'name': 'The Home Depot Canada', 'key': 'hd', 'logo': '/build/images/static/logo.8eb14c19.png', 'icon': '/build/images/static/logo.8eb14c19.png'}",,https://homedepot.wd5.myworkdayjobs.com/CareerDepotCanada/job/GLOUCESTER-STORE---7025/Cashier-Part-Time--GLOUCESTER-_Req188474/apply?source=Careers.Homedepot.ca
Req188475,LOT Associate Part Time (GLOUCESTER),ON - Ottawa,Ottawa,Ontario,Part Time,,1785418648,"{'name': 'The Home Depot Canada', 'key': 'hd', 'logo': '/build/images/static/logo.8eb14c19.png', 'icon': '/build/images/static/logo.8eb14c19.png'}",,https://homedepot.wd5.myworkdayjobs.com/CareerDepotCanada/job/GLOUCESTER-STORE---7025/LOT-Associate-Part-Time--GLOUCESTER-_Req188475/apply?source=Careers.Homedepot.ca
Req188473,Lumber Sales Part Time (GLOUCESTER),ON - Ottawa,Ottawa,Ontario,Part Time,,1785418648,"{'name': 'The Home Depot Canada', 'key': 'hd', 'logo': '/build/images/static/logo.8eb14c19.png', 'icon': '/build/images/static/logo.8eb14c19.png'}",,https://homedepot.wd5.myworkdayjobs.com/CareerDepotCanada/job/GLOUCESTER-STORE---7025/Lumber-Sales-Part-Time--GLOUCESTER-_Req188473-1/apply?source=Careers.Homedepot.ca
Req185562,Plumbing/Electrical Sales Part Time (CORNWALL),ON - Cornwall,Cornwall,Ontario,Part Time,,1785335842,"{'name': 'The Home Depot Canada', 'key': 'hd', 'logo': '/build/images/static/logo.8eb14c19.png', 'icon': '/build/images/static/logo.8eb14c19.png'}",,https://homedepot.wd5.myworkdayjobs.com/CareerDepotCanada/job/CORNWALL-STORE---7075/Plumbing-Electrical-Sales-Part-Time--CORNWALL-_Req185562-1/apply?source=Careers.Homedepot.ca
Req188562,Kitchen Designer Part Time (CORNWALL),ON - Cornwall,Cornwall,Ontario,Part Time,,1785436647,"{'name': 'The Home Depot Canada', 'key': 'hd', 'logo': '/build/images/static/logo.8eb14c19.png', 'icon': '/build/images/static/logo.8eb14c19.png'}",,https://homedepot.wd5.myworkdayjobs.com/CareerDepotCanada/job/CORNWALL-STORE---7075/Kitchen-Designer-Part-Time--CORNWALL-_Req188562/apply?source=Careers.Homedepot.ca
Req186358,Spécialiste des ventes - Couvreplancher et décoration (Temps partiel),QC - Vaudreuil,Vaudreuil,Quebec,Part Time,,1785267442,"{'name': 'The Home Depot Canada', 'key': 'hd', 'logo': '/build/images/static/logo.8eb14c19.png', 'icon': '/build/images/static/logo.8eb14c19.png'}",,https://homedepot.wd5.myworkdayjobs.com/CareerDepotCanada/job/VAUDREUIL-STORE---7187/Spcialiste-des-ventes---Couvreplancher-et-dcoration--Temps-plein-_Req186358/apply?source=Careers.Homedepot.ca
Req174381,Associé(e) à temps plein spécialiste du couvre plancher et décoration (Temps partiel),QC - Vaudreuil,Vaudreuil,Quebec,Part Time,,1785353847,"{'name': 'The Home Depot Canada', 'key': 'hd', 'logo': '/build/images/static/logo.8eb14c19.png', 'icon': '/build/images/static/logo.8eb14c19.png'}",,https://homedepot.wd5.myworkdayjobs.com/CareerDepotCanada/job/VAUDREUIL-STORE---7187/Associ-e---temps-plein-spcialiste-du-couvre-plancher-et-dcoration-par-intrim-du-19-avril-au-1er-aot---Temporaire_Req174381-1/apply?source=Careers.Homedepot.ca
Req186333,Associé(e) des cuisines et salles de bain (temps partiel),QC - Vaudreuil,Vaudreuil,Quebec,Part Time,,1785357455,"{'name': 'The Home Depot Canada', 'key': 'hd', 'logo': '/build/images/static/logo.8eb14c19.png', 'icon': '/build/images/static/logo.8eb14c19.png'}",,https://homedepot.wd5.myworkdayjobs.com/CareerDepotCanada/job/VAUDREUIL-STORE---7187/Associ-e--des-cuisines-et-salles-de-bain--temps-partiel-_Req186333/apply?source=Careers.Homedepot.ca
Req186793,Caissier(ère) principal(e) (Temps plein),QC - St.Jerome,St.Jerome,Quebec,Full Time,,1785443853,"{'name': 'The Home Depot Canada', 'key': 'hd', 'logo': '/build/images/static/logo.8eb14c19.png', 'icon': '/build/images/static/logo.8eb14c19.png'}",,https://homedepot.wd5.myworkdayjobs.com/CareerDepotCanada/job/ST--JEROME-STORE---7147/Caissier-re--principal-e---Temps-plein-_Req186793/apply?source=Careers.Homedepot.ca
Req184547,Associé(e) aux ventes - Saisonnier (Temps plein),QC - St.Jerome,St.Jerome,Quebec,Full Time,,1785443853,"{'name': 'The Home Depot Canada', 'key': 'hd', 'logo': '/build/images/static/logo.8eb14c19.png', 'icon': '/build/images/static/logo.8eb14c19.png'}",,https://homedepot.wd5.myworkdayjobs.com/CareerDepotCanada/job/ST--JEROME-STORE---7147/Associ-e--aux-ventes---Saisonnier--Temps-plein-_Req184547-1/apply?source=Careers.Homedepot.ca
Req186123,Associé(e) aux ventes - Saisonnier (Temps plein),QC - St.Jerome,St.Jerome,Quebec,Full Time,,1785443853,"{'name': 'The Home Depot Canada', 'key': 'hd', 'logo': '/build/images/static/logo.8eb14c19.png', 'icon': '/build/images/static/logo.8eb14c19.png'}",,https://homedepot.wd5.myworkdayjobs.com/CareerDepotCanada/job/ST--JEROME-STORE---7147/Associ-e--aux-ventes---Saisonnier--Temps-plein-_Req186123/apply?source=Careers.Homedepot.ca
Req186794,"Superviseur(e) comptoir des entrepreneurs, Portes et Fenêtres et Location d'outils",QC - St.Jerome,St.Jerome,Quebec,Full Time,,1785443853,"{'name': 'The Home Depot Canada', 'key': 'hd', 'logo': '/build/images/static/logo.8eb14c19.png', 'icon': '/build/images/static/logo.8eb14c19.png'}",,https://homedepot.wd5.myworkdayjobs.com/CareerDepotCanada/job/ST--JEROME-STORE---7147/Superviseur-e--comptoir-des-entrepreneurs--Portes-et-Fentres-et-Location-d-outils_Req186794/apply?source=Careers.Homedepot.ca
Req188590,Associé(e) aux ventes - Plomberie (Temps plein),QC - St.Jerome,St.Jerome,Quebec,Full Time,,1785447449,"{'name': 'The Home Depot Canada', 'key': 'hd', 'logo': '/build/images/static/logo.8eb14c19.png', 'icon': '/build/images/static/logo.8eb14c19.png'}",,https://homedepot.wd5.myworkdayjobs.com/CareerDepotCanada/job/ST--JEROME-STORE---7147/Associ-e--aux-ventes---Plomberie--Temps-plein-_Req188590/apply?source=Careers.Homedepot.ca
Req188504,Supervieur(e) comptoir Pro et Location d'outils,QC - St.Jerome,St.Jerome,Quebec,Full Time,,1785447449,"{'name': 'The Home Depot Canada', 'key': 'hd', 'logo': '/build/images/static/logo.8eb14c19.png', 'icon': '/build/images/static/logo.8eb14c19.png'}",,https://homedepot.wd5.myworkdayjobs.com/CareerDepotCanada/job/ST--JEROME-STORE---7147/Supervieur-e--comptoir-Pro-et-Location-d-outils_Req188504/apply?source=Careers.Homedepot.ca
Req188507,Associé(e) location d'outils - Temps partiel,QC - St.Jerome,St.Jerome,Quebec,Part Time,,1785447449,"{'name': 'The Home Depot Canada', 'key': 'hd', 'logo': '/build/images/static/logo.8eb14c19.png', 'icon': '/build/images/static/logo.8eb14c19.png'}",,https://homedepot.wd5.myworkdayjobs.com/CareerDepotCanada/job/ST--JEROME-STORE---7147/Associ-e--location-d-outils---Temps-partiel_Req188507-1/apply?source=Careers.Homedepot.ca
Req187154,Associé(e)- Réception de marchandise (Temps plein),QC - Pointe-Claire,Pointe-Claire,Quebec,Full Time,,1784929045,"{'name': 'The Home Depot Canada', 'key': 'hd', 'logo': '/build/images/static/logo.8eb14c19.png', 'icon': '/build/images/static/logo.8eb14c19.png'}",,https://homedepot.wd5.myworkdayjobs.com/CareerDepotCanada/job/POINTE-CLAIRE-STORE---7266/Associ-e---Rception-de-marchandise--Temps-plein-_Req187154-1/apply?source=Careers.Homedepot.ca
Req188331,Associé(e) de la Location d'outils - Temps partiel,QC - Pointe-Claire,Pointe-Claire,Quebec,Part Time,,1785346650,"{'name': 'The Home Depot Canada', 'key': 'hd', 'logo': '/build/images/static/logo.8eb14c19.png', 'icon': '/build/images/static/logo.8eb14c19.png'}",,https://homedepot.wd5.myworkdayjobs.com/CareerDepotCanada/job/POINTE-CLAIRE-STORE---7266/Associ-e--de-la-Location-d-outils---Temps-partiel_Req188331/apply?source=Careers.Homedepot.ca
Req180819,Associé(e)- Manutention de Nuit (temps partiel),QC - Pointe-Claire,Pointe-Claire,Quebec,Part Time,,1785793040,"{'name': 'The Home Depot Canada', 'key': 'hd', 'logo': '/build/images/static/logo.8eb14c19.png', 'icon': '/build/images/static/logo.8eb14c19.png'}",,https://homedepot.wd5.myworkdayjobs.com/CareerDepotCanada/job/POINTE-CLAIRE-STORE---7266/Associ-e---Manutention-de-Nuit--temps-partiel-_Req180819/apply?source=Careers.Homedepot.ca
Req186891,Superviseur(e) Plomberie et Électricité,QC - Boisbriand,Boisbriand,Quebec,Full Time,,1784126254,"{'name': 'The Home Depot Canada', 'key': 'hd', 'logo': '/build/images/static/logo.8eb14c19.png', 'icon': '/build/images/static/logo.8eb14c19.png'}",,https://homedepot.wd5.myworkdayjobs.com/CareerDepotCanada/job/BOISBRIAND-STORE---7159/Superviseur-e--Plomberie-et-lectricit_Req186891/apply?source=Careers.Homedepot.ca
Req186883,Associé(e) portes et fenetres (temps partiel),QC - Boisbriand,Boisbriand,Quebec,Part Time,,1784126254,"{'name': 'The Home Depot Canada', 'key': 'hd', 'logo': '/build/images/static/logo.8eb14c19.png', 'icon': '/build/images/static/logo.8eb14c19.png'}",,https://homedepot.wd5.myworkdayjobs.com/CareerDepotCanada/job/BOISBRIAND-STORE---7159/Associ-e--portes-et-fenetres--temps-partiel-_Req186883/apply?source=Careers.Homedepot.ca
Req188326,Associé(e) aux caisses (Temps partiel),QC - Boisbriand,Boisbriand,Quebec,Part Time,,1785343410,"{'name': 'The Home Depot Canada', 'key': 'hd', 'logo': '/build/images/static/logo.8eb14c19.png', 'icon': '/build/images/static/logo.8eb14c19.png'}",,https://homedepot.wd5.myworkdayjobs.com/CareerDepotCanada/job/BOISBRIAND-STORE---7159/Associ-e--aux-caisses--Temps-partiel-_Req188326/apply?source=Careers.Homedepot.ca
Req188328,Associé(e) quincaillerie (Temps partiel),QC - Boisbriand,Boisbriand,Quebec,Part Time,,1785343410,"{'name': 'The Home Depot Canada', 'key': 'hd', 'logo': '/build/images/static/logo.8eb14c19.png', 'icon': '/build/images/static/logo.8eb14c19.png'}",,https://homedepot.wd5.myworkdayjobs.com/CareerDepotCanada/job/BOISBRIAND-STORE---7159/Associ-e--quincaillerie--Temps-partiel-_Req188328/apply?source=Careers.Homedepot.ca
Req186610,Associé(e) Quincailerie (temps plein),QC - Boisbriand,Boisbriand,Quebec,Full Time,,1785357455,"{'name': 'The Home Depot Canada', 'key': 'hd', 'logo': '/build/images/static/logo.8eb14c19.png', 'icon': '/build/images/static/logo.8eb14c19.png'}",,https://homedepot.wd5.myworkdayjobs.com/CareerDepotCanada/job/BOISBRIAND-STORE---7159/Associ-e--Quincailerie--temps-plein-_Req186610/apply?source=Careers.Homedepot.ca
Req181109,Associé(e) portes et fenetres (temps partiel),QC - Boisbriand,Boisbriand,Quebec,Part Time,,1785764258,"{'name': 'The Home Depot Canada', 'key': 'hd', 'logo': '/build/images/static/logo.8eb14c19.png', 'icon': '/build/images/static/logo.8eb14c19.png'}",,https://homedepot.wd5.myworkdayjobs.com/CareerDepotCanada/job/BOISBRIAND-STORE---7159/Associ-e--portes-et-fenetres--temps-partiel-_Req181109/apply?source=Careers.Homedepot.ca
Req188019,Superviseur(e) des Bois et matériaux,QC - Laval,Laval,Quebec,Full Time,,1785173856,"{'name': 'The Home Depot Canada', 'key': 'hd', 'logo': '/build/images/static/logo.8eb14c19.png', 'icon': '/build/images/static/logo.8eb14c19.png'}",,https://homedepot.wd5.myworkdayjobs.com/CareerDepotCanada/job/LAVAL-STORE---7124/Superviseur-e--des-Bois-et-matriaux_Req188019/apply?source=Careers.Homedepot.ca
Req177501,Spécialiste en Protection des Ressources - Temps Plein,QC - Montreal,Montreal,Quebec,Full Time,,1783438652,"{'name': 'The Home Depot Canada', 'key': 'hd', 'logo': '/build/images/static/logo.8eb14c19.png', 'icon': '/build/images/static/logo.8eb14c19.png'}",,https://homedepot.wd5.myworkdayjobs.com/CareerDepotCanada/job/LACADIE-STORE---7146/Spcialiste-en-Protection-des-Ressources---Temps-Plein_Req177501-1/apply?source=Careers.Homedepot.ca
Req188364,Associé(e) aux ventes - Bois et matériaux (temps partiel),QC - Montreal,Montreal,Quebec,Part Time,,1785343410,"{'name': 'The Home Depot Canada', 'key': 'hd', 'logo': '/build/images/static/logo.8eb14c19.png', 'icon': '/build/images/static/logo.8eb14c19.png'}",,https://homedepot.wd5.myworkdayjobs.com/CareerDepotCanada/job/LACADIE-STORE---7146/Associ-e--aux-ventes---Bois-et-matriaux--temps-partiel-_Req188364/apply?source=Careers.Homedepot.ca
Req188365,"Superviseur(e) Saisonnier, Plomberie et Électricité",QC - Montreal,Montreal,Quebec,Full Time,,1785350252,"{'name': 'The Home Depot Canada', 'key': 'hd', 'logo': '/build/images/static/logo.8eb14c19.png', 'icon': '/build/images/static/logo.8eb14c19.png'}",,https://homedepot.wd5.myworkdayjobs.com/CareerDepotCanada/job/LACADIE-STORE---7146/Superviseur-e--Saisonnier--Plomberie-et-lectricit_Req188365/apply?source=Careers.Homedepot.ca
Req182756,Associé(e) Quincaillerie (Temps plein),QC - Montreal,Montreal,Quebec,Full Time,,1785447449,"{'name': 'The Home Depot Canada', 'key': 'hd', 'logo': '/build/images/static/logo.8eb14c19.png', 'icon': '/build/images/static/logo.8eb14c19.png'}",,https://homedepot.wd5.myworkdayjobs.com/CareerDepotCanada/job/LACADIE-STORE---7146/Associ-e--Quincaillerie--Temps-plein-_Req182756/apply?source=Careers.Homedepot.ca
Req188437,"Spécialiste des ventes, menuiserie (Temps plein)",QC - Montreal,Montreal,Quebec,Full Time,,1785447449,"{'name': 'The Home Depot Canada', 'key': 'hd', 'logo': '/build/images/static/logo.8eb14c19.png', 'icon': '/build/images/static/logo.8eb14c19.png'}",,https://homedepot.wd5.myworkdayjobs.com/CareerDepotCanada/job/LACADIE-STORE---7146/Spcialiste-des-ventes--menuiserie--Temps-plein-_Req188437/apply?source=Careers.Homedepot.ca
Req187759,Associé(e) comptoir service à la clientèle (Temps partiel),QC - St. Constant,St. Constant,Quebec,Part Time,,1784835445,"{'name': 'The Home Depot Canada', 'key': 'hd', 'logo': '/build/images/static/logo.8eb14c19.png', 'icon': '/build/images/static/logo.8eb14c19.png'}",,https://homedepot.wd5.myworkdayjobs.com/CareerDepotCanada/job/ST-CONSTANT-STORE---7185/Associ-e--comptoir-service--la-clientle--Temps-partiel-_Req187759/apply?source=Careers.Homedepot.ca
Req187989,Associé(e) aux ventes Plomberie électricité - Temps plein,QC - St. Constant,St. Constant,Quebec,Full Time,,1785173856,"{'name': 'The Home Depot Canada', 'key': 'hd', 'logo': '/build/images/static/logo.8eb14c19.png', 'icon': '/build/images/static/logo.8eb14c19.png'}",,https://homedepot.wd5.myworkdayjobs.com/CareerDepotCanada/job/ST-CONSTANT-STORE---7185/Associ-e--aux-ventes-Plomberie-lectricit---Temps-plein_Req187989/apply?source=Careers.Homedepot.ca
Req187992,Associé(e) aux ventes - Cuisines et Salle de bains - Temps plein,QC - St. Constant,St. Constant,Quebec,Full Time,,1785173856,"{'name': 'The Home Depot Canada', 'key': 'hd', 'logo': '/build/images/static/logo.8eb14c19.png', 'icon': '/build/images/static/logo.8eb14c19.png'}",,https://homedepot.wd5.myworkdayjobs.com/CareerDepotCanada/job/ST-CONSTANT-STORE---7185/Associ-e--aux-ventes---Cuisines-et-Salle-de-bains---Temps-plein_Req187992/apply?source=Careers.Homedepot.ca
Req187991,Spécialiste des ventes- Revêtement de sol et décor (Temps plein),QC - St. Constant,St. Constant,Quebec,Full Time,,1785173856,"{'name': 'The Home Depot Canada', 'key': 'hd', 'logo': '/build/images/static/logo.8eb14c19.png', 'icon': '/build/images/static/logo.8eb14c19.png'}",,https://homedepot.wd5.myworkdayjobs.com/CareerDepotCanada/job/ST-CONSTANT-STORE---7185/Spcialiste-des-ventes--Revtement-de-sol-et-dcor---Temps-plein-_Req187991/apply?source=Careers.Homedepot.ca
Req187990,Associé(e) aux ventes - Peinture - Temps plein,QC - St. Constant,St. Constant,Quebec,Full Time,,1785173856,"{'name': 'The Home Depot Canada', 'key': 'hd', 'logo': '/build/images/static/logo.8eb14c19.png', 'icon': '/build/images/static/logo.8eb14c19.png'}",,https://homedepot.wd5.myworkdayjobs.com/CareerDepotCanada/job/ST-CONSTANT-STORE---7185/Associ-e--aux-ventes---Peinture---Temps-plein_Req187990/apply?source=Careers.Homedepot.ca
Req188570,Chef(fe) Caissier(ère) (temps partiel),QC - St. Constant,St. Constant,Quebec,Part Time,,1785447449,"{'name': 'The Home Depot Canada', 'key': 'hd', 'logo': '/build/images/static/logo.8eb14c19.png', 'icon': '/build/images/static/logo.8eb14c19.png'}",,https://homedepot.wd5.myworkdayjobs.com/CareerDepotCanada/job/ST-CONSTANT-STORE---7185/Chef-fe--Caissier-re---temps-partiel-_Req188570/apply?source=Careers.Homedepot.ca
Req187268,"Associé(e) bois et materiaux ,temps plein , temporaire 120 jours",QC - Montreal,Montreal,Quebec,Full Time,,1784569048,"{'name': 'The Home Depot Canada', 'key': 'hd', 'logo': '/build/images/static/logo.8eb14c19.png', 'icon': '/build/images/static/logo.8eb14c19.png'}",,https://homedepot.wd5.myworkdayjobs.com/CareerDepotCanada/job/BEAUBIEN-OUEST-STORE---7149/Associ-e--bois-et-materiaux--temps-plein---temporaire-120-jours_Req187268/apply?source=Careers.Homedepot.ca
Req187269,"Assocé(e) quincaillerie, temps plein, Temporaire 120 jours",QC - Montreal,Montreal,Quebec,Full Time,,1784569048,"{'name': 'The Home Depot Canada', 'key': 'hd', 'logo': '/build/images/static/logo.8eb14c19.png', 'icon': '/build/images/static/logo.8eb14c19.png'}",,https://homedepot.wd5.myworkdayjobs.com/CareerDepotCanada/job/BEAUBIEN-OUEST-STORE---7149/Assoc-e--quincaillerie--temps-plein--Temporaire-120-jours_Req187269/apply?source=Careers.Homedepot.ca
Req187687,Associé(e) aux ventes - Saisonier (Temps partiel) temporaire 120j,QC - Montreal,Montreal,Quebec,Part Time,,1784810240,"{'name': 'The Home Depot Canada', 'key': 'hd', 'logo': '/build/images/static/logo.8eb14c19.png', 'icon': '/build/images/static/logo.8eb14c19.png'}",,https://homedepot.wd5.myworkdayjobs.com/CareerDepotCanada/job/BEAUBIEN-OUEST-STORE---7149/Associ-e--aux-ventes---Saisonier--Temps-partiel--temporaire-120j_Req187687/apply?source=Careers.Homedepot.ca
Req187282,"Associé(e) location d'outils, temps plein, Temporaire 120 jours",QC - Montreal,Montreal,Quebec,Full Time,,1785361049,"{'name': 'The Home Depot Canada', 'key': 'hd', 'logo': '/build/images/static/logo.8eb14c19.png', 'icon': '/build/images/static/logo.8eb14c19.png'}",,https://homedepot.wd5.myworkdayjobs.com/CareerDepotCanada/job/BEAUBIEN-OUEST-STORE---7149/Associ-e--location-d-outils--temps-plein--Temporaire-120-jours_Req187282/apply?source=Careers.Homedepot.ca
Req188636,Associé(e) aux ventes - Cuisine et salle de bains (temps partiel),QC - Montreal,Montreal,Quebec,Part Time,,1785508649,"{'name': 'The Home Depot Canada', 'key': 'hd', 'logo': '/build/images/static/logo.8eb14c19.png', 'icon': '/build/images/static/logo.8eb14c19.png'}",,https://homedepot.wd5.myworkdayjobs.com/CareerDepotCanada/job/BEAUBIEN-OUEST-STORE---7149/Associ-e--aux-ventes---Cuisine-et-salle-de-bains--temps-partiel-_Req188636/apply?source=Careers.Homedepot.ca
Req181092,Spécialiste des ventes - couvre plancher (temps plein),QC - Anjou,Anjou,Quebec,Full Time,,1784925478,"{'name': 'The Home Depot Canada', 'key': 'hd', 'logo': '/build/images/static/logo.8eb14c19.png', 'icon': '/build/images/static/logo.8eb14c19.png'}",,https://homedepot.wd5.myworkdayjobs.com/CareerDepotCanada/job/ANJOU-STORE---7156/Spcialiste-des-ventes---couvre-plancher--temps-plein-_Req181092/apply?source=Careers.Homedepot.ca
Req186011,Superviseur(e) de la Manutention (NUIT),QC - Anjou,Anjou,Quebec,Full Time,,1784925478,"{'name': 'The Home Depot Canada', 'key': 'hd', 'logo': '/build/images/static/logo.8eb14c19.png', 'icon': '/build/images/static/logo.8eb14c19.png'}",,https://homedepot.wd5.myworkdayjobs.com/CareerDepotCanada/job/ANJOU-STORE---7156/Superviseur-e--de-la-Manutention--NUIT-_Req186011/apply?source=Careers.Homedepot.ca
Req185095,Concepteur(trice) Cuisines et salles de bain (Temps plein),QC - Anjou,Anjou,Quebec,Full Time,,1785788863,"{'name': 'The Home Depot Canada', 'key': 'hd', 'logo': '/build/images/static/logo.8eb14c19.png', 'icon': '/build/images/static/logo.8eb14c19.png'}",,https://homedepot.wd5.myworkdayjobs.com/CareerDepotCanada/job/ANJOU-STORE---7156/Concepteur-trice--Cuisines-et-salles-de-bain--Temps-plein-_Req185095/apply?source=Careers.Homedepot.ca
Req187720,Superviseur(e) de département - Temporaire,QC - Greenfield Park,Greenfield Park,Quebec,Full Time,,1784810240,"{'name': 'The Home Depot Canada', 'key': 'hd', 'logo': '/build/images/static/logo.8eb14c19.png', 'icon': '/build/images/static/logo.8eb14c19.png'}",,https://homedepot.wd5.myworkdayjobs.com/CareerDepotCanada/job/GREENFIELD-PARK-STORE---7152/Superviseur-e--de-dpartement---Temporaire_Req187720-1/apply?source=Careers.Homedepot.ca
Req188276,Caissier(ère) principal(e) (temps partiel),QC - Greenfield Park,Greenfield Park,Quebec,Part Time,,1785271040,"{'name': 'The Home Depot Canada', 'key': 'hd', 'logo': '/build/images/static/logo.8eb14c19.png', 'icon': '/build/images/static/logo.8eb14c19.png'}",,https://homedepot.wd5.myworkdayjobs.com/CareerDepotCanada/job/GREENFIELD-PARK-STORE---7152/Caissier-re--principal-e---temps-partiel-_Req188276/apply?source=Careers.Homedepot.ca
Req188297,Associé(e) aux ventes (temps partiel)- Greenfield Park,QC - Greenfield Park,Greenfield Park,Quebec,Part Time,,1785271041,"{'name': 'The Home Depot Canada', 'key': 'hd', 'logo': '/build/images/static/logo.8eb14c19.png', 'icon': '/build/images/static/logo.8eb14c19.png'}",,https://homedepot.wd5.myworkdayjobs.com/CareerDepotCanada/job/GREENFIELD-PARK-STORE---7152/Associ-e--aux-ventes--temps-partiel---Greenfield-Park_Req188297/apply?source=Careers.Homedepot.ca
Req186365,Associé(e) - Services spéciaux (Temps partiel),QC - Greenfield Park,Greenfield Park,Quebec,Part Time,,1785523055,"{'name': 'The Home Depot Canada', 'key': 'hd', 'logo': '/build/images/static/logo.8eb14c19.png', 'icon': '/build/images/static/logo.8eb14c19.png'}",,https://homedepot.wd5.myworkdayjobs.com/CareerDepotCanada/job/GREENFIELD-PARK-STORE---7152/Associ-e----Services-spciaux--Temps-partiel-_Req186365/apply?source=Careers.Homedepot.ca
Req188680,Caissier(ère) - Temps partiel,QC - Greenfield Park,Greenfield Park,Quebec,Part Time,,1785523055,"{'name': 'The Home Depot Canada', 'key': 'hd', 'logo': '/build/images/static/logo.8eb14c19.png', 'icon': '/build/images/static/logo.8eb14c19.png'}",,https://homedepot.wd5.myworkdayjobs.com/CareerDepotCanada/job/GREENFIELD-PARK-STORE---7152/Caissier-re----Temps-partiel_Req188680/apply?source=Careers.Homedepot.ca
Req187328,associé(ée) aux ventes de la quincaillerie,QC - St. Bruno de Montarville,St. Bruno de Montarville,Quebec,Part Time,,1784569048,"{'name': 'The Home Depot Canada', 'key': 'hd', 'logo': '/build/images/static/logo.8eb14c19.png', 'icon': '/build/images/static/logo.8eb14c19.png'}",,https://homedepot.wd5.myworkdayjobs.com/CareerDepotCanada/job/ST-BRUNO-STORE---7150/associ-e--aux-ventes-de-la-quincaillerie_Req187328/apply?source=Careers.Homedepot.ca
Req188517,Associé(e) mise en marché - Temps partiel,QC - St. Bruno de Montarville,St. Bruno de Montarville,Quebec,Part Time,,1785523055,"{'name': 'The Home Depot Canada', 'key': 'hd', 'logo': '/build/images/static/logo.8eb14c19.png', 'icon': '/build/images/static/logo.8eb14c19.png'}",,https://homedepot.wd5.myworkdayjobs.com/CareerDepotCanada/job/ST-BRUNO-STORE---7150/associ-e--mise-en-march---Temps-partiel-temporaire-120-jours_Req188517/apply?source=Careers.Homedepot.ca
Req184522,Associé(e) de la manutention - NUIT (Temps partiel),QC - St. Jean Sur Richelieu,St. Jean Sur Richelieu,Quebec,Part Time,,1784734652,"{'name': 'The Home Depot Canada', 'key': 'hd', 'logo': '/build/images/static/logo.8eb14c19.png', 'icon': '/build/images/static/logo.8eb14c19.png'}",,https://homedepot.wd5.myworkdayjobs.com/CareerDepotCanada/job/ST-JEAN-SUR-RICHELIEU-STORE---7224/Associ-e--de-la-manutention---NUIT--Temps-partiel-_Req184522/apply?source=Careers.Homedepot.ca
Req185430,Associé(e) aux ventes - Cuisine et de salle de bain (Temps partiel) Disponible en tout temps,QC - St. Jean Sur Richelieu,St. Jean Sur Richelieu,Quebec,Part Time,,1784734652,"{'name': 'The Home Depot Canada', 'key': 'hd', 'logo': '/build/images/static/logo.8eb14c19.png', 'icon': '/build/images/static/logo.8eb14c19.png'}",,https://homedepot.wd5.myworkdayjobs.com/CareerDepotCanada/job/ST-JEAN-SUR-RICHELIEU-STORE---7224/Associ-e--aux-ventes---Cuisine-et-de-salle-de-bain--Temps-partiel--Disponible-en-tout-temps_Req185430/apply?source=Careers.Homedepot.ca
Req188032,Associé(e) à la Manutention- Équipe de nuit - (Temps partiel),QC - St. Jean Sur Richelieu,St. Jean Sur Richelieu,Quebec,Part Time,,1785173856,"{'name': 'The Home Depot Canada', 'key': 'hd', 'logo': '/build/images/static/logo.8eb14c19.png', 'icon': '/build/images/static/logo.8eb14c19.png'}",,https://homedepot.wd5.myworkdayjobs.com/CareerDepotCanada/job/ST-JEAN-SUR-RICHELIEU-STORE---7224/Associ-e---la-Manutention--quipe-de-nuit----Temps-partiel-_Req188032/apply?source=Careers.Homedepot.ca
Req186446,Receiving Associate Part-Time - 7236 Timmins,ON - Timmins,Timmins,Ontario,Part Time,,1785209843,"{'name': 'The Home Depot Canada', 'key': 'hd', 'logo': '/build/images/static/logo.8eb14c19.png', 'icon': '/build/images/static/logo.8eb14c19.png'}",,https://homedepot.wd5.myworkdayjobs.com/CareerDepotCanada/job/TIMMINS-STORE---7236/Receiving-Associate-Part-Time---7236-Timmins_Req186446/apply?source=Careers.Homedepot.ca
Req184746,"Superviseur(e) - Pro, location et portes et fenêtres (Interim)",QC - Granby,Granby,Quebec,Full Time,,1784662651,"{'name': 'The Home Depot Canada', 'key': 'hd', 'logo': '/build/images/static/logo.8eb14c19.png', 'icon': '/build/images/static/logo.8eb14c19.png'}",,https://homedepot.wd5.myworkdayjobs.com/CareerDepotCanada/job/GRANBY-STORE---7188/Superviseur---Bois--Matriaux-et-Quincaillerie--intrim---Temps-plein-_Req184746/apply?source=Careers.Homedepot.ca
Req188065,Caissier(ière) (temps partiel),QC - Granby,Granby,Quebec,Part Time,,1785173856,"{'name': 'The Home Depot Canada', 'key': 'hd', 'logo': '/build/images/static/logo.8eb14c19.png', 'icon': '/build/images/static/logo.8eb14c19.png'}",,https://homedepot.wd5.myworkdayjobs.com/CareerDepotCanada/job/GRANBY-STORE---7188/Caissier-ire---temps-partiel-_Req188065/apply?source=Careers.Homedepot.ca
Req187327,Associé(ée) aux ventes des bois et matériaux (temps plein),QC - Granby,Granby,Quebec,Full Time,,1785181044,"{'name': 'The Home Depot Canada', 'key': 'hd', 'logo': '/build/images/static/logo.8eb14c19.png', 'icon': '/build/images/static/logo.8eb14c19.png'}",,https://homedepot.wd5.myworkdayjobs.com/CareerDepotCanada/job/GRANBY-STORE---7188/Associ-e--aux-ventes-des-bois-et-matriaux--temps-plein-_Req187327/apply?source=Careers.Homedepot.ca
Req187375,"Spécialiste des ventes, menuiserie (temps plein)",QC - Granby,Granby,Quebec,Full Time,,1785181044,"{'name': 'The Home Depot Canada', 'key': 'hd', 'logo': '/build/images/static/logo.8eb14c19.png', 'icon': '/build/images/static/logo.8eb14c19.png'}",,https://homedepot.wd5.myworkdayjobs.com/CareerDepotCanada/job/GRANBY-STORE---7188/Spcialiste-des-ventes--menuiserie--temps-plein-_Req187375/apply?source=Careers.Homedepot.ca
Req185865,caissier (e) (temps partiel),QC - Granby,Granby,Quebec,Part Time,,1785271041,"{'name': 'The Home Depot Canada', 'key': 'hd', 'logo': '/build/images/static/logo.8eb14c19.png', 'icon': '/build/images/static/logo.8eb14c19.png'}",,https://homedepot.wd5.myworkdayjobs.com/CareerDepotCanada/job/GRANBY-STORE---7188/caissier--e---temps-partiel--temporaire_Req185865/apply?source=Careers.Homedepot.ca
Req187299,Associé(e) Avant du magasin (temps partiel) TEMPORAIRE,QC - Trois Rivieres,Trois Rivieres,Quebec,Part Time,,1784569048,"{'name': 'The Home Depot Canada', 'key': 'hd', 'logo': '/build/images/static/logo.8eb14c19.png', 'icon': '/build/images/static/logo.8eb14c19.png'}",,https://homedepot.wd5.myworkdayjobs.com/CareerDepotCanada/job/TROIS-RIVIERES-STORE---7169/Associ-e--Avant-du-magasin--temps-partiel--TEMPORAIRE_Req187299/apply?source=Careers.Homedepot.ca
Req184650,"Associé(e) à la location d'outils, temporaire (temps partiel)",QC - Trois Rivieres,Trois Rivieres,Quebec,Part Time,,1784659048,"{'name': 'The Home Depot Canada', 'key': 'hd', 'logo': '/build/images/static/logo.8eb14c19.png', 'icon': '/build/images/static/logo.8eb14c19.png'}",,https://homedepot.wd5.myworkdayjobs.com/CareerDepotCanada/job/TROIS-RIVIERES-STORE---7169/Associ-e---la-location-d-outils--temporaire--temps-partiel-_Req184650/apply?source=Careers.Homedepot.ca
Req188056,Associé(e) à la manutention de NUIT (temps plein),QC - Trois Rivieres,Trois Rivieres,Quebec,Full Time,,1785173856,"{'name': 'The Home Depot Canada', 'key': 'hd', 'logo': '/build/images/static/logo.8eb14c19.png', 'icon': '/build/images/static/logo.8eb14c19.png'}",,https://homedepot.wd5.myworkdayjobs.com/CareerDepotCanada/job/TROIS-RIVIERES-STORE---7169/Associ-e---la-manutention-de-NUIT--temps-plein-_Req188056/apply?source=Careers.Homedepot.ca
Req188026,Associé(e) aux services spéciaux (temps partiel),QC - Trois Rivieres,Trois Rivieres,Quebec,Part Time,,1785173856,"{'name': 'The Home Depot Canada', 'key': 'hd', 'logo': '/build/images/static/logo.8eb14c19.png', 'icon': '/build/images/static/logo.8eb14c19.png'}",,https://homedepot.wd5.myworkdayjobs.com/CareerDepotCanada/job/TROIS-RIVIERES-STORE---7169/Associ-e--aux-services-spciaux--temps-partiel-_Req188026/apply?source=Careers.Homedepot.ca
Req188422,Superviseur(e) à la réception de nuit,QC - Trois Rivieres,Trois Rivieres,Quebec,Full Time,,1785353847,"{'name': 'The Home Depot Canada', 'key': 'hd', 'logo': '/build/images/static/logo.8eb14c19.png', 'icon': '/build/images/static/logo.8eb14c19.png'}",,https://homedepot.wd5.myworkdayjobs.com/CareerDepotCanada/job/TROIS-RIVIERES-STORE---7169/Superviseur-e---la-rception-de-nuit_Req188422/apply?source=Careers.Homedepot.ca
Req188844,Associé(e) à la réception (temps plein),QC - Trois Rivieres,Trois Rivieres,Quebec,Full Time,,1785788863,"{'name': 'The Home Depot Canada', 'key': 'hd', 'logo': '/build/images/static/logo.8eb14c19.png', 'icon': '/build/images/static/logo.8eb14c19.png'}",,https://homedepot.wd5.myworkdayjobs.com/CareerDepotCanada/job/TROIS-RIVIERES-STORE---7169/Associ-e---la-rception--temps-plein-_Req188844/apply?source=Careers.Homedepot.ca
Req187191,Superviseur(e) Manutention de NUIT,QC - Sherbrooke,Sherbrooke,Quebec,Full Time,,1784558249,"{'name': 'The Home Depot Canada', 'key': 'hd', 'logo': '/build/images/static/logo.8eb14c19.png', 'icon': '/build/images/static/logo.8eb14c19.png'}",,https://homedepot.wd5.myworkdayjobs.com/CareerDepotCanada/job/SHERBROOKE-STORE---7089/Superviseur-e--Manutention-de-NUIT_Req187191/apply?source=Careers.Homedepot.ca
Req187929,Preposé(e) à la Préparation de commandes (temps plein),QC - Sherbrooke,Sherbrooke,Quebec,Full Time,,1784929045,"{'name': 'The Home Depot Canada', 'key': 'hd', 'logo': '/build/images/static/logo.8eb14c19.png', 'icon': '/build/images/static/logo.8eb14c19.png'}",,https://homedepot.wd5.myworkdayjobs.com/CareerDepotCanada/job/SHERBROOKE-STORE---7089/Prepos-e---la-Prparation-de-commandes--temps-plein-_Req187929/apply?source=Careers.Homedepot.ca
Req183627,Directeur(rice) des Ressources Humaines - Home Depot Sherbrooke,QC - Sherbrooke,Sherbrooke,Quebec,Full Time,,1785767842,"{'name': 'The Home Depot Canada', 'key': 'hd', 'logo': '/build/images/static/logo.8eb14c19.png', 'icon': '/build/images/static/logo.8eb14c19.png'}",,https://homedepot.wd5.myworkdayjobs.com/CareerDepotCanada/job/SHERBROOKE-STORE---7089/Directeur-rice--des-Ressources-Humaines---Home-Depot-Sherbrooke_Req183627-1/apply?source=Careers.Homedepot.ca
Req187331,Associé(e) au Stationnement (temps plein),QC - Victoriaville,Victoriaville,Quebec,Full Time,,1784569048,"{'name': 'The Home Depot Canada', 'key': 'hd', 'logo': '/build/images/static/logo.8eb14c19.png', 'icon': '/build/images/static/logo.8eb14c19.png'}",,https://homedepot.wd5.myworkdayjobs.com/CareerDepotCanada/job/VICTORIAVILLE-STORE---7087/Associ-e--au-Stationnement--temps-plein-_Req187331/apply?source=Careers.Homedepot.ca
Req187862,Technicien(ne) à la location d'outils - Temps plein,QC - Victoriaville,Victoriaville,Quebec,Full Time,,1784929045,"{'name': 'The Home Depot Canada', 'key': 'hd', 'logo': '/build/images/static/logo.8eb14c19.png', 'icon': '/build/images/static/logo.8eb14c19.png'}",,https://homedepot.wd5.myworkdayjobs.com/CareerDepotCanada/job/VICTORIAVILLE-STORE---7087/Technicien-ne---la-location-d-outils---Temps-plein_Req187862/apply?source=Careers.Homedepot.ca
Req186609,Associé(e) aux ventes - Quincaillerie /matériaux (Temps partiel),QC - Victoriaville,Victoriaville,Quebec,Part Time,,1785274646,"{'name': 'The Home Depot Canada', 'key': 'hd', 'logo': '/build/images/static/logo.8eb14c19.png', 'icon': '/build/images/static/logo.8eb14c19.png'}",,https://homedepot.wd5.myworkdayjobs.com/CareerDepotCanada/job/VICTORIAVILLE-STORE---7087/Associ-e--aux-ventes---Quincaillerie--matriaux--Temps-partiel-_Req186609/apply?source=Careers.Homedepot.ca
Req188309,Associé(e) aux ventes Quincaillerie (Temps partiel) TEMPORAIRE,QC - Victoriaville,Victoriaville,Quebec,Part Time,,1785274646,"{'name': 'The Home Depot Canada', 'key': 'hd', 'logo': '/build/images/static/logo.8eb14c19.png', 'icon': '/build/images/static/logo.8eb14c19.png'}",,https://homedepot.wd5.myworkdayjobs.com/CareerDepotCanada/job/VICTORIAVILLE-STORE---7087/Associ-e--aux-ventes-Quincaillerie--Temps-partiel--TEMPORAIRE_Req188309/apply?source=Careers.Homedepot.ca
Req188767,Associé aux ventes - quincaillerie (temps partiel),QC - Victoriaville,Victoriaville,Quebec,Part Time,,1785764258,"{'name': 'The Home Depot Canada', 'key': 'hd', 'logo': '/build/images/static/logo.8eb14c19.png', 'icon': '/build/images/static/logo.8eb14c19.png'}",,https://homedepot.wd5.myworkdayjobs.com/CareerDepotCanada/job/VICTORIAVILLE-STORE---7087/Associ-aux-ventes---quincaillerie--temps-partiel-_Req188767/apply?source=Careers.Homedepot.ca
Req187048,Technicien de la location d'outils (Temps plein),QC - Ste-Foy,Ste-Foy,Quebec,Full Time,,1784219850,"{'name': 'The Home Depot Canada', 'key': 'hd', 'logo': '/build/images/static/logo.8eb14c19.png', 'icon': '/build/images/static/logo.8eb14c19.png'}",,https://homedepot.wd5.myworkdayjobs.com/CareerDepotCanada/job/SAINTE-FOY-STORE---7163/Technicien-de-la-location-d-outils--Temps-plein-_Req187048/apply?source=Careers.Homedepot.ca
Req188525,Superviseur(e) du couvre plancher,QC - Ste-Foy,Ste-Foy,Quebec,Full Time,,1785447449,"{'name': 'The Home Depot Canada', 'key': 'hd', 'logo': '/build/images/static/logo.8eb14c19.png', 'icon': '/build/images/static/logo.8eb14c19.png'}",,https://homedepot.wd5.myworkdayjobs.com/CareerDepotCanada/job/SAINTE-FOY-STORE---7163/Superviseur-e--du-couvre-plancher_Req188525/apply?source=Careers.Homedepot.ca
Req186115,Associé(e) à la menuiserie (temps partiel),QC - Levis,Levis,Quebec,Part Time,,1783449447,"{'name': 'The Home Depot Canada', 'key': 'hd', 'logo': '/build/images/static/logo.8eb14c19.png', 'icon': '/build/images/static/logo.8eb14c19.png'}",,https://homedepot.wd5.myworkdayjobs.com/CareerDepotCanada/job/ST-ROMUALD-STORE---7189/Associ-e---la-menuiserie--temps-partiel-_Req186115/apply?source=Careers.Homedepot.ca
Req184872,Spécialiste des ventes - Comptoir des entrepreneurs (Temps plein),QC - Levis,Levis,Quebec,Full Time,,1784655453,"{'name': 'The Home Depot Canada', 'key': 'hd', 'logo': '/build/images/static/logo.8eb14c19.png', 'icon': '/build/images/static/logo.8eb14c19.png'}",,https://homedepot.wd5.myworkdayjobs.com/CareerDepotCanada/job/ST-ROMUALD-STORE---7189/Spcialiste-des-ventes---Comptoir-des-entrepreneurs--Temps-plein-_Req184872-1/apply?source=Careers.Homedepot.ca
Req188435,Associé(e) à la manutention de NUIT (Temps plein),QC - Levis,Levis,Quebec,Full Time,,1785353847,"{'name': 'The Home Depot Canada', 'key': 'hd', 'logo': '/build/images/static/logo.8eb14c19.png', 'icon': '/build/images/static/logo.8eb14c19.png'}",,https://homedepot.wd5.myworkdayjobs.com/CareerDepotCanada/job/ST-ROMUALD-STORE---7189/Associ-e---la-manutention-de-NUIT--Temps-plein-_Req188435/apply?source=Careers.Homedepot.ca
Req186808,Associé(e) Préparation des commandes (Temps plein) lun. au ven. 6:00 à 14:30,QC - Levis,Levis,Quebec,Full Time,,1785353847,"{'name': 'The Home Depot Canada', 'key': 'hd', 'logo': '/build/images/static/logo.8eb14c19.png', 'icon': '/build/images/static/logo.8eb14c19.png'}",,https://homedepot.wd5.myworkdayjobs.com/CareerDepotCanada/job/ST-ROMUALD-STORE---7189/Associ-e--Prparation-des-commandes--Temps-plein--lun-au-ven-6-00--14-30_Req186808/apply?source=Careers.Homedepot.ca
Req184825,Associé(e) de l'équipe de marchandisage (MET) (Temps plein),QC - Quebec City,Quebec City,Quebec,Full Time,,1784821041,"{'name': 'The Home Depot Canada', 'key': 'hd', 'logo': '/build/images/static/logo.8eb14c19.png', 'icon': '/build/images/static/logo.8eb14c19.png'}",,https://homedepot.wd5.myworkdayjobs.com/CareerDepotCanada/job/LEBOURGNEUF-STORE---7162/Associ-e--de-l-quipe-de-marchandisage--MET---Temps-plein-_Req184825/apply?source=Careers.Homedepot.ca
Req188290,Caissier(ère) - Temps partiel,QC - Quebec City,Quebec City,Quebec,Part Time,,1785274646,"{'name': 'The Home Depot Canada', 'key': 'hd', 'logo': '/build/images/static/logo.8eb14c19.png', 'icon': '/build/images/static/logo.8eb14c19.png'}",,https://homedepot.wd5.myworkdayjobs.com/CareerDepotCanada/job/LEBOURGNEUF-STORE---7162/Caissier-re----Temps-partiel_Req188290/apply?source=Careers.Homedepot.ca
Req186412,Associé(e) aux ventes - Revêtement de sol (temps partiel),QC - Quebec City,Quebec City,Quebec,Part Time,,1785357456,"{'name': 'The Home Depot Canada', 'key': 'hd', 'logo': '/build/images/static/logo.8eb14c19.png', 'icon': '/build/images/static/logo.8eb14c19.png'}",,https://homedepot.wd5.myworkdayjobs.com/CareerDepotCanada/job/LEBOURGNEUF-STORE---7162/Associ-e--aux-ventes---Revtement-de-sol--temps-partiel-_Req186412/apply?source=Careers.Homedepot.ca
Req188488,Préposé(e) à la préparation des commandes (temps plein),QC - Quebec City,Quebec City,Quebec,Full Time,,1785418647,"{'name': 'The Home Depot Canada', 'key': 'hd', 'logo': '/build/images/static/logo.8eb14c19.png', 'icon': '/build/images/static/logo.8eb14c19.png'}",,https://homedepot.wd5.myworkdayjobs.com/CareerDepotCanada/job/LEBOURGNEUF-STORE---7162/Prpos-e---la-prparation-des-commandes--temps-plein-_Req188488/apply?source=Careers.Homedepot.ca
Req188491,Associé(e) aux ventes Électricité/plomberie (Temps partiel),QC - Quebec City,Quebec City,Quebec,Part Time,,1785447449,"{'name': 'The Home Depot Canada', 'key': 'hd', 'logo': '/build/images/static/logo.8eb14c19.png', 'icon': '/build/images/static/logo.8eb14c19.png'}",,https://homedepot.wd5.myworkdayjobs.com/CareerDepotCanada/job/LEBOURGNEUF-STORE---7162/Associ-e--aux-ventes-lectricit-plomberie--Temps-partiel-_Req188491/apply?source=Careers.Homedepot.ca
Req188548,Associé(e) de la location d'outils - Temps partiel,QC - Quebec City,Quebec City,Quebec,Part Time,,1785447449,"{'name': 'The Home Depot Canada', 'key': 'hd', 'logo': '/build/images/static/logo.8eb14c19.png', 'icon': '/build/images/static/logo.8eb14c19.png'}",,https://homedepot.wd5.myworkdayjobs.com/CareerDepotCanada/job/LEBOURGNEUF-STORE---7162/Associ-e--de-la-location-d-outils---Temps-partiel_Req188548/apply?source=Careers.Homedepot.ca
Req188676,caissière temps partiel,QC - Quebec City,Quebec City,Quebec,Part Time,,1785523055,"{'name': 'The Home Depot Canada', 'key': 'hd', 'logo': '/build/images/static/logo.8eb14c19.png', 'icon': '/build/images/static/logo.8eb14c19.png'}",,https://homedepot.wd5.myworkdayjobs.com/CareerDepotCanada/job/LEBOURGNEUF-STORE---7162/caissire-temps-partiel_Req188676-1/apply?source=Careers.Homedepot.ca
Req188051,Plumbing & Electrical Sales Associate Full-Time - 7102 Thunder Bay,ON - Thunder Bay,Thunder Bay,Ontario,Full Time,,1785199069,"{'name': 'The Home Depot Canada', 'key': 'hd', 'logo': '/build/images/static/logo.8eb14c19.png', 'icon': '/build/images/static/logo.8eb14c19.png'}",,https://homedepot.wd5.myworkdayjobs.com/CareerDepotCanada/job/THUNDER-BAY-STORE---7102/Plumbing---Electrical-Sales-Associate-Full-Time---7102-Thunder-Bay_Req188051/apply?source=Careers.Homedepot.ca
Req185058,Lot Associate Full-Time - 7102 Thunder Bay,ON - Thunder Bay,Thunder Bay,Ontario,Full Time,,1785271040,"{'name': 'The Home Depot Canada', 'key': 'hd', 'logo': '/build/images/static/logo.8eb14c19.png', 'icon': '/build/images/static/logo.8eb14c19.png'}",,https://homedepot.wd5.myworkdayjobs.com/CareerDepotCanada/job/THUNDER-BAY-STORE---7102/Lot-Associate-Full-Time---7102-Thunder-Bay_Req185058/apply?source=Careers.Homedepot.ca
Req187728,Night Receiving Associate - Part Time (Saint John),NB - Saint John,Saint John,New Brunswick,Part Time,,1785159445,"{'name': 'The Home Depot Canada', 'key': 'hd', 'logo': '/build/images/static/logo.8eb14c19.png', 'icon': '/build/images/static/logo.8eb14c19.png'}",,https://homedepot.wd5.myworkdayjobs.com/CareerDepotCanada/job/SAINT-JOHN-STORE---7103/Night-Receiving-Associate---Part-Time--Saint-John-_Req187728/apply?source=Careers.Homedepot.ca
Req187726,Lumber Associate - Part Time (Saint John),NB - Saint John,Saint John,New Brunswick,Part Time,,1785159445,"{'name': 'The Home Depot Canada', 'key': 'hd', 'logo': '/build/images/static/logo.8eb14c19.png', 'icon': '/build/images/static/logo.8eb14c19.png'}",,https://homedepot.wd5.myworkdayjobs.com/CareerDepotCanada/job/SAINT-JOHN-STORE---7103/Lumber-Associate---Part-Time--Saint-John-_Req187726-1/apply?source=Careers.Homedepot.ca
Req186802,Kitchen & Bath Sales Part Time (SAINT JOHN),NB - Saint John,Saint John,New Brunswick,Part Time,,1785343410,"{'name': 'The Home Depot Canada', 'key': 'hd', 'logo': '/build/images/static/logo.8eb14c19.png', 'icon': '/build/images/static/logo.8eb14c19.png'}",,https://homedepot.wd5.myworkdayjobs.com/CareerDepotCanada/job/SAINT-JOHN-STORE---7103/Kitchen---Bath-Sales-Part-Time--SAINT-JOHN-_Req186802/apply?source=Careers.Homedepot.ca
Req188211,Overnight Freight Associate - Part-Time (Moncton),NB - Moncton,Moncton,New Brunswick,Part Time,,1785271040,"{'name': 'The Home Depot Canada', 'key': 'hd', 'logo': '/build/images/static/logo.8eb14c19.png', 'icon': '/build/images/static/logo.8eb14c19.png'}",,https://homedepot.wd5.myworkdayjobs.com/CareerDepotCanada/job/MONCTON-STORE---7148/Overnight-Freight-Associate---Part-Time--Moncton-_Req188211/apply?source=Careers.Homedepot.ca
Req188209,Special Services Associate - Part-Time (Moncton),NB - Moncton,Moncton,New Brunswick,Part Time,,1785271041,"{'name': 'The Home Depot Canada', 'key': 'hd', 'logo': '/build/images/static/logo.8eb14c19.png', 'icon': '/build/images/static/logo.8eb14c19.png'}",,https://homedepot.wd5.myworkdayjobs.com/CareerDepotCanada/job/MONCTON-STORE---7148/Special-Services-Associate---Part-Time---Moncton-_Req188209/apply?source=Careers.Homedepot.ca
Req188335,Lumber Sales Part Time (MONCTON),NB - Moncton,Moncton,New Brunswick,Part Time,,1785332244,"{'name': 'The Home Depot Canada', 'key': 'hd', 'logo': '/build/images/static/logo.8eb14c19.png', 'icon': '/build/images/static/logo.8eb14c19.png'}",,https://homedepot.wd5.myworkdayjobs.com/CareerDepotCanada/job/MONCTON-STORE---7148/Lumber-Sales-Part-Time--MONCTON-_Req188335/apply?source=Careers.Homedepot.ca
Req185882,Tool Rental Sales Part Time (NEW MINAS),NS - New Minas,New Minas,Nova Scotia,Part Time,,1785339450,"{'name': 'The Home Depot Canada', 'key': 'hd', 'logo': '/build/images/static/logo.8eb14c19.png', 'icon': '/build/images/static/logo.8eb14c19.png'}",,https://homedepot.wd5.myworkdayjobs.com/CareerDepotCanada/job/NEW-MINAS-STORE---7261/Tool-Rental-Sales-Part-Time--NEW-MINAS-_Req185882/apply?source=Careers.Homedepot.ca
Req188429,Paint Sales Part Time (NEW MINAS),NS - New Minas,New Minas,Nova Scotia,Part Time,,1785353847,"{'name': 'The Home Depot Canada', 'key': 'hd', 'logo': '/build/images/static/logo.8eb14c19.png', 'icon': '/build/images/static/logo.8eb14c19.png'}",,https://homedepot.wd5.myworkdayjobs.com/CareerDepotCanada/job/NEW-MINAS-STORE---7261/Paint-Sales-Part-Time--NEW-MINAS-_Req188429/apply?source=Careers.Homedepot.ca
Req188426,Cashier Full Time (NEW MINAS),NS - New Minas,New Minas,Nova Scotia,Full Time,,1785353847,"{'name': 'The Home Depot Canada', 'key': 'hd', 'logo': '/build/images/static/logo.8eb14c19.png', 'icon': '/build/images/static/logo.8eb14c19.png'}",,https://homedepot.wd5.myworkdayjobs.com/CareerDepotCanada/job/NEW-MINAS-STORE---7261/Cashier-Full-Time--NEW-MINAS-_Req188426/apply?source=Careers.Homedepot.ca
Req188376,Merchandising Execution Associate Part Time - 7058 St. Vital,MB - Winnipeg,Winnipeg,Manitoba,Part Time,,1785451053,"{'name': 'The Home Depot Canada', 'key': 'hd', 'logo': '/build/images/static/logo.8eb14c19.png', 'icon': '/build/images/static/logo.8eb14c19.png'}",,https://homedepot.wd5.myworkdayjobs.com/CareerDepotCanada/job/ST-VITAL-STORE---7058/Merchandising-Execution-Associate-Part-Time---7058-St-Vital_Req188376/apply?source=Careers.Homedepot.ca
Req188377,Merchandising Execution Associate Part Time (6 month contract) - 7058 St. Vital,MB - Winnipeg,Winnipeg,Manitoba,Part Time,,1785451053,"{'name': 'The Home Depot Canada', 'key': 'hd', 'logo': '/build/images/static/logo.8eb14c19.png', 'icon': '/build/images/static/logo.8eb14c19.png'}",,https://homedepot.wd5.myworkdayjobs.com/CareerDepotCanada/job/ST-VITAL-STORE---7058/Merchandising-Execution-Associate-Part-Time--6-month-contract----7058-St-Vital_Req188377/apply?source=Careers.Homedepot.ca
Req188352,Receiving Associate Full Time - 7086 Winnipeg South West,MB - Winnipeg,Winnipeg,Manitoba,Full Time,,1785429991,"{'name': 'The Home Depot Canada', 'key': 'hd', 'logo': '/build/images/static/logo.8eb14c19.png', 'icon': '/build/images/static/logo.8eb14c19.png'}",,https://homedepot.wd5.myworkdayjobs.com/CareerDepotCanada/job/WINNIPEG-SOUTH-WEST-STORE---7086/Receiving-Associate-Full-Time---7086-Winnipeg-South-West_Req188352/apply?source=Careers.Homedepot.ca
Req188464,Overnight Freight Associate Full Time - 7086 Winnipeg South West,MB - Winnipeg,Winnipeg,Manitoba,Full Time,,1785440250,"{'name': 'The Home Depot Canada', 'key': 'hd', 'logo': '/build/images/static/logo.8eb14c19.png', 'icon': '/build/images/static/logo.8eb14c19.png'}",,https://homedepot.wd5.myworkdayjobs.com/CareerDepotCanada/job/WINNIPEG-SOUTH-WEST-STORE---7086/Overnight-Freight-Associate-Full-Time---7086-Winnipeg-South-West_Req188464/apply?source=Careers.Homedepot.ca
Req188469,Overnight Freight Associate Full Time (4 month contract) 7086 Winnipeg South West,MB - Winnipeg,Winnipeg,Manitoba,Full Time,,1785440251,"{'name': 'The Home Depot Canada', 'key': 'hd', 'logo': '/build/images/static/logo.8eb14c19.png', 'icon': '/build/images/static/logo.8eb14c19.png'}",,https://homedepot.wd5.myworkdayjobs.com/CareerDepotCanada/job/WINNIPEG-SOUTH-WEST-STORE---7086/Overnight-Freight-Associate-Full-Time--4-month-contract--7086-Winnipeg-South-West_Req188469/apply?source=Careers.Homedepot.ca
Req188099,Head Cashier Part Time - 7180 Winnipeg North,MB - Winnipeg,Winnipeg,Manitoba,Part Time,,1785253048,"{'name': 'The Home Depot Canada', 'key': 'hd', 'logo': '/build/images/static/logo.8eb14c19.png', 'icon': '/build/images/static/logo.8eb14c19.png'}",,https://homedepot.wd5.myworkdayjobs.com/CareerDepotCanada/job/WINNIPEG-NORTH-STORE---7180/Head-Cashier-Part-Time---7180-Winnipeg-North_Req188099/apply?source=Careers.Homedepot.ca
Req188094,Special Services Part Time - 7180 Winnipeg North,MB - Winnipeg,Winnipeg,Manitoba,Part Time,,1785256643,"{'name': 'The Home Depot Canada', 'key': 'hd', 'logo': '/build/images/static/logo.8eb14c19.png', 'icon': '/build/images/static/logo.8eb14c19.png'}",,https://homedepot.wd5.myworkdayjobs.com/CareerDepotCanada/job/WINNIPEG-NORTH-STORE---7180/Special-Services-Part-Time---7180-Winnipeg-North_Req188094/apply?source=Careers.Homedepot.ca
Req188098,Special Services Full Time - 7180 Winnipeg North,MB - Winnipeg,Winnipeg,Manitoba,Full Time,,1785256643,"{'name': 'The Home Depot Canada', 'key': 'hd', 'logo': '/build/images/static/logo.8eb14c19.png', 'icon': '/build/images/static/logo.8eb14c19.png'}",,https://homedepot.wd5.myworkdayjobs.com/CareerDepotCanada/job/WINNIPEG-NORTH-STORE---7180/Special-Services-Full-Time---7180-Winnipeg-North_Req188098-1/apply?source=Careers.Homedepot.ca
Req188245,Merchandising Execution Associate Part Time - 7180 Winnipeg North,MB - Winnipeg,Winnipeg,Manitoba,Part Time,,1785278260,"{'name': 'The Home Depot Canada', 'key': 'hd', 'logo': '/build/images/static/logo.8eb14c19.png', 'icon': '/build/images/static/logo.8eb14c19.png'}",,https://homedepot.wd5.myworkdayjobs.com/CareerDepotCanada/job/WINNIPEG-NORTH-STORE---7180/Merchandising-Execution-Associate-Part-Time---7180-Winnipeg-North_Req188245/apply?source=Careers.Homedepot.ca
Req188216,Overnight Freight Associate Part Time - 7057 Polo Park,MB - Winnipeg,Winnipeg,Manitoba,Part Time,,1785256643,"{'name': 'The Home Depot Canada', 'key': 'hd', 'logo': '/build/images/static/logo.8eb14c19.png', 'icon': '/build/images/static/logo.8eb14c19.png'}",,https://homedepot.wd5.myworkdayjobs.com/CareerDepotCanada/job/POLO-PARK-STORE---7057/Overnight-Freight-Associate-Part-Time---7057-Polo-Park_Req188216-1/apply?source=Careers.Homedepot.ca
Req188214,Overnight Order Picker Full Time - 7057 Polo Park,MB - Winnipeg,Winnipeg,Manitoba,Full Time,,1785256643,"{'name': 'The Home Depot Canada', 'key': 'hd', 'logo': '/build/images/static/logo.8eb14c19.png', 'icon': '/build/images/static/logo.8eb14c19.png'}",,https://homedepot.wd5.myworkdayjobs.com/CareerDepotCanada/job/POLO-PARK-STORE---7057/Overnight-Order-Picker-Full-Time---7057-Polo-Park_Req188214/apply?source=Careers.Homedepot.ca
Req188584,Merchandising Execution Associate Part Time - 7057 Polo Park,MB - Winnipeg,Winnipeg,Manitoba,Part Time,,1785516389,"{'name': 'The Home Depot Canada', 'key': 'hd', 'logo': '/build/images/static/logo.8eb14c19.png', 'icon': '/build/images/static/logo.8eb14c19.png'}",,https://homedepot.wd5.myworkdayjobs.com/CareerDepotCanada/job/POLO-PARK-STORE---7057/Merchandising-Execution-Associate-Part-Time---7057-Polo-Park_Req188584/apply?source=Careers.Homedepot.ca
Req187227,Asset Protection Specialist Full-Time - 7052 Regina,SK - Regina,Regina,Saskatchewan,Full Time,,1784320652,"{'name': 'The Home Depot Canada', 'key': 'hd', 'logo': '/build/images/static/logo.8eb14c19.png', 'icon': '/build/images/static/logo.8eb14c19.png'}",,https://homedepot.wd5.myworkdayjobs.com/CareerDepotCanada/job/REGINA-STORE---7052/Asset-Protection-Specialist-Full-Time---7052-Regina_Req187227/apply?source=Careers.Homedepot.ca
Req186542,Lot Associate Part-Time - 7052 Regina,SK - Regina,Regina,Saskatchewan,Part Time,,1785253048,"{'name': 'The Home Depot Canada', 'key': 'hd', 'logo': '/build/images/static/logo.8eb14c19.png', 'icon': '/build/images/static/logo.8eb14c19.png'}",,https://homedepot.wd5.myworkdayjobs.com/CareerDepotCanada/job/REGINA-STORE---7052/Lot-Associate-Part-Time---7052-Regina_Req186542/apply?source=Careers.Homedepot.ca
Req186546,Head Cashier Part-Time - 7052 Regina,SK - Regina,Regina,Saskatchewan,Part Time,,1785256642,"{'name': 'The Home Depot Canada', 'key': 'hd', 'logo': '/build/images/static/logo.8eb14c19.png', 'icon': '/build/images/static/logo.8eb14c19.png'}",,https://homedepot.wd5.myworkdayjobs.com/CareerDepotCanada/job/REGINA-STORE---7052/Head-Cashier--Part-Time---7052-Regina_Req186546/apply?source=Careers.Homedepot.ca
Req188034,Lumber Associate Part-Time - 7245 Regina Northwest,SK - Regina,Regina,Saskatchewan,Part Time,,1785163042,"{'name': 'The Home Depot Canada', 'key': 'hd', 'logo': '/build/images/static/logo.8eb14c19.png', 'icon': '/build/images/static/logo.8eb14c19.png'}",,https://homedepot.wd5.myworkdayjobs.com/CareerDepotCanada/job/REGINA-NORTHWEST-STORE---7245/Lumber-Associate-Part-Time---7245-Regina-Northwest_Req188034/apply?source=Careers.Homedepot.ca
Req186629,Pro Sales Associate - Part Time (St. John's),NL - St. Johns,St. Johns,Newfoundland,Part Time,,1785516389,"{'name': 'The Home Depot Canada', 'key': 'hd', 'logo': '/build/images/static/logo.8eb14c19.png', 'icon': '/build/images/static/logo.8eb14c19.png'}",,https://homedepot.wd5.myworkdayjobs.com/CareerDepotCanada/job/ST-JOHNS-STORE---7077/Pro-Sales-Associate---Part-Time--St-John-s-_Req186629/apply?source=Careers.Homedepot.ca
Req182731,Lot Associate Part-Time - 7265 Saskatoon South,SK - Saskatoon South,Saskatoon South,Saskatchewan,Part Time,,1785267442,"{'name': 'The Home Depot Canada', 'key': 'hd', 'logo': '/build/images/static/logo.8eb14c19.png', 'icon': '/build/images/static/logo.8eb14c19.png'}",,https://homedepot.wd5.myworkdayjobs.com/CareerDepotCanada/job/SASKATOON-SOUTH-STORE---7265/Lot-Associate-Part-Time--Daytime-Availability-Required----7265-Saskatoon-South_Req182731/apply?source=Careers.Homedepot.ca
Req185188,Overnight Freight Associate Part-Time (Contract) - 7265 Saskatoon South,SK - Saskatoon South,Saskatoon South,Saskatchewan,Part Time,,1785375452,"{'name': 'The Home Depot Canada', 'key': 'hd', 'logo': '/build/images/static/logo.8eb14c19.png', 'icon': '/build/images/static/logo.8eb14c19.png'}",,https://homedepot.wd5.myworkdayjobs.com/CareerDepotCanada/job/SASKATOON-SOUTH-STORE---7265/Overnight-Freight-Associate-Part-Time--Contract----7265-Saskatoon-South_Req185188/apply?source=Careers.Homedepot.ca
Req186607,Flooring & Decor Sales Associate Part-Time - 7265 Saskatoon South,SK - Saskatoon South,Saskatoon South,Saskatchewan,Part Time,,1785379049,"{'name': 'The Home Depot Canada', 'key': 'hd', 'logo': '/build/images/static/logo.8eb14c19.png', 'icon': '/build/images/static/logo.8eb14c19.png'}",,https://homedepot.wd5.myworkdayjobs.com/CareerDepotCanada/job/SASKATOON-SOUTH-STORE---7265/Flooring---Decor-Sales-Associate-Part-Time---7265-Saskatoon-South_Req186607/apply?source=Careers.Homedepot.ca
Req186029,Plumbing/Electrical Sales Associate (Daytime availability required) Part Time - 7265 Saskatoon South,SK - Saskatoon South,Saskatoon South,Saskatchewan,Part Time,,1785513387,"{'name': 'The Home Depot Canada', 'key': 'hd', 'logo': '/build/images/static/logo.8eb14c19.png', 'icon': '/build/images/static/logo.8eb14c19.png'}",,https://homedepot.wd5.myworkdayjobs.com/CareerDepotCanada/job/SASKATOON-SOUTH-STORE---7265/Plumbing-Electrical-Sales-Associate--Daytime-availability-required--Part-Time---7265-Saskatoon-South_Req186029/apply?source=Careers.Homedepot.ca
Req184929,Vault Associate Part-Time - 7051 Saskatoon,SK - Saskatoon,Saskatoon,Saskatchewan,Part Time,,1783903046,"{'name': 'The Home Depot Canada', 'key': 'hd', 'logo': '/build/images/static/logo.8eb14c19.png', 'icon': '/build/images/static/logo.8eb14c19.png'}",,https://homedepot.wd5.myworkdayjobs.com/CareerDepotCanada/job/SASKATOON-STORE---7051/Vault-Associate-Part-Time---7051-Saskatoon_Req184929/apply?source=Careers.Homedepot.ca
Req188690,Certified Heavy Equipment Mechanic: Located in VANCOUVER,BC - Virtual,Virtual,British Columbia,Full Time,$45.00 - $50.00,1785526654,"{'name': 'The Home Depot Canada', 'key': 'hd', 'logo': '/build/images/static/logo.8eb14c19.png', 'icon': '/build/images/static/logo.8eb14c19.png'}",,https://homedepot.wd5.myworkdayjobs.com/CareerDepotCanada/job/BRITISH-COLUMBIA---VIRTUAL---BC01/Certified-Heavy-Equipment-Mechanic--Located-in-VANCOUVER_Req188690/apply?source=Careers.Homedepot.ca
Req188692,Lead Rental Technician (1-Year Contract) BC Market,BC - Virtual,Virtual,British Columbia,Full Time,$28.00 - $31.00,1785530272,"{'name': 'The Home Depot Canada', 'key': 'hd', 'logo': '/build/images/static/logo.8eb14c19.png', 'icon': '/build/images/static/logo.8eb14c19.png'}",,https://homedepot.wd5.myworkdayjobs.com/CareerDepotCanada/job/BRITISH-COLUMBIA---VIRTUAL---BC01/Lead-Rental-Technician--1-Year-Contract--BC-Market_Req188692/apply?source=Careers.Homedepot.ca
Req188687,Certified Heavy Equipment Mechanic & Lead Rental Technician : Vancouver Multi-Sites,BC - Virtual,Virtual,British Columbia,Other,$21 - $23,1785570044,"{'name': 'The Home Depot Canada', 'key': 'hd', 'logo': '/build/images/static/logo.8eb14c19.png', 'icon': '/build/images/static/logo.8eb14c19.png'}",,https://homedepot.wd5.myworkdayjobs.com/CareerDepotCanada/job/BRITISH-COLUMBIA---VIRTUAL---BC01/Certified-Heavy-Equipment-Mechanic---Lead-Rental-Technician---Vancouver-Multi-Sites_Req188687/apply?source=Careers.Homedepot.ca
Req186922,Overnight Freight Associate Part Time - 7258 Lloydminster,AB - Lloydminster,Lloydminster,Alberta,Part Time,,1785494246,"{'name': 'The Home Depot Canada', 'key': 'hd', 'logo': '/build/images/static/logo.8eb14c19.png', 'icon': '/build/images/static/logo.8eb14c19.png'}",,https://homedepot.wd5.myworkdayjobs.com/CareerDepotCanada/job/LLOYDMINSTER-STORE---7258/Overnight-Freight-Associate-Part-Time---7258-Lloydminster_Req186922/apply?source=Careers.Homedepot.ca
Req184739,Special Services Associate Part-Time - 7258 Lloydminster,AB - Lloydminster,Lloydminster,Alberta,Part Time,,1785505055,"{'name': 'The Home Depot Canada', 'key': 'hd', 'logo': '/build/images/static/logo.8eb14c19.png', 'icon': '/build/images/static/logo.8eb14c19.png'}",,https://homedepot.wd5.myworkdayjobs.com/CareerDepotCanada/job/LLOYDMINSTER-STORE---7258/Special-Services-Associate-Part-Time---7258-Lloydminster_Req184739/apply?source=Careers.Homedepot.ca
Req183340,Lot Associate Part-Time - 7258 Lloydminster,AB - Lloydminster,Lloydminster,Alberta,Part Time,,1785505055,"{'name': 'The Home Depot Canada', 'key': 'hd', 'logo': '/build/images/static/logo.8eb14c19.png', 'icon': '/build/images/static/logo.8eb14c19.png'}",,https://homedepot.wd5.myworkdayjobs.com/CareerDepotCanada/job/LLOYDMINSTER-STORE---7258/Lot-Associate-Part-Time---7258-Lloydminster_Req183340/apply?source=Careers.Homedepot.ca
Req185714,Front End Associate Part-Time - 7170 Lethbridge,AB - Lethbridge,Lethbridge,Alberta,Part Time,,1785490642,"{'name': 'The Home Depot Canada', 'key': 'hd', 'logo': '/build/images/static/logo.8eb14c19.png', 'icon': '/build/images/static/logo.8eb14c19.png'}",,https://homedepot.wd5.myworkdayjobs.com/CareerDepotCanada/job/LETHBRIDGE-STORE---7170/Front-End-Associate-Part-Time---7170-Lethbridge_Req185714/apply?source=Careers.Homedepot.ca
Req187974,Overnight Freight Associate: Part Time - OKOTOKS,AB - Okotoks,Okotoks,Alberta,Part Time,,1784939875,"{'name': 'The Home Depot Canada', 'key': 'hd', 'logo': '/build/images/static/logo.8eb14c19.png', 'icon': '/build/images/static/logo.8eb14c19.png'}",,https://homedepot.wd5.myworkdayjobs.com/CareerDepotCanada/job/OKOTOKS-STORE---7223/Overnight-Freight-Associate--Part-Time---OKOTOKS_Req187974/apply?source=Careers.Homedepot.ca
Req188387,DC Ops Planning Manager- West 6 Month Contract,AB - Calgary,Calgary,Alberta,Full Time,,1785350252,"{'name': 'The Home Depot Canada', 'key': 'hd', 'logo': '/build/images/static/logo.8eb14c19.png', 'icon': '/build/images/static/logo.8eb14c19.png'}",,https://homedepot.wd5.myworkdayjobs.com/CareerDepotCanada/job/CALGARY-STOCK--FLOW-CAMPUS---7279/DC-Ops-Planning-Manager--West-6-Month-Contract_Req188387/apply?source=Careers.Homedepot.ca
Req187713,Merchandising Associate : Part Time - MCKENZIE (MON-FRI 6AM-3PM),AB - Calgary,Calgary,Alberta,Part Time,,1784914646,"{'name': 'The Home Depot Canada', 'key': 'hd', 'logo': '/build/images/static/logo.8eb14c19.png', 'icon': '/build/images/static/logo.8eb14c19.png'}",,https://homedepot.wd5.myworkdayjobs.com/CareerDepotCanada/job/CALGARY-SOUTHEAST-STORE---7082/Merchandising-Associate-Part-Time----CALGARY-SOUTH-EAST_Req187713/apply?source=Careers.Homedepot.ca
Req188087,Overnight Order Picker: Part Time - CALGARY SOUTHEAST,AB - Calgary,Calgary,Alberta,Part Time,,1785177447,"{'name': 'The Home Depot Canada', 'key': 'hd', 'logo': '/build/images/static/logo.8eb14c19.png', 'icon': '/build/images/static/logo.8eb14c19.png'}",,https://homedepot.wd5.myworkdayjobs.com/CareerDepotCanada/job/CALGARY-SOUTHEAST-STORE---7082/Overnight-Order-Picker--Part-Time---CALGARY-SOUTHEAST_Req188087/apply?source=Careers.Homedepot.ca
Req187964,Head Cashier Part Time - 7065 South Common,AB - Edmonton,Edmonton,Alberta,Part Time,,1785163042,"{'name': 'The Home Depot Canada', 'key': 'hd', 'logo': '/build/images/static/logo.8eb14c19.png', 'icon': '/build/images/static/logo.8eb14c19.png'}",,https://homedepot.wd5.myworkdayjobs.com/CareerDepotCanada/job/SOUTH-COMMON-STORE---7065/Head-Cashier-Part-Time---7065-South-Common_Req187964/apply?source=Careers.Homedepot.ca
Req187960,Head Cashier Full Time - 7065 South Common,AB - Edmonton,Edmonton,Alberta,Full Time,,1785195444,"{'name': 'The Home Depot Canada', 'key': 'hd', 'logo': '/build/images/static/logo.8eb14c19.png', 'icon': '/build/images/static/logo.8eb14c19.png'}",,https://homedepot.wd5.myworkdayjobs.com/CareerDepotCanada/job/SOUTH-COMMON-STORE---7065/Head-Cashier-Full-Time---7065-South-Common_Req187960/apply?source=Careers.Homedepot.ca
Req188159,Receiving Associate Part Time - 7065 South Common,AB - Edmonton,Edmonton,Alberta,Part Time,,1785249440,"{'name': 'The Home Depot Canada', 'key': 'hd', 'logo': '/build/images/static/logo.8eb14c19.png', 'icon': '/build/images/static/logo.8eb14c19.png'}",,https://homedepot.wd5.myworkdayjobs.com/CareerDepotCanada/job/SOUTH-COMMON-STORE---7065/Receiving-Associate-Part-Time---7065-South-Common_Req188159/apply?source=Careers.Homedepot.ca
Req188157,Head Cashier Full Time - 7065 South Common,AB - Edmonton,Edmonton,Alberta,Full Time,,1785249440,"{'name': 'The Home Depot Canada', 'key': 'hd', 'logo': '/build/images/static/logo.8eb14c19.png', 'icon': '/build/images/static/logo.8eb14c19.png'}",,https://homedepot.wd5.myworkdayjobs.com/CareerDepotCanada/job/SOUTH-COMMON-STORE---7065/Head-Cashier-Full-Time---7065-South-Common_Req188157/apply?source=Careers.Homedepot.ca
Req188100,Overnight Freight Associate Part Time - 7065 South Common,AB - Edmonton,Edmonton,Alberta,Part Time,,1785253048,"{'name': 'The Home Depot Canada', 'key': 'hd', 'logo': '/build/images/static/logo.8eb14c19.png', 'icon': '/build/images/static/logo.8eb14c19.png'}",,https://homedepot.wd5.myworkdayjobs.com/CareerDepotCanada/job/SOUTH-COMMON-STORE---7065/Overnight-Freight-Associate-Part-Time---7065--South-Common_Req188100/apply?source=Careers.Homedepot.ca
Req188102,Order Picker Part Time - 7065 South Common,AB - Edmonton,Edmonton,Alberta,Part Time,,1785253048,"{'name': 'The Home Depot Canada', 'key': 'hd', 'logo': '/build/images/static/logo.8eb14c19.png', 'icon': '/build/images/static/logo.8eb14c19.png'}",,https://homedepot.wd5.myworkdayjobs.com/CareerDepotCanada/job/SOUTH-COMMON-STORE---7065/Order-Picker-Part-Time---7065-South-Common_Req188102/apply?source=Careers.Homedepot.ca
Req188346,Customer Experience Manager : 3 Month Contract (SOUTH COMMON),AB - Edmonton,Edmonton,Alberta,Full Time,,1785544651,"{'name': 'The Home Depot Canada', 'key': 'hd', 'logo': '/build/images/static/logo.8eb14c19.png', 'icon': '/build/images/static/logo.8eb14c19.png'}",,https://homedepot.wd5.myworkdayjobs.com/CareerDepotCanada/job/SOUTH-COMMON-STORE---7065/Customer-Experience-Manager---3-Month-Contract--SOUTH-COMMON-_Req188346/apply?source=Careers.Homedepot.ca
Req188485,Merchandising Execution Associate : Part Time - MARLBOROUGH (Mon-Fri 6AM-3PM Availability),AB - Calgary,Calgary,Alberta,Part Time,,1785429992,"{'name': 'The Home Depot Canada', 'key': 'hd', 'logo': '/build/images/static/logo.8eb14c19.png', 'icon': '/build/images/static/logo.8eb14c19.png'}",,https://homedepot.wd5.myworkdayjobs.com/CareerDepotCanada/job/MARLBOROUGH-STORE---7061/Merchandising-Execution-Associate---Part-Time---MARLBOROUGH--Mon-Fri-6AM-3PM-Availability-_Req188485/apply?source=Careers.Homedepot.ca
Req188734,Lumber Sales Associate: Part Time - MARLBOROUGH,AB - Calgary,Calgary,Alberta,Part Time,,1785537445,"{'name': 'The Home Depot Canada', 'key': 'hd', 'logo': '/build/images/static/logo.8eb14c19.png', 'icon': '/build/images/static/logo.8eb14c19.png'}",,https://homedepot.wd5.myworkdayjobs.com/CareerDepotCanada/job/MARLBOROUGH-STORE---7061/Lumber-Sales-Associate--Part-Time----MARLBOROUGH_Req188734/apply?source=Careers.Homedepot.ca
Req188591,Merchandising Execution Associate Part Time - 7131 Red Deer,AB - Red Deer,Red Deer,Alberta,Part Time,,1785530272,"{'name': 'The Home Depot Canada', 'key': 'hd', 'logo': '/build/images/static/logo.8eb14c19.png', 'icon': '/build/images/static/logo.8eb14c19.png'}",,https://homedepot.wd5.myworkdayjobs.com/CareerDepotCanada/job/RED-DEER-STORE---7131/Merchandising-Execution-Associate-Part-Time---7131-Red-Deer_Req188591/apply?source=Careers.Homedepot.ca
Req188153,LOT Associate: Part Time - AIRDRIE,AB - Airdrie,Airdrie,Alberta,Part Time,,1785188250,"{'name': 'The Home Depot Canada', 'key': 'hd', 'logo': '/build/images/static/logo.8eb14c19.png', 'icon': '/build/images/static/logo.8eb14c19.png'}",,https://homedepot.wd5.myworkdayjobs.com/CareerDepotCanada/job/AIRDRIE-STORE---7254/LOT-Associate--Part-Time---AIRDRIE_Req188153/apply?source=Careers.Homedepot.ca
Req185874,Receiving Associate : Full Time - AIRDRIE,AB - Airdrie,Airdrie,Alberta,Full Time,,1785429992,"{'name': 'The Home Depot Canada', 'key': 'hd', 'logo': '/build/images/static/logo.8eb14c19.png', 'icon': '/build/images/static/logo.8eb14c19.png'}",,https://homedepot.wd5.myworkdayjobs.com/CareerDepotCanada/job/AIRDRIE-STORE---7254/Receiving-Associate---Full-Time--_Req185874/apply?source=Careers.Homedepot.ca
Req188698,Lumber Sales Associate - Part Time - AIRDRIE,AB - Airdrie,Airdrie,Alberta,Part Time,,1785537445,"{'name': 'The Home Depot Canada', 'key': 'hd', 'logo': '/build/images/static/logo.8eb14c19.png', 'icon': '/build/images/static/logo.8eb14c19.png'}",,https://homedepot.wd5.myworkdayjobs.com/CareerDepotCanada/job/AIRDRIE-STORE---7254/Lumber-Sales-Associate---Part-Time---AIRDRIE_Req188698/apply?source=Careers.Homedepot.ca
Req186927,Overnight Freight Associate: Part Time - SHAWNESSY,AB - Calgary,Calgary,Alberta,Part Time,,1785436648,"{'name': 'The Home Depot Canada', 'key': 'hd', 'logo': '/build/images/static/logo.8eb14c19.png', 'icon': '/build/images/static/logo.8eb14c19.png'}",,https://homedepot.wd5.myworkdayjobs.com/CareerDepotCanada/job/SHAWNESSY-STORE---7067/Overnight-Freight-Associate--Part-Time---SHAWNESSY_Req186927/apply?source=Careers.Homedepot.ca
Req188108,Merchandising Execution Associate Part-Time - 7227 Westmount,AB - Edmonton,Edmonton,Alberta,Part Time,,1785253048,"{'name': 'The Home Depot Canada', 'key': 'hd', 'logo': '/build/images/static/logo.8eb14c19.png', 'icon': '/build/images/static/logo.8eb14c19.png'}",,https://homedepot.wd5.myworkdayjobs.com/CareerDepotCanada/job/EDMONTON-WESTMOUNT-STORE---7227/Merchandising-Execution-Associate-Part-Time---7227-Westmount_Req188108/apply?source=Careers.Homedepot.ca
Req183963,Merchandising Execution Associate: Part Time Temp - CHINOOK (Mon-Fri 6AM-3PM),AB - Calgary,Calgary,Alberta,Part Time,,1784831851,"{'name': 'The Home Depot Canada', 'key': 'hd', 'logo': '/build/images/static/logo.8eb14c19.png', 'icon': '/build/images/static/logo.8eb14c19.png'}",,https://homedepot.wd5.myworkdayjobs.com/CareerDepotCanada/job/CHINOOK-STORE---7063/Merchandising-Execution-Associate--Part-Time-Temp---CHINOOK_Req183963/apply?source=Careers.Homedepot.ca
Req181541,Order Picker : Part Time - CHINOOK,AB - Calgary,Calgary,Alberta,Part Time,,1785429991,"{'name': 'The Home Depot Canada', 'key': 'hd', 'logo': '/build/images/static/logo.8eb14c19.png', 'icon': '/build/images/static/logo.8eb14c19.png'}",,https://homedepot.wd5.myworkdayjobs.com/CareerDepotCanada/job/CHINOOK-STORE---7063/Order-Picker---Part-Time---CHINOOK_Req181541/apply?source=Careers.Homedepot.ca
Req186198,Lumber Sales Associate : Part Time - Country Hills,AB - Calgary,Calgary,Alberta,Part Time,,1784825185,"{'name': 'The Home Depot Canada', 'key': 'hd', 'logo': '/build/images/static/logo.8eb14c19.png', 'icon': '/build/images/static/logo.8eb14c19.png'}",,https://homedepot.wd5.myworkdayjobs.com/CareerDepotCanada/job/COUNTRY-HILLS-STORE---7111/Lumber-Sales-Associate---Part-Time---Country-Hills_Req186198-1/apply?source=Careers.Homedepot.ca
Req187857,Overnight Freight Team Associate : Part Time - NORTH HILL,AB - Calgary,Calgary,Alberta,Part Time,,1785429991,"{'name': 'The Home Depot Canada', 'key': 'hd', 'logo': '/build/images/static/logo.8eb14c19.png', 'icon': '/build/images/static/logo.8eb14c19.png'}",,https://homedepot.wd5.myworkdayjobs.com/CareerDepotCanada/job/CALGARY-NORTH-HILL-STORE---7037/Overnight-Freight-Team-Associate---Part-Time---NORTH-HILL_Req187857/apply?source=Careers.Homedepot.ca
Req187120,Hardware Sales Associate: Part Time - NORTH HILL,AB - Calgary,Calgary,Alberta,Part Time,,1785429992,"{'name': 'The Home Depot Canada', 'key': 'hd', 'logo': '/build/images/static/logo.8eb14c19.png', 'icon': '/build/images/static/logo.8eb14c19.png'}",,https://homedepot.wd5.myworkdayjobs.com/CareerDepotCanada/job/CALGARY-NORTH-HILL-STORE---7037/Hardware-Sales-Associate--Part-Time---NORTH-HILL_Req187120/apply?source=Careers.Homedepot.ca
Req188721,Service Desk Associate: Part Time - NORTH HILLS,AB - Calgary,Calgary,Alberta,Part Time,,1785537445,"{'name': 'The Home Depot Canada', 'key': 'hd', 'logo': '/build/images/static/logo.8eb14c19.png', 'icon': '/build/images/static/logo.8eb14c19.png'}",,https://homedepot.wd5.myworkdayjobs.com/CareerDepotCanada/job/CALGARY-NORTH-HILL-STORE---7037/Service-Desk-Associate--Part-Time---NORTH-HILLS_Req188721-1/apply?source=Careers.Homedepot.ca
Req188167,Tool Rental Technician Full Time - 7064 Westend,AB - Edmonton,Edmonton,Alberta,Full Time,,1785249440,"{'name': 'The Home Depot Canada', 'key': 'hd', 'logo': '/build/images/static/logo.8eb14c19.png', 'icon': '/build/images/static/logo.8eb14c19.png'}",,https://homedepot.wd5.myworkdayjobs.com/CareerDepotCanada/job/WESTEND-STORE---7064/Tool-Rental-Technician-Full-Time---7064-Westend_Req188167/apply?source=Careers.Homedepot.ca
Req188347,Store Human Resources Manager : 12 Month Contract (WESTEND),AB - Edmonton,Edmonton,Alberta,Full Time,,1785544651,"{'name': 'The Home Depot Canada', 'key': 'hd', 'logo': '/build/images/static/logo.8eb14c19.png', 'icon': '/build/images/static/logo.8eb14c19.png'}",,https://homedepot.wd5.myworkdayjobs.com/CareerDepotCanada/job/WESTEND-STORE---7064/Store-Human-Resources-Manager---12-Month-Contract--WESTEND-_Req188347/apply?source=Careers.Homedepot.ca
Req188081,Sales Associate Part-Time - 7050 Spruce Grove,AB - Spruce Grove,Spruce Grove,Alberta,Part Time,,1785199069,"{'name': 'The Home Depot Canada', 'key': 'hd', 'logo': '/build/images/static/logo.8eb14c19.png', 'icon': '/build/images/static/logo.8eb14c19.png'}",,https://homedepot.wd5.myworkdayjobs.com/CareerDepotCanada/job/SPRUCE-GROVE-STORE---7050/Sales-Associate--Part-Time---7050-Spruce-Grove_Req188081/apply?source=Careers.Homedepot.ca
Req188369,Paint Sales Associate Part-Time - 7255 Cranbrook,BC - Cranbrook,Cranbrook,British Columbia,Part Time,$18.9 - $19.9,1785339450,"{'name': 'The Home Depot Canada', 'key': 'hd', 'logo': '/build/images/static/logo.8eb14c19.png', 'icon': '/build/images/static/logo.8eb14c19.png'}",,https://homedepot.wd5.myworkdayjobs.com/CareerDepotCanada/job/CRANBROOK-STORE---7255/Paint-Sales-Associate-Part-Time---7255-Cranbrook_Req188369-1/apply?source=Careers.Homedepot.ca
Req187602,Lot Associate : Part Time - KELOWNA,BC - Kelowna,Kelowna,British Columbia,Part Time,$19.15 - $20.15,1784680647,"{'name': 'The Home Depot Canada', 'key': 'hd', 'logo': '/build/images/static/logo.8eb14c19.png', 'icon': '/build/images/static/logo.8eb14c19.png'}",,https://homedepot.wd5.myworkdayjobs.com/CareerDepotCanada/job/KELOWNA-STORE---7032/Lot-Associate---Part-Time---KELOWNA_Req187602/apply?source=Careers.Homedepot.ca
Req188171,Kitchen Designer: Full Time - CHILLIWACK,BC - Chilliwack,Chilliwack,British Columbia,Full Time,$22.05 - $24.05,1785249440,"{'name': 'The Home Depot Canada', 'key': 'hd', 'logo': '/build/images/static/logo.8eb14c19.png', 'icon': '/build/images/static/logo.8eb14c19.png'}",,https://homedepot.wd5.myworkdayjobs.com/CareerDepotCanada/job/CHILLIWACK-STORE---7273/Kitchen-Designer_Req188171/apply?source=Careers.Homedepot.ca
Req187237,Service Desk Associate- Part Time - CHILLIWACK,BC - Chilliwack,Chilliwack,British Columbia,Part Time,$20.4 - $22.15,1785429991,"{'name': 'The Home Depot Canada', 'key': 'hd', 'logo': '/build/images/static/logo.8eb14c19.png', 'icon': '/build/images/static/logo.8eb14c19.png'}",,https://homedepot.wd5.myworkdayjobs.com/CareerDepotCanada/job/CHILLIWACK-STORE---7273/Service-Desk-Associate--Part-Time---CHILLIWACK_Req187237/apply?source=Careers.Homedepot.ca
Req187235,Cashier: Part Time - CHILLIWACK,BC - Chilliwack,Chilliwack,British Columbia,Part Time,$18.9 - $19.9,1785429992,"{'name': 'The Home Depot Canada', 'key': 'hd', 'logo': '/build/images/static/logo.8eb14c19.png', 'icon': '/build/images/static/logo.8eb14c19.png'}",,https://homedepot.wd5.myworkdayjobs.com/CareerDepotCanada/job/CHILLIWACK-STORE---7273/Cashier--Part-Time---CHILLIWACK_Req187235/apply?source=Careers.Homedepot.ca
Req187842,Overnight Freight Team Supervisor : Full Time - PRINCE GEORGE,BC - Prince George,Prince George,British Columbia,Full Time,$23.8 - $26.05,1784849883,"{'name': 'The Home Depot Canada', 'key': 'hd', 'logo': '/build/images/static/logo.8eb14c19.png', 'icon': '/build/images/static/logo.8eb14c19.png'}",,https://homedepot.wd5.myworkdayjobs.com/CareerDepotCanada/job/PRINCE-GEORGE-STORE---7171/Overnight-Freight-Team-Supervisor---Full-Time---PRINCE-GEORGE_Req187842-1/apply?source=Careers.Homedepot.ca
Req186098,Seasonal Sales Associate : Full Time - Prince George,BC - Prince George,Prince George,British Columbia,Full Time,$18.9 - $19.9,1785436648,"{'name': 'The Home Depot Canada', 'key': 'hd', 'logo': '/build/images/static/logo.8eb14c19.png', 'icon': '/build/images/static/logo.8eb14c19.png'}",,https://homedepot.wd5.myworkdayjobs.com/CareerDepotCanada/job/PRINCE-GEORGE-STORE---7171/Seasonal-Sales-Associate---Full-Time---Prince-George_Req186098/apply?source=Careers.Homedepot.ca
Req186030,Lumber Sales Associate: Full Time - PRINCE GEORGE,BC - Prince George,Prince George,British Columbia,Full Time,$18.9 - $19.9,1785436648,"{'name': 'The Home Depot Canada', 'key': 'hd', 'logo': '/build/images/static/logo.8eb14c19.png', 'icon': '/build/images/static/logo.8eb14c19.png'}",,https://homedepot.wd5.myworkdayjobs.com/CareerDepotCanada/job/PRINCE-GEORGE-STORE---7171/Lumber-Sales-Associate--Full-Time---PRINCE-GEORGE_Req186030/apply?source=Careers.Homedepot.ca
Req187199,Order Picking Associate: Part Time - PORT COQUITLAM,BC - Port Coquitlam,Port Coquitlam,British Columbia,Part Time,$20.4 - $22.15,1785436648,"{'name': 'The Home Depot Canada', 'key': 'hd', 'logo': '/build/images/static/logo.8eb14c19.png', 'icon': '/build/images/static/logo.8eb14c19.png'}",,https://homedepot.wd5.myworkdayjobs.com/CareerDepotCanada/job/PORT-COQUITLAM-STORE---7145/Order-Picking-Associate--Part-Time---PORT-COQUITLAM_Req187199/apply?source=Careers.Homedepot.ca
Req188185,Lot Associate: Part Time - COQUITLAM,BC - Coquitlam,Coquitlam,British Columbia,Part Time,$18.9 - $19.9,1785253048,"{'name': 'The Home Depot Canada', 'key': 'hd', 'logo': '/build/images/static/logo.8eb14c19.png', 'icon': '/build/images/static/logo.8eb14c19.png'}",,https://homedepot.wd5.myworkdayjobs.com/CareerDepotCanada/job/COQUITLAM-STORE---7045/Lot-Associate--Part-Time---COQUITLAM_Req188185/apply?source=Careers.Homedepot.ca
Req188580,Receiving Associate: Part Time - STRAWBERRY HILL,BC - Surrey,Surrey,British Columbia,Part Time,$20.4 - $22.15,1785443853,"{'name': 'The Home Depot Canada', 'key': 'hd', 'logo': '/build/images/static/logo.8eb14c19.png', 'icon': '/build/images/static/logo.8eb14c19.png'}",,https://homedepot.wd5.myworkdayjobs.com/CareerDepotCanada/job/SOUTH-SURREY-STORE---7044/Receiving-Associate--Part-Time---STRAWBERRY-HILL_Req188580/apply?source=Careers.Homedepot.ca
Req186688,Merchandising Associate: Part Time - SQUAMISH,BC - Squamish,Squamish,British Columbia,Part Time,$18.75 - $20.25,1784825185,"{'name': 'The Home Depot Canada', 'key': 'hd', 'logo': '/build/images/static/logo.8eb14c19.png', 'icon': '/build/images/static/logo.8eb14c19.png'}",,https://homedepot.wd5.myworkdayjobs.com/CareerDepotCanada/job/SQUAMISH-STORE---7053/Merchandising-Associate--Part-Time---SQUAMISH_Req186688/apply?source=Careers.Homedepot.ca
Req187092,Merchandising Execution Project Associate: Full Time - SQUAMISH,BC - Squamish,Squamish,British Columbia,Full Time,$20.25 - $22.00,1785436648,"{'name': 'The Home Depot Canada', 'key': 'hd', 'logo': '/build/images/static/logo.8eb14c19.png', 'icon': '/build/images/static/logo.8eb14c19.png'}",,https://homedepot.wd5.myworkdayjobs.com/CareerDepotCanada/job/SQUAMISH-STORE---7053/Merchandising-Execution-Project-Associate--Full-Time---SQUAMISH_Req187092/apply?source=Careers.Homedepot.ca
Req187382,Kitchen and Bath Sales Associate: Part Time - SQUAMISH,BC - Squamish,Squamish,British Columbia,Part Time,$18.75 - $19.75,1785436648,"{'name': 'The Home Depot Canada', 'key': 'hd', 'logo': '/build/images/static/logo.8eb14c19.png', 'icon': '/build/images/static/logo.8eb14c19.png'}",,https://homedepot.wd5.myworkdayjobs.com/CareerDepotCanada/job/SQUAMISH-STORE---7053/Kitchen-and-Bath-Sales-Associate--Part-Time---SQUAMISH_Req187382/apply?source=Careers.Homedepot.ca
Req188325,Merchandising Execution Associate : Part Time (TEMP) - TERMINAL - (Mon-Fri 6AM-3PM),BC - Vancouver Terminal,Vancouver Terminal,British Columbia,Part Time,$19.15 - $20.65,1785425842,"{'name': 'The Home Depot Canada', 'key': 'hd', 'logo': '/build/images/static/logo.8eb14c19.png', 'icon': '/build/images/static/logo.8eb14c19.png'}",,https://homedepot.wd5.myworkdayjobs.com/CareerDepotCanada/job/VANCOUVER-STORE---7042/Merchandising-Execution-Associate---Part-Time--TEMP----TERMINAL----Mon-Fri-6AM-3PM-_Req188325/apply?source=Careers.Homedepot.ca
Req188486,Overnight Freight Associate : Part Time - TERMINAL,BC - Vancouver Terminal,Vancouver Terminal,British Columbia,Part Time,$20.7 - $22.45,1785429991,"{'name': 'The Home Depot Canada', 'key': 'hd', 'logo': '/build/images/static/logo.8eb14c19.png', 'icon': '/build/images/static/logo.8eb14c19.png'}",,https://homedepot.wd5.myworkdayjobs.com/CareerDepotCanada/job/VANCOUVER-STORE---7042/Overnight-Freight-Associate---Part-Time---TERMINAL_Req188486/apply?source=Careers.Homedepot.ca
Req182674,Asset Protection Specialist: Full Time- Vancouver Terminal,BC - Vancouver Terminal,Vancouver Terminal,British Columbia,Full Time,$22.35 - $24.35,1785440250,"{'name': 'The Home Depot Canada', 'key': 'hd', 'logo': '/build/images/static/logo.8eb14c19.png', 'icon': '/build/images/static/logo.8eb14c19.png'}",,https://homedepot.wd5.myworkdayjobs.com/CareerDepotCanada/job/VANCOUVER-STORE---7042/Asset-Protection-Specialist--Full-Time---Vancouver-Terminal_Req182674-1/apply?source=Careers.Homedepot.ca
Req186283,Flooring Sales Specialist: Full Time - SAANICH,BC - Saanich,Saanich,British Columbia,Full Time,$21.85 - $23.85,1784825185,"{'name': 'The Home Depot Canada', 'key': 'hd', 'logo': '/build/images/static/logo.8eb14c19.png', 'icon': '/build/images/static/logo.8eb14c19.png'}",,https://homedepot.wd5.myworkdayjobs.com/CareerDepotCanada/job/SAANICH-STORE---7055/Flooring-Sales-Specialist--Full-Time---SAANICH_Req186283/apply?source=Careers.Homedepot.ca
Req185253,Overnight Freight Associate : Full Time - SAANICH,BC - Saanich,Saanich,British Columbia,Full Time,$20.25 - $22.00,1784825185,"{'name': 'The Home Depot Canada', 'key': 'hd', 'logo': '/build/images/static/logo.8eb14c19.png', 'icon': '/build/images/static/logo.8eb14c19.png'}",,https://homedepot.wd5.myworkdayjobs.com/CareerDepotCanada/job/SAANICH-STORE---7055/Overnight-Freight-Associate---Full-Time---SAANICH_Req185253/apply?source=Careers.Homedepot.ca
Req186683,Kitchen & Bath Sales Associate: Full Time - SAANICH,BC - Saanich,Saanich,British Columbia,Full Time,$18.75 - $19.75,1784825186,"{'name': 'The Home Depot Canada', 'key': 'hd', 'logo': '/build/images/static/logo.8eb14c19.png', 'icon': '/build/images/static/logo.8eb14c19.png'}",,https://homedepot.wd5.myworkdayjobs.com/CareerDepotCanada/job/SAANICH-STORE---7055/Kitchen---Bath-Sales-Associate--Full-Time---SAANICH_Req186683/apply?source=Careers.Homedepot.ca
Req186616,Lumber & Building Materials Sales Associate: Full Time - SAANICH,BC - Saanich,Saanich,British Columbia,Full Time,$18.75 - $19.75,1784825186,"{'name': 'The Home Depot Canada', 'key': 'hd', 'logo': '/build/images/static/logo.8eb14c19.png', 'icon': '/build/images/static/logo.8eb14c19.png'}",,https://homedepot.wd5.myworkdayjobs.com/CareerDepotCanada/job/SAANICH-STORE---7055/Lumber---Building-Materials--Sales-Associate--Full-Time---SAANICH_Req186616/apply?source=Careers.Homedepot.ca
Req187137,Asset Protection Specialist: Full Time - SAANICH,BC - Saanich,Saanich,British Columbia,Full Time,$21.85 - $23.85,1785350251,"{'name': 'The Home Depot Canada', 'key': 'hd', 'logo': '/build/images/static/logo.8eb14c19.png', 'icon': '/build/images/static/logo.8eb14c19.png'}",,https://homedepot.wd5.myworkdayjobs.com/CareerDepotCanada/job/SAANICH-STORE---7055/Asset-Protection-Specialist--Full-Time---SAANICH_Req187137/apply?source=Careers.Homedepot.ca
Req187165,Plumbing/Electrical Associate: Part Time - SAANICH,BC - Saanich,Saanich,British Columbia,Part Time,$18.75 - $19.75,1785350252,"{'name': 'The Home Depot Canada', 'key': 'hd', 'logo': '/build/images/static/logo.8eb14c19.png', 'icon': '/build/images/static/logo.8eb14c19.png'}",,https://homedepot.wd5.myworkdayjobs.com/CareerDepotCanada/job/SAANICH-STORE---7055/Plumbing-Electrical-Associate--Part-Time---SAANICH_Req187165/apply?source=Careers.Homedepot.ca
Req186859,Department Supervisor : Full Time - SAANICH,BC - Saanich,Saanich,British Columbia,Full Time,$23.60 - $25.85,1785436647,"{'name': 'The Home Depot Canada', 'key': 'hd', 'logo': '/build/images/static/logo.8eb14c19.png', 'icon': '/build/images/static/logo.8eb14c19.png'}",,https://homedepot.wd5.myworkdayjobs.com/CareerDepotCanada/job/SAANICH-STORE---7055/Department-Supervisor---Full-Time---SAANICH_Req186859/apply?source=Careers.Homedepot.ca
Req188615,Merchandising Execution Associate: Part Time - SAANICH,BC - Saanich,Saanich,British Columbia,Part Time,$18.75 - $20.25,1785508649,"{'name': 'The Home Depot Canada', 'key': 'hd', 'logo': '/build/images/static/logo.8eb14c19.png', 'icon': '/build/images/static/logo.8eb14c19.png'}",,https://homedepot.wd5.myworkdayjobs.com/CareerDepotCanada/job/SAANICH-STORE---7055/Merchandising-Execution-Associate--Part-Time---SAANICH_Req188615/apply?source=Careers.Homedepot.ca
Req183705,Order Picker: Part Time - LANGFORD,BC - Victoria,Victoria,British Columbia,Part Time,$20.4 - $22.15,1784936243,"{'name': 'The Home Depot Canada', 'key': 'hd', 'logo': '/build/images/static/logo.8eb14c19.png', 'icon': '/build/images/static/logo.8eb14c19.png'}",,https://homedepot.wd5.myworkdayjobs.com/CareerDepotCanada/job/VICTORIA-STORE---7074/Day-time-Order-Picker--Part-Time---LANGFORD_Req183705/apply?source=Careers.Homedepot.ca
Req188111,Lumber Sales Associate: Full Time - LANGFORD,BC - Victoria,Victoria,British Columbia,Full Time,$18.9 - $19.9,1785188250,"{'name': 'The Home Depot Canada', 'key': 'hd', 'logo': '/build/images/static/logo.8eb14c19.png', 'icon': '/build/images/static/logo.8eb14c19.png'}",,https://homedepot.wd5.myworkdayjobs.com/CareerDepotCanada/job/VICTORIA-STORE---7074/Lumber-Sales-Associate--Full-Time---LANGFORD_Req188111-1/apply?source=Careers.Homedepot.ca
Req188176,Head Cashier: Full Time - LANGFORD,BC - Victoria,Victoria,British Columbia,Full Time,$20.4 - $22.15,1785199069,"{'name': 'The Home Depot Canada', 'key': 'hd', 'logo': '/build/images/static/logo.8eb14c19.png', 'icon': '/build/images/static/logo.8eb14c19.png'}",,https://homedepot.wd5.myworkdayjobs.com/CareerDepotCanada/job/VICTORIA-STORE---7074/Head-Cashier--Full-Time---LANGFORD_Req188176/apply?source=Careers.Homedepot.ca
Req188184,Garden Associate: Full Time - LANGFORD,BC - Victoria,Victoria,British Columbia,Full Time,$18.9 - $19.9,1785199069,"{'name': 'The Home Depot Canada', 'key': 'hd', 'logo': '/build/images/static/logo.8eb14c19.png', 'icon': '/build/images/static/logo.8eb14c19.png'}",,https://homedepot.wd5.myworkdayjobs.com/CareerDepotCanada/job/VICTORIA-STORE---7074/Garden-Associate--Full-Time---LANGFORD_Req188184-1/apply?source=Careers.Homedepot.ca
Req181806,Electrical and Plumbing Sales Associate: Full Time - LANGFORD,BC - Victoria,Victoria,British Columbia,Full Time,$18.9 - $19.9,1785440250,"{'name': 'The Home Depot Canada', 'key': 'hd', 'logo': '/build/images/static/logo.8eb14c19.png', 'icon': '/build/images/static/logo.8eb14c19.png'}",,https://homedepot.wd5.myworkdayjobs.com/CareerDepotCanada/job/VICTORIA-STORE---7074/Electrical-and-Plumbing-Sales--Associate--Full-Time---LANGFORD_Req181806/apply?source=Careers.Homedepot.ca
Req184513,Overnight Freight Team Associate: Full Time - LANGFORD,BC - Victoria,Victoria,British Columbia,Full Time,$20.4 - $22.15,1785440250,"{'name': 'The Home Depot Canada', 'key': 'hd', 'logo': '/build/images/static/logo.8eb14c19.png', 'icon': '/build/images/static/logo.8eb14c19.png'}",,https://homedepot.wd5.myworkdayjobs.com/CareerDepotCanada/job/VICTORIA-STORE---7074/Overnight-Freight-Team-Associate--Full-Time---LANGFORD_Req184513/apply?source=Careers.Homedepot.ca
Req179186,Overnight Freight Team Associate : Part Time - LANGFORD,BC - Victoria,Victoria,British Columbia,Part Time,$20.4 - $22.15,1785440251,"{'name': 'The Home Depot Canada', 'key': 'hd', 'logo': '/build/images/static/logo.8eb14c19.png', 'icon': '/build/images/static/logo.8eb14c19.png'}",,https://homedepot.wd5.myworkdayjobs.com/CareerDepotCanada/job/VICTORIA-STORE---7074/Overnight-Freight-Team-Associate---Part-Time---LANGFORD_Req179186-1/apply?source=Careers.Homedepot.ca
Req183455,Lot Associate: Part Time - DUNCAN,BC - Duncan,Duncan,British Columbia,Part Time,$18.9 - $19.9,1785173856,"{'name': 'The Home Depot Canada', 'key': 'hd', 'logo': '/build/images/static/logo.8eb14c19.png', 'icon': '/build/images/static/logo.8eb14c19.png'}",,https://homedepot.wd5.myworkdayjobs.com/CareerDepotCanada/job/DUNCAN-STORE---7272/Lot-Associate--Part-Time---DUNCAN_Req183455/apply?source=Careers.Homedepot.ca
Req185345,Overnight Freight Team Associate: Full Time,BC - Duncan,Duncan,British Columbia,Full Time,$20.4 - $22.15,1785436648,"{'name': 'The Home Depot Canada', 'key': 'hd', 'logo': '/build/images/static/logo.8eb14c19.png', 'icon': '/build/images/static/logo.8eb14c19.png'}",,https://homedepot.wd5.myworkdayjobs.com/CareerDepotCanada/job/DUNCAN-STORE---7272/Overnight-Freight-Team-Associate--Full-Time_Req185345/apply?source=Careers.Homedepot.ca
Req182533,Garden Department Supervisor: Full Time - NANAIMO,BC - Nanaimo,Nanaimo,British Columbia,Full Time,$23.60 - $25.85,1784673447,"{'name': 'The Home Depot Canada', 'key': 'hd', 'logo': '/build/images/static/logo.8eb14c19.png', 'icon': '/build/images/static/logo.8eb14c19.png'}",,https://homedepot.wd5.myworkdayjobs.com/CareerDepotCanada/job/NANAIMO-STORE---7040/Garden-Department-Supervisor--Full-Time---NANAIMO_Req182533/apply?source=Careers.Homedepot.ca
Req187601,Tool Rental Sales Associate: Part Time - NANAIMO,BC - Nanaimo,Nanaimo,British Columbia,Part Time,$18.75 - $19.75,1784680647,"{'name': 'The Home Depot Canada', 'key': 'hd', 'logo': '/build/images/static/logo.8eb14c19.png', 'icon': '/build/images/static/logo.8eb14c19.png'}",,https://homedepot.wd5.myworkdayjobs.com/CareerDepotCanada/job/NANAIMO-STORE---7040/Tool-Rental-Sales-Associate--Part-Time---NANAIMO_Req187601/apply?source=Careers.Homedepot.ca
Req184152,Appliance Sales Associate: Full Time -NANAIMO,BC - Nanaimo,Nanaimo,British Columbia,Full Time,$21.85 - $23.85,1784825185,"{'name': 'The Home Depot Canada', 'key': 'hd', 'logo': '/build/images/static/logo.8eb14c19.png', 'icon': '/build/images/static/logo.8eb14c19.png'}",,https://homedepot.wd5.myworkdayjobs.com/CareerDepotCanada/job/NANAIMO-STORE---7040/Appliance-Sales-Associate--Full-Time--NANAIMO_Req184152/apply?source=Careers.Homedepot.ca
Req186810,Overnight Freight Associate: Part-time - NANAIMO,BC - Nanaimo,Nanaimo,British Columbia,Part Time,$20.25 - $22.00,1785436648,"{'name': 'The Home Depot Canada', 'key': 'hd', 'logo': '/build/images/static/logo.8eb14c19.png', 'icon': '/build/images/static/logo.8eb14c19.png'}",,https://homedepot.wd5.myworkdayjobs.com/CareerDepotCanada/job/NANAIMO-STORE---7040/Overnight-Freight-Associate---Part-time---NANAIMO_Req186810-1/apply?source=Careers.Homedepot.ca
Req188612,Cashier: Part Time - NANAIMO,BC - Nanaimo,Nanaimo,British Columbia,Part Time,$18.75 - $19.75,1785508649,"{'name': 'The Home Depot Canada', 'key': 'hd', 'logo': '/build/images/static/logo.8eb14c19.png', 'icon': '/build/images/static/logo.8eb14c19.png'}",,https://homedepot.wd5.myworkdayjobs.com/CareerDepotCanada/job/NANAIMO-STORE---7040/Cashier--Part-Time---NANAIMO_Req188612/apply?source=Careers.Homedepot.ca
Req180151,Flooring Sales Specialist : Full Time - COURTENAY,BC - Courtenay,Courtenay,British Columbia,Full Time,$22.05 - $24.05,1785436648,"{'name': 'The Home Depot Canada', 'key': 'hd', 'logo': '/build/images/static/logo.8eb14c19.png', 'icon': '/build/images/static/logo.8eb14c19.png'}",,https://homedepot.wd5.myworkdayjobs.com/CareerDepotCanada/job/COURTENAY-STORE---7177/Flooring-Sales-Specialist---Full-Time---COURTENAY_Req180151/apply?source=Careers.Homedepot.ca
Req183346,Seasonal Sales Associate: Full time - COURTENAY,BC - Courtenay,Courtenay,British Columbia,Full Time,$18.9 - $19.9,1785440250,"{'name': 'The Home Depot Canada', 'key': 'hd', 'logo': '/build/images/static/logo.8eb14c19.png', 'icon': '/build/images/static/logo.8eb14c19.png'}",,https://homedepot.wd5.myworkdayjobs.com/CareerDepotCanada/job/COURTENAY-STORE---7177/Seasonal-Sales--Associate--Full-time---COURTENAY_Req183346/apply?source=Careers.Homedepot.ca
Req183977,Plumbing Sales Associate: Full Time - COURTENAY,BC - Courtenay,Courtenay,British Columbia,Full Time,$18.9 - $19.9,1785440251,"{'name': 'The Home Depot Canada', 'key': 'hd', 'logo': '/build/images/static/logo.8eb14c19.png', 'icon': '/build/images/static/logo.8eb14c19.png'}",,https://homedepot.wd5.myworkdayjobs.com/CareerDepotCanada/job/COURTENAY-STORE---7177/Plumbing-Sales-Associate--Full-Time---COURTENAY_Req183977/apply?source=Careers.Homedepot.ca
Req188603,Paint Sales Associate : Part Time - COURTENAY,BC - Courtenay,Courtenay,British Columbia,Part Time,$18.9 - $19.9,1785458249,"{'name': 'The Home Depot Canada', 'key': 'hd', 'logo': '/build/images/static/logo.8eb14c19.png', 'icon': '/build/images/static/logo.8eb14c19.png'}",,https://homedepot.wd5.myworkdayjobs.com/CareerDepotCanada/job/COURTENAY-STORE---7177/Paint-Sales-Associate---Part-Time---COURTENAY_Req188603/apply?source=Careers.Homedepot.ca
Req183860,Cashier: Part Time - CAMPBELL RIVER,BC - Campbell River,Campbell River,British Columbia,Part Time,$18.75 - $19.75,1784825185,"{'name': 'The Home Depot Canada', 'key': 'hd', 'logo': '/build/images/static/logo.8eb14c19.png', 'icon': '/build/images/static/logo.8eb14c19.png'}",,https://homedepot.wd5.myworkdayjobs.com/CareerDepotCanada/job/CAMPBELL-RIVER-STORE---7221/Cashier--Part-Time---CAMPBELL-RIVER_Req183860/apply?source=Careers.Homedepot.ca
Req180350,Lumber & Building Materials Sales Associate : Part Time - CAMPBELL RIVER,BC - Campbell River,Campbell River,British Columbia,Part Time,$18.75 - $19.75,1784825185,"{'name': 'The Home Depot Canada', 'key': 'hd', 'logo': '/build/images/static/logo.8eb14c19.png', 'icon': '/build/images/static/logo.8eb14c19.png'}",,https://homedepot.wd5.myworkdayjobs.com/CareerDepotCanada/job/CAMPBELL-RIVER-STORE---7221/Lumber---Building-Materials-Sales-Associate---Part-Time---CAMPBELL-RIVER_Req180350/apply?source=Careers.Homedepot.ca
Req177700,Appliance Sales Associate: Part Time - CAMPBELL RIVER,BC - Campbell River,Campbell River,British Columbia,Part Time,$18.75 - $19.75,1784825185,"{'name': 'The Home Depot Canada', 'key': 'hd', 'logo': '/build/images/static/logo.8eb14c19.png', 'icon': '/build/images/static/logo.8eb14c19.png'}",,https://homedepot.wd5.myworkdayjobs.com/CareerDepotCanada/job/CAMPBELL-RIVER-STORE---7221/Appliance-Sales-Associate--Part-Time---CAMPBELL-RIVER_Req177700/apply?source=Careers.Homedepot.ca
Req183861,Special Service Desk Associate: Part Time - CAMPBELL RIVER,BC - Campbell River,Campbell River,British Columbia,Part Time,$20.25 - $22.00,1784825185,"{'name': 'The Home Depot Canada', 'key': 'hd', 'logo': '/build/images/static/logo.8eb14c19.png', 'icon': '/build/images/static/logo.8eb14c19.png'}",,https://homedepot.wd5.myworkdayjobs.com/CareerDepotCanada/job/CAMPBELL-RIVER-STORE---7221/Special-Service-Desk-Associate--Part-Time---CAMPBELL-RIVER_Req183861/apply?source=Careers.Homedepot.ca
Req186763,Tool Rental Service Technician Full Time - CAMPBELL RIVER,BC - Campbell River,Campbell River,British Columbia,Full Time,$21.85 - $23.85,1785429992,"{'name': 'The Home Depot Canada', 'key': 'hd', 'logo': '/build/images/static/logo.8eb14c19.png', 'icon': '/build/images/static/logo.8eb14c19.png'}",,https://homedepot.wd5.myworkdayjobs.com/CareerDepotCanada/job/CAMPBELL-RIVER-STORE---7221/Tool--Rental-Service-Technician-Full-Time---CAMPBELL-RIVER_Req186763/apply?source=Careers.Homedepot.ca
Req179999,Special Services Supervisor : Full Time - CAMPBELL RIVER,BC - Campbell River,Campbell River,British Columbia,Full Time,$23.60 - $25.85,1785429992,"{'name': 'The Home Depot Canada', 'key': 'hd', 'logo': '/build/images/static/logo.8eb14c19.png', 'icon': '/build/images/static/logo.8eb14c19.png'}",,https://homedepot.wd5.myworkdayjobs.com/CareerDepotCanada/job/CAMPBELL-RIVER-STORE---7221/Special-Services-Supervisor---Full-Time---CAMPBELL-RIVER_Req179999/apply?source=Careers.Homedepot.ca
Req188011,District Rental Technician,QC - Virtual,Virtual,Quebec,Full Time,,1785425842,"{'name': 'The Home Depot Canada', 'key': 'hd', 'logo': '/build/images/static/logo.8eb14c19.png', 'icon': '/build/images/static/logo.8eb14c19.png'}",,https://homedepot.wd5.myworkdayjobs.com/CareerDepotCanada/job/QUEBEC---VIRTUAL---QC01/District-Rental-Technician_Req188011/apply?source=Careers.Homedepot.ca
Req188709,Mobile Service Technician- Full Time Huntsville and North Bay,ON - Virtual,Virtual,Ontario,Full Time,,1785526654,"{'name': 'The Home Depot Canada', 'key': 'hd', 'logo': '/build/images/static/logo.8eb14c19.png', 'icon': '/build/images/static/logo.8eb14c19.png'}",,https://homedepot.wd5.myworkdayjobs.com/CareerDepotCanada/job/ONTARIO---VIRTUAL---ON01/Mobile-Service-Technician--Full-Time-Huntsville-and-North-Bay_Req188709/apply?source=Careers.Homedepot.ca
Req187128,"Lead Rental Technician : Orillia, Bracebridge & Huntsville",ON - Virtual,Virtual,Ontario,Full Time,,1785530272,"{'name': 'The Home Depot Canada', 'key': 'hd', 'logo': '/build/images/static/logo.8eb14c19.png', 'icon': '/build/images/static/logo.8eb14c19.png'}",,https://homedepot.wd5.myworkdayjobs.com/CareerDepotCanada/job/ONTARIO---VIRTUAL---ON01/Lead-Rental-Technician---Orillia--Bracebridge---Huntsville_Req187128/apply?source=Careers.Homedepot.ca
Req188705,Lead Rental Technician 6 Month Contract- GTA,ON - Virtual,Virtual,Ontario,Full Time,,1785530272,"{'name': 'The Home Depot Canada', 'key': 'hd', 'logo': '/build/images/static/logo.8eb14c19.png', 'icon': '/build/images/static/logo.8eb14c19.png'}",,https://homedepot.wd5.myworkdayjobs.com/CareerDepotCanada/job/ONTARIO---VIRTUAL---ON01/Lead-Rental-Technician-6-Month-Contract--GTA_Req188705-1/apply?source=Careers.Homedepot.ca
